/* Aseprite RGB565 export. Row-major: index = y * WIDTH + x. */
/* Tag arrays contain selected frames only; one loop, tag repeats ignored. */
/* Alpha=0 uses configured hex; partial alpha blends over black. */
#ifndef UNDYING_PLAYER_RGB565_H
#define UNDYING_PLAYER_RGB565_H
#include <stdint.h>

#define UNDYING_PLAYER_WIDTH 16
#define UNDYING_PLAYER_HEIGHT 16
#define UNDYING_PLAYER_PIXELS 256

/* Timeline frame 1 */
static const uint16_t undying_player_melee_front_1[] = {
    0x07E0, 0x07E0, 0x07E0, 0x07E0, 0x07E0, 0x0000, 0x0000, 0x0000, 0x0000, 0x0000, 0x0000, 0x07E0,
    0x07E0, 0x07E0, 0x07E0, 0x07E0, 0x07E0, 0x07E0, 0x07E0, 0x07E0, 0x0000, 0x632D, 0x632D, 0x632D,
    0x632D, 0x632D, 0x632D, 0x0000, 0x07E0, 0x07E0, 0x07E0, 0x07E0, 0x07E0, 0x07E0, 0x07E0, 0x0000,
    0x632D, 0x2841, 0x2841, 0x2841, 0x2841, 0x2841, 0x52AC, 0x632D, 0x0000, 0x07E0, 0x07E0, 0x07E0,
    0x07E0, 0x07E0, 0x07E0, 0x0000, 0x2967, 0x424A, 0x4882, 0x4A8B, 0x4A8B, 0x4882, 0x52AC, 0x424A,
    0x0000, 0x07E0, 0x07E0, 0x07E0, 0x07E0, 0x07E0, 0x07E0, 0x0000, 0x2967, 0x424A, 0x4882, 0x4A8B,
    0x4A8B, 0x4882, 0x52AC, 0x424A, 0x0000, 0x07E0, 0x07E0, 0x07E0, 0x07E0, 0x07E0, 0x0000, 0x0000,
    0x2105, 0x2905, 0x2105, 0x2905, 0x2126, 0x4882, 0x0000, 0x0000, 0x0000, 0x07E0, 0x07E0, 0x07E0,
    0x07E0, 0x0000, 0x7380, 0x0000, 0x0000, 0x0000, 0x0000, 0x0000, 0x0000, 0x0000, 0x0000, 0x0000,
    0x58E3, 0x0000, 0x07E0, 0x07E0, 0x0000, 0x0000, 0x0000, 0x58E3, 0x58E3, 0x0000, 0x2126, 0x2126,
    0x0000, 0x2126, 0x0000, 0x4882, 0x58E3, 0x58E3, 0x0000, 0x07E0, 0x0000, 0x5AC0, 0x0000, 0x58E3,
    0x4882, 0x4882, 0x0000, 0x0000, 0x8C71, 0x0000, 0x0000, 0x4882, 0x4882, 0x58E3, 0x58E3, 0x0000,
    0x0000, 0x0000, 0x0000, 0x4882, 0x4882, 0x4882, 0x0000, 0x9CF3, 0x8C71, 0x0000, 0x4882, 0x4882,
    0x4882, 0x4882, 0x4882, 0x0000, 0x07E0, 0x07E0, 0x0000, 0x4882, 0x4882, 0x0000, 0x9CF3, 0x8C71,
    0x0000, 0x0000, 0x4882, 0x4882, 0x4882, 0x4882, 0x4882, 0x0000, 0x07E0, 0x07E0, 0x07E0, 0x4A69,
    0x0000, 0x9CF3, 0x8C71, 0x0000, 0x18C4, 0x0000, 0x4882, 0x0000, 0x0000, 0x0000, 0x0000, 0x07E0,
    0x07E0, 0x07E0, 0x0000, 0x4A8B, 0x7380, 0x0000, 0x0000, 0x0000, 0x0000, 0x0000, 0x0000, 0x4123,
    0x3187, 0x4123, 0x07E0, 0x07E0, 0x07E0, 0x07E0, 0x0000, 0x4A8B, 0x0000, 0x4A69, 0x0000, 0x2105,
    0x2105, 0x2105, 0x3187, 0x0000, 0x4A69, 0x07E0, 0x07E0, 0x07E0, 0x07E0, 0x07E0, 0x07E0, 0x0000,
    0x0000, 0x2105, 0x2105, 0x07E0, 0x07E0, 0x2105, 0x2105, 0x0000, 0x9CF3, 0x07E0, 0x07E0, 0x07E0,
    0x07E0, 0x07E0, 0x07E0, 0x07E0, 0x07E0, 0x0000, 0x0000, 0x07E0, 0x07E0, 0x0000, 0x0000, 0x07E0,
    0x07E0, 0x07E0, 0x07E0, 0x07E0,
};

/* Timeline frame 2 */
static const uint16_t undying_player_melee_front_2[] = {
    0x07E0, 0x07E0, 0x07E0, 0x07E0, 0x07E0, 0x0000, 0x0000, 0x0000, 0x0000, 0x0000, 0x0000, 0x07E0,
    0x07E0, 0x07E0, 0x07E0, 0x07E0, 0x07E0, 0x07E0, 0x07E0, 0x07E0, 0x0000, 0x632D, 0x632D, 0x632D,
    0x632D, 0x632D, 0x632D, 0x0000, 0x07E0, 0x07E0, 0x07E0, 0x07E0, 0x07E0, 0x07E0, 0x07E0, 0x0000,
    0x632D, 0x2841, 0x2841, 0x2841, 0x2841, 0x2841, 0x52AC, 0x632D, 0x0000, 0x07E0, 0x07E0, 0x07E0,
    0x07E0, 0x07E0, 0x07E0, 0x0000, 0x2967, 0x424A, 0x4882, 0x4A8B, 0x4A8B, 0x4882, 0x52AC, 0x424A,
    0x0000, 0x07E0, 0x07E0, 0x07E0, 0x07E0, 0x07E0, 0x07E0, 0x0000, 0x2967, 0x424A, 0x4882, 0x0000,
    0x4A8B, 0x4882, 0x52AC, 0x424A, 0x0000, 0x07E0, 0x07E0, 0x07E0, 0x07E0, 0x07E0, 0x0000, 0x0000,
    0x2105, 0x2905, 0x0000, 0x8C71, 0x0000, 0x4882, 0x0000, 0x0000, 0x0000, 0x07E0, 0x07E0, 0x07E0,
    0x07E0, 0x0000, 0x7380, 0x0000, 0x0000, 0x0000, 0x0000, 0x9CF3, 0x0000, 0x0000, 0x0000, 0x0000,
    0x58E3, 0x0000, 0x07E0, 0x07E0, 0x0000, 0x0000, 0x0000, 0x58E3, 0x58E3, 0x0000, 0x9CF3, 0x8C71,
    0x0000, 0x2126, 0x0000, 0x4882, 0x58E3, 0x58E3, 0x0000, 0x07E0, 0x0000, 0x5AC0, 0x0000, 0x58E3,
    0x4882, 0x0000, 0x8C71, 0x0000, 0x2126, 0x0000, 0x0000, 0x4882, 0x4882, 0x58E3, 0x58E3, 0x0000,
    0x0000, 0x0000, 0x0000, 0x4882, 0x0000, 0x8C71, 0x9CF3, 0x0000, 0x2126, 0x0000, 0x4882, 0x4882,
    0x4882, 0x4882, 0x4882, 0x0000, 0x07E0, 0x07E0, 0x0000, 0x4882, 0x0000, 0x9CF3, 0x0000, 0x2126,
    0x2126, 0x0000, 0x4882, 0x4882, 0x4882, 0x4882, 0x4882, 0x0000, 0x07E0, 0x07E0, 0x0000, 0x4A69,
    0x7380, 0x0000, 0x2126, 0x2126, 0x18C4, 0x0000, 0x4882, 0x0000, 0x0000, 0x0000, 0x0000, 0x07E0,
    0x07E0, 0x07E0, 0x07E0, 0x07E0, 0x4A8B, 0x4A69, 0x0000, 0x0000, 0x0000, 0x0000, 0x0000, 0x4123,
    0x3187, 0x4123, 0x07E0, 0x07E0, 0x07E0, 0x07E0, 0x07E0, 0x07E0, 0x07E0, 0x0000, 0x0000, 0x2105,
    0x2105, 0x2105, 0x3187, 0x0000, 0x4A69, 0x07E0, 0x07E0, 0x07E0, 0x07E0, 0x07E0, 0x07E0, 0x07E0,
    0x07E0, 0x2105, 0x2105, 0x07E0, 0x07E0, 0x2105, 0x2105, 0x0000, 0x9CF3, 0x07E0, 0x07E0, 0x07E0,
    0x07E0, 0x07E0, 0x07E0, 0x07E0, 0x07E0, 0x0000, 0x0000, 0x07E0, 0x07E0, 0x0000, 0x0000, 0x07E0,
    0x07E0, 0x07E0, 0x07E0, 0x07E0,
};

/* Timeline frame 3 */
static const uint16_t undying_player_melee_front_3[] = {
    0x07E0, 0x07E0, 0x07E0, 0x07E0, 0x07E0, 0x0000, 0x0000, 0x0000, 0x0000, 0x0000, 0x0000, 0x07E0,
    0x07E0, 0x07E0, 0x07E0, 0x07E0, 0x07E0, 0x07E0, 0x07E0, 0x07E0, 0x0000, 0x632D, 0x632D, 0x632D,
    0x632D, 0x632D, 0x632D, 0x0000, 0x07E0, 0x07E0, 0x07E0, 0x07E0, 0x07E0, 0x07E0, 0x07E0, 0x0000,
    0x632D, 0x2841, 0x2841, 0x2841, 0x2841, 0x2841, 0x52AC, 0x632D, 0x0000, 0x07E0, 0x07E0, 0x07E0,
    0x0000, 0x0000, 0x07E0, 0x0000, 0x2967, 0x424A, 0x4882, 0x4A8B, 0x4A8B, 0x4882, 0x52AC, 0x424A,
    0x0000, 0x07E0, 0x07E0, 0x07E0, 0x8C71, 0x9CF3, 0x0000, 0x0000, 0x2967, 0x424A, 0x4882, 0x4A8B,
    0x4A8B, 0x4882, 0x52AC, 0x424A, 0x0000, 0x07E0, 0x07E0, 0x07E0, 0x0000, 0x0000, 0x8C71, 0x0000,
    0x2105, 0x2905, 0x2105, 0x2905, 0x2126, 0x4882, 0x0000, 0x0000, 0x0000, 0x07E0, 0x07E0, 0x07E0,
    0x07E0, 0x0000, 0x9CF3, 0x0000, 0x0000, 0x0000, 0x0000, 0x0000, 0x0000, 0x0000, 0x0000, 0x0000,
    0x58E3, 0x0000, 0x07E0, 0x07E0, 0x0000, 0x0000, 0x0000, 0x8C71, 0x0000, 0x4A69, 0x18C4, 0x2126,
    0x18C4, 0x2126, 0x0000, 0x4882, 0x58E3, 0x58E3, 0x0000, 0x07E0, 0x0000, 0x5AC0, 0x0000, 0x0000,
    0x7380, 0x0000, 0x0000, 0x2126, 0x18C4, 0x0000, 0x0000, 0x4882, 0x4882, 0x58E3, 0x58E3, 0x0000,
    0x0000, 0x0000, 0x0000, 0x4A69, 0x4A8B, 0x4882, 0x0000, 0x2126, 0x18C4, 0x0000, 0x4882, 0x4882,
    0x4882, 0x4882, 0x4882, 0x0000, 0x07E0, 0x07E0, 0x0000, 0x4882, 0x4A8B, 0x4882, 0x0000, 0x18C4,
    0x18C4, 0x0000, 0x4882, 0x4882, 0x4882, 0x4882, 0x4882, 0x0000, 0x07E0, 0x07E0, 0x07E0, 0x0000,
    0x4882, 0x4882, 0x0000, 0x18C4, 0x18C4, 0x0000, 0x4882, 0x0000, 0x0000, 0x0000, 0x0000, 0x07E0,
    0x07E0, 0x07E0, 0x07E0, 0x07E0, 0x0000, 0x0000, 0x0000, 0x0000, 0x0000, 0x0000, 0x0000, 0x4123,
    0x3187, 0x4123, 0x07E0, 0x07E0, 0x07E0, 0x07E0, 0x07E0, 0x07E0, 0x07E0, 0x0000, 0x0000, 0x2105,
    0x2105, 0x2105, 0x3187, 0x0000, 0x4A69, 0x07E0, 0x07E0, 0x07E0, 0x07E0, 0x07E0, 0x07E0, 0x07E0,
    0x07E0, 0x2105, 0x2105, 0x07E0, 0x07E0, 0x2105, 0x2105, 0x0000, 0x9CF3, 0x07E0, 0x07E0, 0x07E0,
    0x07E0, 0x07E0, 0x07E0, 0x07E0, 0x07E0, 0x0000, 0x0000, 0x07E0, 0x07E0, 0x0000, 0x0000, 0x07E0,
    0x07E0, 0x07E0, 0x07E0, 0x07E0,
};

/* Timeline frame 4 */
static const uint16_t undying_player_melee_front_4[] = {
    0x07E0, 0x07E0, 0x07E0, 0x07E0, 0x07E0, 0x0000, 0x0000, 0x0000, 0x0000, 0x0000, 0x0000, 0x07E0,
    0x07E0, 0x07E0, 0x07E0, 0x07E0, 0x07E0, 0x07E0, 0x73AE, 0x39C7, 0x39C7, 0x632D, 0x632D, 0x632D,
    0x632D, 0x632D, 0x632D, 0x0000, 0x07E0, 0x07E0, 0x07E0, 0x07E0, 0x07E0, 0x07E0, 0x73AE, 0x5AEB,
    0x5AEB, 0x39C7, 0x39C7, 0x2841, 0x2841, 0x2841, 0x52AC, 0x632D, 0x0000, 0x07E0, 0x07E0, 0x07E0,
    0x07E0, 0x07E0, 0x73AE, 0x73AE, 0x73AE, 0x5AEB, 0x5AEB, 0x39C7, 0x4A8B, 0x4882, 0x52AC, 0x424A,
    0x0000, 0x07E0, 0x07E0, 0x07E0, 0x07E0, 0x07E0, 0x07E0, 0x0000, 0x73AE, 0x73AE, 0x5AEB, 0x0000,
    0x4A8B, 0x4882, 0x52AC, 0x424A, 0x0000, 0x07E0, 0x07E0, 0x07E0, 0x07E0, 0x07E0, 0x0000, 0x0000,
    0x73AE, 0x73AE, 0x0000, 0x8C71, 0x0000, 0x4882, 0x0000, 0x0000, 0x0000, 0x07E0, 0x07E0, 0x07E0,
    0x07E0, 0x0000, 0x7380, 0x0000, 0x0000, 0x0000, 0x0000, 0x9CF3, 0x0000, 0x0000, 0x0000, 0x0000,
    0x58E3, 0x0000, 0x07E0, 0x07E0, 0x0000, 0x0000, 0x0000, 0x58E3, 0x58E3, 0x0000, 0x9CF3, 0x8C71,
    0x0000, 0x2126, 0x0000, 0x4882, 0x58E3, 0x58E3, 0x0000, 0x07E0, 0x0000, 0x5AC0, 0x0000, 0x58E3,
    0x4882, 0x0000, 0x8C71, 0x0000, 0x2126, 0x0000, 0x0000, 0x4882, 0x4882, 0x58E3, 0x58E3, 0x0000,
    0x0000, 0x0000, 0x0000, 0x4882, 0x0000, 0x8C71, 0x9CF3, 0x0000, 0x2126, 0x0000, 0x4882, 0x4882,
    0x4882, 0x4882, 0x4882, 0x0000, 0x07E0, 0x07E0, 0x0000, 0x4882, 0x0000, 0x9CF3, 0x0000, 0x2126,
    0x2126, 0x0000, 0x4882, 0x4882, 0x4882, 0x4882, 0x4882, 0x0000, 0x07E0, 0x07E0, 0x0000, 0x4A69,
    0x7380, 0x0000, 0x2126, 0x2126, 0x18C4, 0x0000, 0x4882, 0x0000, 0x0000, 0x0000, 0x0000, 0x07E0,
    0x07E0, 0x07E0, 0x07E0, 0x07E0, 0x4A8B, 0x4A69, 0x0000, 0x0000, 0x0000, 0x0000, 0x0000, 0x4123,
    0x3187, 0x4123, 0x07E0, 0x07E0, 0x07E0, 0x07E0, 0x07E0, 0x07E0, 0x07E0, 0x0000, 0x0000, 0x2105,
    0x2105, 0x2105, 0x3187, 0x0000, 0x4A69, 0x07E0, 0x07E0, 0x07E0, 0x07E0, 0x07E0, 0x07E0, 0x07E0,
    0x07E0, 0x2105, 0x2105, 0x07E0, 0x07E0, 0x2105, 0x2105, 0x0000, 0x9CF3, 0x07E0, 0x07E0, 0x07E0,
    0x07E0, 0x07E0, 0x07E0, 0x07E0, 0x07E0, 0x0000, 0x0000, 0x07E0, 0x07E0, 0x0000, 0x0000, 0x07E0,
    0x07E0, 0x07E0, 0x07E0, 0x07E0,
};

/* Timeline frame 5 */
static const uint16_t undying_player_melee_front_5[] = {
    0x07E0, 0x07E0, 0x07E0, 0x07E0, 0x07E0, 0x0000, 0x0000, 0x0000, 0x0000, 0x0000, 0x0000, 0x07E0,
    0x07E0, 0x07E0, 0x07E0, 0x07E0, 0x07E0, 0x07E0, 0x07E0, 0x07E0, 0x0000, 0x632D, 0x632D, 0x632D,
    0x632D, 0x632D, 0x632D, 0x0000, 0x07E0, 0x07E0, 0x07E0, 0x07E0, 0x07E0, 0x07E0, 0x07E0, 0x0000,
    0x39C7, 0x2841, 0x2841, 0x2841, 0x2841, 0x2841, 0x52AC, 0x632D, 0x0000, 0x07E0, 0x07E0, 0x07E0,
    0x07E0, 0x07E0, 0x07E0, 0x73AE, 0x5AEB, 0x39C7, 0x4882, 0x4A8B, 0x4A8B, 0x4882, 0x52AC, 0x424A,
    0x0000, 0x07E0, 0x07E0, 0x07E0, 0x07E0, 0x07E0, 0x07E0, 0x73AE, 0x73AE, 0x5AEB, 0x39C7, 0x4A8B,
    0x4A8B, 0x4882, 0x52AC, 0x424A, 0x0000, 0x07E0, 0x07E0, 0x07E0, 0x07E0, 0x07E0, 0x0000, 0x73AE,
    0x73AE, 0x73AE, 0x5AEB, 0x39C7, 0x2126, 0x4882, 0x0000, 0x0000, 0x0000, 0x07E0, 0x07E0, 0x07E0,
    0x07E0, 0x0000, 0x7380, 0x0000, 0x73AE, 0x73AE, 0x73AE, 0x5AEB, 0x39C7, 0x0000, 0x0000, 0x0000,
    0x58E3, 0x0000, 0x07E0, 0x07E0, 0x0000, 0x0000, 0x0000, 0x58E3, 0x58E3, 0x73AE, 0x73AE, 0x5AEB,
    0x0000, 0x2126, 0x0000, 0x4882, 0x58E3, 0x58E3, 0x0000, 0x07E0, 0x0000, 0x5AC0, 0x0000, 0x58E3,
    0x4882, 0x4882, 0x73AE, 0x0000, 0x8C71, 0x0000, 0x0000, 0x4882, 0x4882, 0x58E3, 0x58E3, 0x0000,
    0x0000, 0x0000, 0x0000, 0x4882, 0x4882, 0x4882, 0x0000, 0x9CF3, 0x8C71, 0x0000, 0x4882, 0x4882,
    0x4882, 0x4882, 0x4882, 0x0000, 0x07E0, 0x07E0, 0x0000, 0x4882, 0x4882, 0x0000, 0x9CF3, 0x8C71,
    0x0000, 0x0000, 0x4882, 0x4882, 0x4882, 0x4882, 0x4882, 0x0000, 0x07E0, 0x07E0, 0x07E0, 0x4A69,
    0x0000, 0x9CF3, 0x8C71, 0x0000, 0x18C4, 0x0000, 0x4882, 0x0000, 0x0000, 0x0000, 0x0000, 0x07E0,
    0x07E0, 0x07E0, 0x0000, 0x4A8B, 0x7380, 0x0000, 0x0000, 0x0000, 0x0000, 0x0000, 0x0000, 0x4123,
    0x3187, 0x4123, 0x07E0, 0x07E0, 0x07E0, 0x07E0, 0x0000, 0x4A8B, 0x0000, 0x4A69, 0x0000, 0x2105,
    0x2105, 0x2105, 0x3187, 0x0000, 0x4A69, 0x07E0, 0x07E0, 0x07E0, 0x07E0, 0x07E0, 0x07E0, 0x0000,
    0x0000, 0x2105, 0x2105, 0x07E0, 0x07E0, 0x2105, 0x2105, 0x0000, 0x9CF3, 0x07E0, 0x07E0, 0x07E0,
    0x07E0, 0x07E0, 0x07E0, 0x07E0, 0x07E0, 0x0000, 0x0000, 0x07E0, 0x07E0, 0x0000, 0x0000, 0x07E0,
    0x07E0, 0x07E0, 0x07E0, 0x07E0,
};

/* Timeline frame 6 */
static const uint16_t undying_player_range_front_1[] = {
    0x07E0, 0x07E0, 0x07E0, 0x07E0, 0x07E0, 0x0000, 0x0000, 0x0000, 0x0000, 0x0000, 0x0000, 0x07E0,
    0x07E0, 0x07E0, 0x07E0, 0x07E0, 0x07E0, 0x07E0, 0x07E0, 0x07E0, 0x0000, 0x632D, 0x632D, 0x632D,
    0x632D, 0x632D, 0x632D, 0x0000, 0x07E0, 0x07E0, 0x07E0, 0x07E0, 0x07E0, 0x07E0, 0x07E0, 0x0000,
    0x632D, 0x2841, 0x2841, 0x2841, 0x2841, 0x2841, 0x52AC, 0x632D, 0x0000, 0x07E0, 0x07E0, 0x07E0,
    0x07E0, 0x07E0, 0x07E0, 0x0000, 0x2967, 0x424A, 0x4882, 0x4A8B, 0x4A8B, 0x4882, 0x52AC, 0x424A,
    0x0000, 0x07E0, 0x07E0, 0x07E0, 0x07E0, 0x07E0, 0x07E0, 0x0000, 0x2967, 0x424A, 0x4882, 0x4A8B,
    0x4A8B, 0x4882, 0x52AC, 0x424A, 0x0000, 0x07E0, 0x07E0, 0x07E0, 0x07E0, 0x07E0, 0x0000, 0x0000,
    0x2105, 0x2905, 0x2105, 0x2905, 0x2126, 0x4882, 0x0000, 0x0000, 0x0000, 0x07E0, 0x07E0, 0x07E0,
    0x07E0, 0x0000, 0x7380, 0x0000, 0x0000, 0x0000, 0x0000, 0x0000, 0x0000, 0x0000, 0x0000, 0x0000,
    0x58E3, 0x0000, 0x07E0, 0x07E0, 0x0000, 0x0000, 0x0000, 0x58E3, 0x58E3, 0x0000, 0x2126, 0x2126,
    0x0000, 0x2126, 0x0000, 0x4882, 0x58E3, 0x58E3, 0x0000, 0x07E0, 0x0000, 0x5AC0, 0x0000, 0x58E3,
    0x4882, 0x4882, 0x0000, 0x0000, 0x8C71, 0x0000, 0x0000, 0x4882, 0x4882, 0x58E3, 0x58E3, 0x0000,
    0x0000, 0x0000, 0x0000, 0x4882, 0x4882, 0x4882, 0x0000, 0x9CF3, 0x8C71, 0x0000, 0x4882, 0x4882,
    0x4882, 0x4882, 0x4882, 0x0000, 0x07E0, 0x07E0, 0x0000, 0x4882, 0x4882, 0x0000, 0x9CF3, 0x8C71,
    0x0000, 0x0000, 0x4882, 0x4882, 0x4882, 0x4882, 0x4882, 0x0000, 0x07E0, 0x07E0, 0x07E0, 0x4A69,
    0x0000, 0x9CF3, 0x8C71, 0x0000, 0x18C4, 0x0000, 0x4882, 0x0000, 0x0000, 0x0000, 0x0000, 0x07E0,
    0x07E0, 0x07E0, 0x0000, 0x4A8B, 0x7380, 0x0000, 0x0000, 0x0000, 0x0000, 0x0000, 0x0000, 0x4123,
    0x3187, 0x4123, 0x07E0, 0x07E0, 0x07E0, 0x07E0, 0x0000, 0x4A8B, 0x0000, 0x4A69, 0x0000, 0x2105,
    0x2105, 0x2105, 0x3187, 0x0000, 0x4A69, 0x07E0, 0x07E0, 0x07E0, 0x07E0, 0x07E0, 0x07E0, 0x0000,
    0x0000, 0x2105, 0x2105, 0x07E0, 0x07E0, 0x2105, 0x2105, 0x0000, 0x9CF3, 0x07E0, 0x07E0, 0x07E0,
    0x07E0, 0x07E0, 0x07E0, 0x07E0, 0x07E0, 0x0000, 0x0000, 0x07E0, 0x07E0, 0x0000, 0x0000, 0x07E0,
    0x07E0, 0x07E0, 0x07E0, 0x07E0,
};

/* Timeline frame 7 */
static const uint16_t undying_player_range_front_2[] = {
    0x07E0, 0x07E0, 0x07E0, 0x07E0, 0x07E0, 0x0000, 0x0000, 0x0000, 0x0000, 0x0000, 0x0000, 0x07E0,
    0x07E0, 0x07E0, 0x07E0, 0x07E0, 0x07E0, 0x07E0, 0x07E0, 0x07E0, 0x0000, 0x632D, 0x632D, 0x632D,
    0x632D, 0x632D, 0x632D, 0x0000, 0x07E0, 0x07E0, 0x07E0, 0x07E0, 0x07E0, 0x07E0, 0x07E0, 0x0000,
    0x632D, 0x2841, 0x2841, 0x2841, 0x2841, 0x2841, 0x52AC, 0x632D, 0x0000, 0x07E0, 0x07E0, 0x07E0,
    0x07E0, 0x07E0, 0x07E0, 0x0000, 0x2967, 0x424A, 0x4882, 0x4A8B, 0x4A8B, 0x4882, 0x52AC, 0x424A,
    0x0000, 0x07E0, 0x07E0, 0x07E0, 0x07E0, 0x07E0, 0x07E0, 0x0000, 0x2967, 0x424A, 0x4882, 0x4A8B,
    0x4A8B, 0x4882, 0x52AC, 0x424A, 0x0000, 0x07E0, 0x07E0, 0x07E0, 0x07E0, 0x07E0, 0x0000, 0x0000,
    0x2105, 0x2905, 0x2105, 0x2905, 0x2126, 0x4882, 0x0000, 0x0000, 0x0000, 0x07E0, 0x07E0, 0x07E0,
    0x07E0, 0x0000, 0x7380, 0x0000, 0x0000, 0x0000, 0x0000, 0x0000, 0x0000, 0x0000, 0x0000, 0x0000,
    0x58E3, 0x0000, 0x07E0, 0x07E0, 0x0000, 0x0000, 0x0000, 0x58E3, 0x58E3, 0x0000, 0x2126, 0x2126,
    0x0000, 0x2126, 0x0000, 0x4882, 0x58E3, 0x58E3, 0x0000, 0x07E0, 0x0000, 0x5AC0, 0x0000, 0x58E3,
    0x4882, 0x4882, 0x0000, 0x0000, 0x8C71, 0x2126, 0x2126, 0x0000, 0x4882, 0x58E3, 0x58E3, 0x0000,
    0x0000, 0x0000, 0x0000, 0x4882, 0x4882, 0x4882, 0x0000, 0x9CF3, 0x8C71, 0x2126, 0x2126, 0x0000,
    0x4882, 0x4882, 0x4882, 0x0000, 0x07E0, 0x07E0, 0x0000, 0x4882, 0x4882, 0x0000, 0x9CF3, 0x8C71,
    0x0000, 0x5184, 0x2126, 0x0000, 0x3187, 0x4882, 0x4882, 0x5184, 0x07E0, 0x07E0, 0x07E0, 0x4A69,
    0x0000, 0x9CF3, 0x8C71, 0x0000, 0x2126, 0x2126, 0x5184, 0x4123, 0x4228, 0x4123, 0x5184, 0x0000,
    0x07E0, 0x07E0, 0x0000, 0x4A8B, 0x7380, 0x0000, 0x0000, 0x0000, 0x0000, 0x18C4, 0x18C4, 0x0000,
    0x9CF3, 0x4882, 0x0000, 0x07E0, 0x07E0, 0x07E0, 0x0000, 0x4A8B, 0x0000, 0x4A69, 0x0000, 0x2105,
    0x2105, 0x2126, 0x3187, 0x0000, 0x0000, 0x0000, 0x07E0, 0x07E0, 0x07E0, 0x07E0, 0x07E0, 0x0000,
    0x0000, 0x2105, 0x2105, 0x07E0, 0x07E0, 0x2105, 0x2105, 0x0000, 0x07E0, 0x07E0, 0x07E0, 0x07E0,
    0x07E0, 0x07E0, 0x07E0, 0x07E0, 0x07E0, 0x0000, 0x0000, 0x07E0, 0x07E0, 0x0000, 0x0000, 0x07E0,
    0x07E0, 0x07E0, 0x07E0, 0x07E0,
};

/* Timeline frame 8 */
static const uint16_t undying_player_range_front_3[] = {
    0x07E0, 0x07E0, 0x07E0, 0x07E0, 0x07E0, 0x0000, 0x0000, 0x0000, 0x0000, 0x0000, 0x0000, 0x07E0,
    0x07E0, 0x07E0, 0x07E0, 0x07E0, 0x07E0, 0x07E0, 0x07E0, 0x07E0, 0x0000, 0x632D, 0x632D, 0x632D,
    0x632D, 0x632D, 0x632D, 0x0000, 0x07E0, 0x07E0, 0x07E0, 0x07E0, 0x07E0, 0x07E0, 0x07E0, 0x0000,
    0x632D, 0x2841, 0x2841, 0x2841, 0x2841, 0x2841, 0x52AC, 0x632D, 0x0000, 0x07E0, 0x07E0, 0x07E0,
    0x07E0, 0x07E0, 0x07E0, 0x0000, 0x2967, 0x424A, 0x4882, 0x4A8B, 0x4A8B, 0x4882, 0x52AC, 0x424A,
    0x0000, 0x07E0, 0x07E0, 0x07E0, 0x07E0, 0x07E0, 0x07E0, 0x0000, 0x2967, 0x424A, 0x4882, 0x4A8B,
    0x4A8B, 0x4882, 0x52AC, 0x424A, 0x0000, 0x07E0, 0x07E0, 0x07E0, 0x07E0, 0x07E0, 0x0000, 0x0000,
    0x2105, 0x2905, 0x2105, 0x2905, 0x2126, 0x4882, 0x0000, 0x0000, 0x0000, 0x07E0, 0x07E0, 0x07E0,
    0x07E0, 0x0000, 0x7380, 0x0000, 0x0000, 0x0000, 0x0000, 0x0000, 0x0000, 0x0000, 0x0000, 0x0000,
    0x58E3, 0x0000, 0x07E0, 0x07E0, 0x0000, 0x0000, 0x0000, 0x58E3, 0x58E3, 0x0000, 0x2126, 0x2126,
    0x0000, 0x2126, 0x0000, 0x4882, 0x58E3, 0x58E3, 0x0000, 0x07E0, 0x0000, 0x5AC0, 0x0000, 0x58E3,
    0x4882, 0x4882, 0x0000, 0x0000, 0x8C71, 0x2126, 0x2126, 0x0000, 0x4882, 0x58E3, 0x58E3, 0x0000,
    0x0000, 0x0000, 0x0000, 0x4882, 0x4882, 0x4882, 0x0000, 0x9CF3, 0x8C71, 0x4123, 0x2126, 0x0000,
    0xBE17, 0x4882, 0x4882, 0x4123, 0x07E0, 0x07E0, 0x0000, 0x4882, 0x4882, 0x0000, 0x9CF3, 0x8C71,
    0x0000, 0x2126, 0x59A4, 0x59A4, 0x4A8B, 0x59A4, 0x59A4, 0x0000, 0x07E0, 0x07E0, 0x07E0, 0x4A69,
    0x0000, 0x9CF3, 0x8C71, 0x0000, 0x2126, 0x2126, 0x2126, 0x0000, 0x0000, 0x4882, 0x4882, 0x0000,
    0x07E0, 0x07E0, 0x0000, 0x4A8B, 0x7380, 0x0000, 0x0000, 0x0000, 0x0000, 0x18C4, 0x18C4, 0x0000,
    0x0000, 0x4882, 0x0000, 0x07E0, 0x07E0, 0x07E0, 0x0000, 0x4A8B, 0x0000, 0x4A69, 0x0000, 0x2105,
    0x2105, 0x2126, 0x3187, 0x0000, 0x0000, 0x0000, 0x07E0, 0x07E0, 0x07E0, 0x07E0, 0x07E0, 0x0000,
    0x0000, 0x2105, 0x2105, 0x07E0, 0x07E0, 0x2105, 0x2105, 0x0000, 0x07E0, 0x07E0, 0x07E0, 0x07E0,
    0x07E0, 0x07E0, 0x07E0, 0x07E0, 0x07E0, 0x0000, 0x0000, 0x07E0, 0x07E0, 0x0000, 0x0000, 0x07E0,
    0x07E0, 0x07E0, 0x07E0, 0x07E0,
};

/* Timeline frame 9 */
static const uint16_t undying_player_range_front_4[] = {
    0x07E0, 0x07E0, 0x07E0, 0x07E0, 0x07E0, 0x0000, 0x0000, 0x0000, 0x0000, 0x0000, 0x0000, 0x07E0,
    0x07E0, 0x07E0, 0x07E0, 0x07E0, 0x07E0, 0x07E0, 0x07E0, 0x07E0, 0x0000, 0x632D, 0x632D, 0x632D,
    0x632D, 0x632D, 0x632D, 0x0000, 0x07E0, 0x07E0, 0x07E0, 0x07E0, 0x07E0, 0x07E0, 0x07E0, 0x0000,
    0x632D, 0x2841, 0x2841, 0x2841, 0x2841, 0x2841, 0x52AC, 0x632D, 0x0000, 0x07E0, 0x07E0, 0x07E0,
    0x07E0, 0x07E0, 0x07E0, 0x0000, 0x2967, 0x424A, 0x4882, 0x4A8B, 0x4A8B, 0x4882, 0x52AC, 0x424A,
    0x0000, 0x07E0, 0x07E0, 0x07E0, 0x07E0, 0x07E0, 0x07E0, 0x0000, 0x2967, 0x424A, 0x4882, 0x4A8B,
    0x4A8B, 0x4882, 0x52AC, 0x424A, 0x0000, 0x07E0, 0x07E0, 0x07E0, 0x07E0, 0x07E0, 0x0000, 0x0000,
    0x2105, 0x2905, 0x2105, 0x2905, 0x2126, 0x4882, 0x0000, 0x0000, 0x0000, 0x07E0, 0x07E0, 0x07E0,
    0x07E0, 0x0000, 0x7380, 0x0000, 0x0000, 0x0000, 0x0000, 0x0000, 0x0000, 0x0000, 0x0000, 0x0000,
    0x58E3, 0x0000, 0x07E0, 0x07E0, 0x0000, 0x0000, 0x0000, 0x58E3, 0x58E3, 0x0000, 0x2126, 0x2126,
    0x0000, 0x2126, 0x0000, 0x4882, 0x58E3, 0x58E3, 0x0000, 0x07E0, 0x0000, 0x5AC0, 0x0000, 0x58E3,
    0x4882, 0x4882, 0x0000, 0x0000, 0x8C71, 0x2126, 0x2126, 0x0000, 0x4882, 0x58E3, 0x58E3, 0x0000,
    0x0000, 0x0000, 0x0000, 0x4882, 0x4882, 0x4882, 0x0000, 0x9CF3, 0x8C71, 0x2126, 0x2126, 0x0000,
    0x4882, 0x4882, 0x4882, 0x0000, 0x07E0, 0x07E0, 0x0000, 0x4882, 0x4882, 0x0000, 0x9CF3, 0x8C71,
    0x0000, 0x5184, 0x2126, 0x0000, 0x3187, 0x4882, 0x4882, 0x5184, 0x07E0, 0x07E0, 0x07E0, 0x4A69,
    0x0000, 0x9CF3, 0x8C71, 0x0000, 0x2126, 0x2126, 0x5184, 0x4123, 0x4228, 0x4123, 0x5184, 0x0000,
    0x07E0, 0x07E0, 0x0000, 0x4A8B, 0x7380, 0x0000, 0x0000, 0x0000, 0x0000, 0x18C4, 0x18C4, 0x0000,
    0x9CF3, 0x4882, 0x0000, 0x07E0, 0x07E0, 0x07E0, 0x0000, 0x4A8B, 0x0000, 0x4A69, 0x0000, 0x2105,
    0x2105, 0x2126, 0x3187, 0x0000, 0x0000, 0x0000, 0x07E0, 0x07E0, 0x07E0, 0x07E0, 0x07E0, 0x0000,
    0x0000, 0x2105, 0x2105, 0x07E0, 0x07E0, 0x2105, 0x2105, 0x0000, 0x07E0, 0x07E0, 0x07E0, 0x07E0,
    0x07E0, 0x07E0, 0x07E0, 0x07E0, 0x07E0, 0x0000, 0x0000, 0x07E0, 0x07E0, 0x0000, 0x0000, 0x07E0,
    0x07E0, 0x07E0, 0x07E0, 0x07E0,
};

/* Timeline frame 10 */
static const uint16_t undying_player_range_front_5[] = {
    0x07E0, 0x07E0, 0x07E0, 0x07E0, 0x07E0, 0x0000, 0x0000, 0x0000, 0x0000, 0x0000, 0x0000, 0x07E0,
    0x07E0, 0x07E0, 0x07E0, 0x07E0, 0x07E0, 0x07E0, 0x07E0, 0x07E0, 0x0000, 0x632D, 0x632D, 0x632D,
    0x632D, 0x632D, 0x632D, 0x0000, 0x07E0, 0x07E0, 0x07E0, 0x07E0, 0x07E0, 0x07E0, 0x07E0, 0x0000,
    0x632D, 0x2841, 0x2841, 0x2841, 0x2841, 0x2841, 0x52AC, 0x632D, 0x0000, 0x07E0, 0x07E0, 0x07E0,
    0x07E0, 0x07E0, 0x07E0, 0x0000, 0x2967, 0x424A, 0x4882, 0x4A8B, 0x4A8B, 0x4882, 0x52AC, 0x424A,
    0x0000, 0x07E0, 0x07E0, 0x07E0, 0x07E0, 0x07E0, 0x07E0, 0x0000, 0x2967, 0x424A, 0x4882, 0x4A8B,
    0x4A8B, 0x4882, 0x52AC, 0x424A, 0x0000, 0x07E0, 0x07E0, 0x07E0, 0x07E0, 0x07E0, 0x0000, 0x0000,
    0x2105, 0x2905, 0x2105, 0x2905, 0x2126, 0x4882, 0x0000, 0x0000, 0x0000, 0x07E0, 0x07E0, 0x07E0,
    0x07E0, 0x0000, 0x7380, 0x0000, 0x0000, 0x0000, 0x0000, 0x0000, 0x0000, 0x0000, 0x0000, 0x0000,
    0x58E3, 0x0000, 0x07E0, 0x07E0, 0x0000, 0x0000, 0x0000, 0x58E3, 0x58E3, 0x0000, 0x2126, 0x2126,
    0x0000, 0x2126, 0x0000, 0x4882, 0x58E3, 0x58E3, 0x0000, 0x07E0, 0x0000, 0x5AC0, 0x0000, 0x58E3,
    0x4882, 0x4882, 0x0000, 0x0000, 0x8C71, 0x0000, 0x0000, 0x4882, 0x4882, 0x58E3, 0x58E3, 0x0000,
    0x0000, 0x0000, 0x0000, 0x4882, 0x4882, 0x4882, 0x0000, 0x9CF3, 0x8C71, 0x0000, 0x4882, 0x4882,
    0x4882, 0x4882, 0x4882, 0x0000, 0x07E0, 0x07E0, 0x0000, 0x4882, 0x4882, 0x0000, 0x9CF3, 0x8C71,
    0x0000, 0x0000, 0x4882, 0x4882, 0x4882, 0x4882, 0x4882, 0x0000, 0x07E0, 0x07E0, 0x07E0, 0x4A69,
    0x0000, 0x9CF3, 0x8C71, 0x0000, 0x18C4, 0x0000, 0x4882, 0x0000, 0x0000, 0x0000, 0x0000, 0x07E0,
    0x07E0, 0x07E0, 0x0000, 0x4A8B, 0x7380, 0x0000, 0x0000, 0x0000, 0x0000, 0x0000, 0x0000, 0x4123,
    0x3187, 0x4123, 0x07E0, 0x07E0, 0x07E0, 0x07E0, 0x0000, 0x4A8B, 0x0000, 0x4A69, 0x0000, 0x2105,
    0x2105, 0x2105, 0x3187, 0x0000, 0x4A69, 0x07E0, 0x07E0, 0x07E0, 0x07E0, 0x07E0, 0x07E0, 0x0000,
    0x0000, 0x2105, 0x2105, 0x07E0, 0x07E0, 0x2105, 0x2105, 0x0000, 0x9CF3, 0x07E0, 0x07E0, 0x07E0,
    0x07E0, 0x07E0, 0x07E0, 0x07E0, 0x07E0, 0x0000, 0x0000, 0x07E0, 0x07E0, 0x0000, 0x0000, 0x07E0,
    0x07E0, 0x07E0, 0x07E0, 0x07E0,
};

/* Timeline frame 11 */
static const uint16_t undying_player_idle_front_1[] = {
    0x07E0, 0x07E0, 0x07E0, 0x07E0, 0x07E0, 0x0000, 0x0000, 0x0000, 0x0000, 0x0000, 0x0000, 0x07E0,
    0x07E0, 0x07E0, 0x07E0, 0x07E0, 0x07E0, 0x07E0, 0x07E0, 0x07E0, 0x0000, 0x632D, 0x632D, 0x632D,
    0x632D, 0x632D, 0x632D, 0x0000, 0x07E0, 0x07E0, 0x07E0, 0x07E0, 0x07E0, 0x07E0, 0x07E0, 0x0000,
    0x632D, 0x2841, 0x2841, 0x2841, 0x2841, 0x2841, 0x52AC, 0x632D, 0x0000, 0x07E0, 0x07E0, 0x07E0,
    0x07E0, 0x07E0, 0x07E0, 0x0000, 0x2967, 0x424A, 0x4882, 0x4A8B, 0x4A8B, 0x4882, 0x52AC, 0x424A,
    0x0000, 0x07E0, 0x07E0, 0x07E0, 0x07E0, 0x07E0, 0x07E0, 0x0000, 0x2967, 0x424A, 0x4882, 0x4A8B,
    0x4A8B, 0x4882, 0x52AC, 0x424A, 0x0000, 0x07E0, 0x07E0, 0x07E0, 0x07E0, 0x07E0, 0x0000, 0x0000,
    0x2105, 0x2905, 0x2105, 0x2905, 0x2126, 0x4882, 0x0000, 0x0000, 0x0000, 0x07E0, 0x07E0, 0x07E0,
    0x07E0, 0x0000, 0x7380, 0x0000, 0x0000, 0x0000, 0x0000, 0x0000, 0x0000, 0x0000, 0x0000, 0x0000,
    0x58E3, 0x0000, 0x07E0, 0x07E0, 0x0000, 0x0000, 0x0000, 0x58E3, 0x58E3, 0x0000, 0x2126, 0x2126,
    0x0000, 0x2126, 0x0000, 0x4882, 0x58E3, 0x58E3, 0x0000, 0x07E0, 0x0000, 0x5AC0, 0x0000, 0x58E3,
    0x4882, 0x4882, 0x0000, 0x0000, 0x8C71, 0x0000, 0x0000, 0x4882, 0x4882, 0x58E3, 0x58E3, 0x0000,
    0x0000, 0x0000, 0x0000, 0x4882, 0x4882, 0x4882, 0x0000, 0x9CF3, 0x8C71, 0x0000, 0x4882, 0x4882,
    0x4882, 0x4882, 0x4882, 0x0000, 0x07E0, 0x07E0, 0x0000, 0x4882, 0x4882, 0x0000, 0x9CF3, 0x8C71,
    0x0000, 0x0000, 0x4882, 0x4882, 0x4882, 0x4882, 0x4882, 0x0000, 0x07E0, 0x07E0, 0x07E0, 0x4A69,
    0x0000, 0x9CF3, 0x8C71, 0x0000, 0x18C4, 0x0000, 0x4882, 0x0000, 0x0000, 0x0000, 0x0000, 0x07E0,
    0x07E0, 0x07E0, 0x0000, 0x4A8B, 0x7380, 0x0000, 0x0000, 0x0000, 0x0000, 0x0000, 0x0000, 0x4123,
    0x3187, 0x4123, 0x07E0, 0x07E0, 0x07E0, 0x07E0, 0x0000, 0x4A8B, 0x0000, 0x4A69, 0x0000, 0x2105,
    0x2105, 0x2105, 0x3187, 0x0000, 0x4A69, 0x07E0, 0x07E0, 0x07E0, 0x07E0, 0x07E0, 0x07E0, 0x0000,
    0x0000, 0x2105, 0x2105, 0x07E0, 0x07E0, 0x2105, 0x2105, 0x0000, 0x9CF3, 0x07E0, 0x07E0, 0x07E0,
    0x07E0, 0x07E0, 0x07E0, 0x07E0, 0x07E0, 0x0000, 0x0000, 0x07E0, 0x07E0, 0x0000, 0x0000, 0x07E0,
    0x07E0, 0x07E0, 0x07E0, 0x07E0,
};

/* Timeline frame 12 */
static const uint16_t undying_player_walk_front_1[] = {
    0x07E0, 0x07E0, 0x07E0, 0x07E0, 0x07E0, 0x0000, 0x0000, 0x0000, 0x0000, 0x0000, 0x0000, 0x07E0,
    0x07E0, 0x07E0, 0x07E0, 0x07E0, 0x07E0, 0x07E0, 0x07E0, 0x07E0, 0x0000, 0x632D, 0x632D, 0x632D,
    0x632D, 0x632D, 0x632D, 0x0000, 0x07E0, 0x07E0, 0x07E0, 0x07E0, 0x07E0, 0x07E0, 0x07E0, 0x0000,
    0x632D, 0x2841, 0x2841, 0x2841, 0x2841, 0x2841, 0x52AC, 0x632D, 0x0000, 0x07E0, 0x07E0, 0x07E0,
    0x07E0, 0x07E0, 0x07E0, 0x0000, 0x2967, 0x424A, 0x4882, 0x4A8B, 0x4A8B, 0x4882, 0x52AC, 0x424A,
    0x0000, 0x07E0, 0x07E0, 0x07E0, 0x07E0, 0x07E0, 0x07E0, 0x0000, 0x2967, 0x424A, 0x4882, 0x4A8B,
    0x4A8B, 0x4882, 0x52AC, 0x424A, 0x0000, 0x07E0, 0x07E0, 0x07E0, 0x07E0, 0x07E0, 0x0000, 0x0000,
    0x2105, 0x2905, 0x2105, 0x2905, 0x2126, 0x4882, 0x0000, 0x0000, 0x0000, 0x07E0, 0x07E0, 0x07E0,
    0x07E0, 0x0000, 0x7380, 0x0000, 0x0000, 0x0000, 0x0000, 0x0000, 0x0000, 0x0000, 0x0000, 0x0000,
    0x58E3, 0x0000, 0x07E0, 0x07E0, 0x0000, 0x0000, 0x0000, 0x58E3, 0x58E3, 0x0000, 0x2126, 0x2126,
    0x0000, 0x2126, 0x0000, 0x4882, 0x58E3, 0x58E3, 0x0000, 0x07E0, 0x0000, 0x5AC0, 0x0000, 0x58E3,
    0x4882, 0x4882, 0x0000, 0x0000, 0x8C71, 0x0000, 0x0000, 0x4882, 0x4882, 0x58E3, 0x58E3, 0x0000,
    0x0000, 0x0000, 0x0000, 0x4882, 0x4882, 0x4882, 0x0000, 0x9CF3, 0x8C71, 0x0000, 0x4882, 0x4882,
    0x4882, 0x4882, 0x4882, 0x0000, 0x07E0, 0x07E0, 0x0000, 0x4882, 0x4882, 0x0000, 0x9CF3, 0x8C71,
    0x0000, 0x0000, 0x4882, 0x4882, 0x4882, 0x4882, 0x4882, 0x0000, 0x07E0, 0x07E0, 0x07E0, 0x4A69,
    0x0000, 0x9CF3, 0x8C71, 0x0000, 0x18C4, 0x0000, 0x4882, 0x0000, 0x0000, 0x0000, 0x0000, 0x07E0,
    0x07E0, 0x07E0, 0x0000, 0x4A8B, 0x7380, 0x0000, 0x0000, 0x0000, 0x0000, 0x0000, 0x0000, 0x4123,
    0x3187, 0x4123, 0x07E0, 0x07E0, 0x07E0, 0x07E0, 0x0000, 0x4A8B, 0x0000, 0x4A69, 0x0000, 0x2105,
    0x2105, 0x2105, 0x3187, 0x0000, 0x4A69, 0x07E0, 0x07E0, 0x07E0, 0x07E0, 0x07E0, 0x07E0, 0x0000,
    0x0000, 0x2105, 0x2105, 0x07E0, 0x07E0, 0x2105, 0x2105, 0x0000, 0x9CF3, 0x07E0, 0x07E0, 0x07E0,
    0x07E0, 0x07E0, 0x07E0, 0x07E0, 0x07E0, 0x0000, 0x0000, 0x07E0, 0x07E0, 0x0000, 0x0000, 0x07E0,
    0x07E0, 0x07E0, 0x07E0, 0x07E0,
};

/* Timeline frame 13 */
static const uint16_t undying_player_walk_front_2[] = {
    0x07E0, 0x07E0, 0x07E0, 0x07E0, 0x07E0, 0x0000, 0x0000, 0x0000, 0x0000, 0x0000, 0x0000, 0x07E0,
    0x07E0, 0x07E0, 0x07E0, 0x07E0, 0x07E0, 0x07E0, 0x07E0, 0x07E0, 0x0000, 0x632D, 0x632D, 0x632D,
    0x632D, 0x632D, 0x632D, 0x0000, 0x07E0, 0x07E0, 0x07E0, 0x07E0, 0x07E0, 0x07E0, 0x07E0, 0x0000,
    0x632D, 0x2841, 0x2841, 0x2841, 0x2841, 0x2841, 0x52AC, 0x632D, 0x0000, 0x07E0, 0x07E0, 0x07E0,
    0x07E0, 0x07E0, 0x07E0, 0x0000, 0x2967, 0x424A, 0x4882, 0x4A8B, 0x4A8B, 0x4882, 0x52AC, 0x424A,
    0x0000, 0x07E0, 0x07E0, 0x07E0, 0x07E0, 0x07E0, 0x07E0, 0x0000, 0x2967, 0x424A, 0x4882, 0x4A8B,
    0x4A8B, 0x4882, 0x52AC, 0x424A, 0x0000, 0x07E0, 0x07E0, 0x07E0, 0x07E0, 0x07E0, 0x0000, 0x0000,
    0x2105, 0x2905, 0x2105, 0x2905, 0x2126, 0x4882, 0x0000, 0x0000, 0x0000, 0x07E0, 0x07E0, 0x07E0,
    0x07E0, 0x0000, 0x7380, 0x0000, 0x0000, 0x0000, 0x0000, 0x0000, 0x0000, 0x0000, 0x0000, 0x0000,
    0x58E3, 0x0000, 0x07E0, 0x07E0, 0x0000, 0x0000, 0x0000, 0x58E3, 0x58E3, 0x0000, 0x2126, 0x0000,
    0x8C71, 0x0000, 0x0000, 0x4882, 0x58E3, 0x58E3, 0x0000, 0x07E0, 0x0000, 0x5AC0, 0x0000, 0x58E3,
    0x4882, 0x4882, 0x0000, 0x9CF3, 0x8C71, 0x0000, 0x0000, 0x4882, 0x4882, 0x58E3, 0x58E3, 0x0000,
    0x0000, 0x0000, 0x0000, 0x4882, 0x4882, 0x0000, 0x9CF3, 0x8C71, 0x0000, 0x0000, 0x4882, 0x4882,
    0x4882, 0x4882, 0x4882, 0x0000, 0x07E0, 0x07E0, 0x07E0, 0x4A69, 0x4882, 0x9CF3, 0x8C71, 0x0000,
    0x18C4, 0x18C4, 0x4882, 0x4882, 0x4882, 0x4882, 0x4882, 0x0000, 0x07E0, 0x07E0, 0x0000, 0x4A8B,
    0x7380, 0x0000, 0x0000, 0x18C4, 0x18C4, 0x0000, 0x4882, 0x0000, 0x0000, 0x0000, 0x0000, 0x07E0,
    0x07E0, 0x07E0, 0x0000, 0x4A8B, 0x0000, 0x4A69, 0x0000, 0x0000, 0x0000, 0x0000, 0x0000, 0x4123,
    0x3187, 0x4123, 0x07E0, 0x07E0, 0x07E0, 0x07E0, 0x07E0, 0x0000, 0x0000, 0x2105, 0x2105, 0x2105,
    0x2105, 0x2105, 0x3187, 0x0000, 0x4A69, 0x07E0, 0x07E0, 0x07E0, 0x07E0, 0x07E0, 0x07E0, 0x07E0,
    0x0000, 0x2105, 0x2105, 0x07E0, 0x07E0, 0x3187, 0x3187, 0x0000, 0x9CF3, 0x07E0, 0x07E0, 0x07E0,
    0x07E0, 0x07E0, 0x07E0, 0x07E0, 0x0000, 0x0000, 0x0000, 0x07E0, 0x07E0, 0x07E0, 0x07E0, 0x07E0,
    0x07E0, 0x07E0, 0x07E0, 0x07E0,
};

/* Timeline frame 14 */
static const uint16_t undying_player_walk_front_3[] = {
    0x07E0, 0x07E0, 0x07E0, 0x07E0, 0x07E0, 0x0000, 0x0000, 0x0000, 0x0000, 0x0000, 0x0000, 0x07E0,
    0x07E0, 0x07E0, 0x07E0, 0x07E0, 0x07E0, 0x07E0, 0x07E0, 0x07E0, 0x0000, 0x632D, 0x632D, 0x632D,
    0x632D, 0x632D, 0x632D, 0x0000, 0x07E0, 0x07E0, 0x07E0, 0x07E0, 0x07E0, 0x07E0, 0x07E0, 0x0000,
    0x632D, 0x2841, 0x2841, 0x2841, 0x2841, 0x2841, 0x52AC, 0x632D, 0x0000, 0x07E0, 0x07E0, 0x07E0,
    0x07E0, 0x07E0, 0x07E0, 0x0000, 0x2967, 0x424A, 0x4882, 0x4A8B, 0x4A8B, 0x4882, 0x52AC, 0x424A,
    0x0000, 0x07E0, 0x07E0, 0x07E0, 0x07E0, 0x07E0, 0x07E0, 0x0000, 0x2967, 0x424A, 0x4882, 0x4A8B,
    0x4A8B, 0x4882, 0x52AC, 0x424A, 0x0000, 0x07E0, 0x07E0, 0x07E0, 0x07E0, 0x07E0, 0x0000, 0x0000,
    0x2105, 0x2905, 0x2105, 0x2905, 0x2126, 0x4882, 0x0000, 0x0000, 0x0000, 0x07E0, 0x07E0, 0x07E0,
    0x07E0, 0x0000, 0x7380, 0x0000, 0x0000, 0x0000, 0x0000, 0x0000, 0x0000, 0x0000, 0x0000, 0x0000,
    0x58E3, 0x0000, 0x07E0, 0x07E0, 0x0000, 0x0000, 0x0000, 0x58E3, 0x58E3, 0x0000, 0x2126, 0x2126,
    0x0000, 0x2126, 0x0000, 0x4882, 0x58E3, 0x58E3, 0x0000, 0x07E0, 0x0000, 0x5AC0, 0x0000, 0x58E3,
    0x4882, 0x4882, 0x0000, 0x0000, 0x8C71, 0x0000, 0x0000, 0x4882, 0x4882, 0x58E3, 0x58E3, 0x0000,
    0x0000, 0x0000, 0x0000, 0x4882, 0x4882, 0x4882, 0x0000, 0x9CF3, 0x8C71, 0x0000, 0x4882, 0x4882,
    0x4882, 0x4882, 0x4882, 0x0000, 0x07E0, 0x07E0, 0x0000, 0x4882, 0x4882, 0x0000, 0x9CF3, 0x8C71,
    0x0000, 0x0000, 0x4882, 0x4882, 0x4882, 0x4882, 0x4882, 0x0000, 0x07E0, 0x07E0, 0x07E0, 0x4A69,
    0x0000, 0x9CF3, 0x8C71, 0x0000, 0x18C4, 0x0000, 0x4882, 0x0000, 0x0000, 0x0000, 0x0000, 0x07E0,
    0x07E0, 0x07E0, 0x0000, 0x4A8B, 0x7380, 0x0000, 0x0000, 0x0000, 0x0000, 0x0000, 0x0000, 0x4123,
    0x3187, 0x4123, 0x07E0, 0x07E0, 0x07E0, 0x07E0, 0x0000, 0x4A8B, 0x0000, 0x4A69, 0x0000, 0x2105,
    0x2105, 0x2105, 0x3187, 0x0000, 0x4A69, 0x07E0, 0x07E0, 0x07E0, 0x07E0, 0x07E0, 0x07E0, 0x0000,
    0x0000, 0x2105, 0x2105, 0x07E0, 0x07E0, 0x2105, 0x2105, 0x0000, 0x9CF3, 0x07E0, 0x07E0, 0x07E0,
    0x07E0, 0x07E0, 0x07E0, 0x07E0, 0x07E0, 0x0000, 0x0000, 0x07E0, 0x07E0, 0x0000, 0x0000, 0x07E0,
    0x07E0, 0x07E0, 0x07E0, 0x07E0,
};

/* Timeline frame 15 */
static const uint16_t undying_player_walk_front_4[] = {
    0x07E0, 0x07E0, 0x07E0, 0x07E0, 0x07E0, 0x0000, 0x0000, 0x0000, 0x0000, 0x0000, 0x0000, 0x07E0,
    0x07E0, 0x07E0, 0x07E0, 0x07E0, 0x07E0, 0x07E0, 0x07E0, 0x07E0, 0x0000, 0x632D, 0x632D, 0x632D,
    0x632D, 0x632D, 0x632D, 0x0000, 0x07E0, 0x07E0, 0x07E0, 0x07E0, 0x07E0, 0x07E0, 0x07E0, 0x0000,
    0x632D, 0x2841, 0x2841, 0x2841, 0x2841, 0x2841, 0x52AC, 0x632D, 0x0000, 0x07E0, 0x07E0, 0x07E0,
    0x07E0, 0x07E0, 0x07E0, 0x0000, 0x2967, 0x424A, 0x4882, 0x4A8B, 0x4A8B, 0x4882, 0x52AC, 0x424A,
    0x0000, 0x07E0, 0x07E0, 0x07E0, 0x07E0, 0x07E0, 0x07E0, 0x0000, 0x2967, 0x424A, 0x4882, 0x4A8B,
    0x4A8B, 0x4882, 0x52AC, 0x424A, 0x0000, 0x07E0, 0x07E0, 0x07E0, 0x07E0, 0x07E0, 0x0000, 0x0000,
    0x2105, 0x2905, 0x2105, 0x2905, 0x2126, 0x4882, 0x0000, 0x0000, 0x0000, 0x07E0, 0x07E0, 0x07E0,
    0x07E0, 0x0000, 0x7380, 0x0000, 0x0000, 0x0000, 0x0000, 0x0000, 0x0000, 0x0000, 0x0000, 0x0000,
    0x58E3, 0x0000, 0x07E0, 0x07E0, 0x0000, 0x0000, 0x0000, 0x58E3, 0x58E3, 0x0000, 0x2126, 0x0000,
    0x8C71, 0x0000, 0x0000, 0x4882, 0x58E3, 0x58E3, 0x0000, 0x07E0, 0x0000, 0x5AC0, 0x0000, 0x58E3,
    0x4882, 0x4882, 0x0000, 0x9CF3, 0x8C71, 0x0000, 0x0000, 0x4882, 0x4882, 0x58E3, 0x58E3, 0x0000,
    0x0000, 0x0000, 0x0000, 0x4882, 0x4882, 0x0000, 0x9CF3, 0x8C71, 0x0000, 0x0000, 0x4882, 0x4882,
    0x4882, 0x4882, 0x4882, 0x0000, 0x07E0, 0x07E0, 0x07E0, 0x4A69, 0x4882, 0x9CF3, 0x8C71, 0x0000,
    0x18C4, 0x18C4, 0x4882, 0x4882, 0x4882, 0x4882, 0x4882, 0x0000, 0x07E0, 0x07E0, 0x0000, 0x4A8B,
    0x7380, 0x0000, 0x0000, 0x18C4, 0x18C4, 0x0000, 0x4882, 0x0000, 0x0000, 0x0000, 0x0000, 0x07E0,
    0x07E0, 0x07E0, 0x0000, 0x4A8B, 0x0000, 0x4A69, 0x0000, 0x0000, 0x0000, 0x0000, 0x0000, 0x4123,
    0x3187, 0x4123, 0x07E0, 0x07E0, 0x07E0, 0x07E0, 0x0000, 0x0000, 0x0000, 0x2105, 0x2105, 0x2105,
    0x2105, 0x2105, 0x3187, 0x0000, 0x4A69, 0x07E0, 0x07E0, 0x07E0, 0x07E0, 0x07E0, 0x07E0, 0x0000,
    0x0000, 0x3187, 0x3187, 0x0000, 0x07E0, 0x2105, 0x2105, 0x0000, 0x9CF3, 0x07E0, 0x07E0, 0x07E0,
    0x07E0, 0x07E0, 0x07E0, 0x07E0, 0x07E0, 0x07E0, 0x07E0, 0x07E0, 0x07E0, 0x0000, 0x0000, 0x0000,
    0x07E0, 0x07E0, 0x07E0, 0x07E0,
};

/* Timeline frame 16 */
static const uint16_t undying_player_melee_right_1[] = {
    0x07E0, 0x07E0, 0x07E0, 0x07E0, 0x07E0, 0x0000, 0x0000, 0x0000, 0x0000, 0x0000, 0x0000, 0x0000,
    0x07E0, 0x07E0, 0x07E0, 0x07E0, 0x07E0, 0x07E0, 0x07E0, 0x07E0, 0x07E0, 0x0000, 0x632D, 0x632D,
    0x632D, 0x632D, 0x632D, 0x632D, 0x0000, 0x07E0, 0x07E0, 0x07E0, 0x07E0, 0x07E0, 0x07E0, 0x07E0,
    0x0000, 0x52AB, 0x52AC, 0x2841, 0x2841, 0x2841, 0x2841, 0x632D, 0x0000, 0x07E0, 0x07E0, 0x07E0,
    0x07E0, 0x07E0, 0x07E0, 0x07E0, 0x0000, 0x2105, 0x424A, 0x4A8B, 0x4882, 0x4A8B, 0x4882, 0x632D,
    0x0000, 0x07E0, 0x07E0, 0x07E0, 0x07E0, 0x07E0, 0x07E0, 0x07E0, 0x0000, 0x2105, 0x424A, 0x4A8B,
    0x4882, 0x4A8B, 0x4882, 0x632D, 0x0000, 0x07E0, 0x07E0, 0x07E0, 0x07E0, 0x07E0, 0x07E0, 0x0000,
    0x0000, 0x0000, 0x2105, 0x2105, 0x2105, 0x2105, 0x4882, 0x0000, 0x0000, 0x07E0, 0x07E0, 0x07E0,
    0x07E0, 0x0000, 0x0000, 0x7380, 0x0000, 0x0000, 0x0000, 0x0000, 0x0000, 0x0000, 0x0000, 0x58E3,
    0x0000, 0x07E0, 0x07E0, 0x07E0, 0x0000, 0x5AC0, 0x0000, 0x0000, 0x0000, 0x58E3, 0x58E3, 0x58E3,
    0x0000, 0x2987, 0x0000, 0x4882, 0x58E3, 0x0000, 0x07E0, 0x07E0, 0x0000, 0x0000, 0x0000, 0x4882,
    0x4882, 0x4882, 0x4882, 0x4882, 0x58E3, 0x0000, 0x2987, 0x0000, 0x0000, 0x0000, 0x07E0, 0x07E0,
    0x07E0, 0x07E0, 0x0000, 0x4882, 0x4882, 0x4882, 0x0000, 0x0000, 0x0000, 0x0000, 0x0000, 0x8C71,
    0x9CF3, 0x58E3, 0x0000, 0x07E0, 0x07E0, 0x07E0, 0x0000, 0x0000, 0x0000, 0x4A8B, 0x4A69, 0x0000,
    0x8C71, 0x9CF3, 0x8C71, 0x9CF3, 0x0000, 0x4882, 0x0000, 0x07E0, 0x07E0, 0x07E0, 0x07E0, 0x07E0,
    0x0000, 0x4A8B, 0x7380, 0x8C71, 0x9CF3, 0x8C71, 0x0000, 0x0000, 0x2105, 0x0000, 0x0000, 0x5184,
    0x07E0, 0x07E0, 0x07E0, 0x07E0, 0x0000, 0x0000, 0x4A69, 0x0000, 0x0000, 0x0000, 0x2105, 0x2105,
    0x5184, 0x0000, 0x5184, 0x07E0, 0x07E0, 0x07E0, 0x07E0, 0x07E0, 0x0000, 0x0000, 0x2105, 0x2105,
    0x2105, 0x2105, 0x2126, 0x0000, 0x07E0, 0x4228, 0x07E0, 0x07E0, 0x07E0, 0x07E0, 0x07E0, 0x07E0,
    0x07E0, 0x0000, 0x2105, 0x0000, 0x07E0, 0x0000, 0x2105, 0x07E0, 0x07E0, 0xAD95, 0x07E0, 0x07E0,
    0x07E0, 0x07E0, 0x07E0, 0x07E0, 0x07E0, 0x0000, 0x0000, 0x07E0, 0x07E0, 0x0000, 0x0000, 0x07E0,
    0x07E0, 0x07E0, 0x07E0, 0x07E0,
};

/* Timeline frame 17 */
static const uint16_t undying_player_melee_right_2[] = {
    0x07E0, 0x07E0, 0x07E0, 0x07E0, 0x07E0, 0x0000, 0x0000, 0x0000, 0x0000, 0x0000, 0x0000, 0x0000,
    0x07E0, 0x07E0, 0x07E0, 0x07E0, 0x07E0, 0x07E0, 0x07E0, 0x07E0, 0x07E0, 0x0000, 0x632D, 0x632D,
    0x632D, 0x632D, 0x632D, 0x632D, 0x0000, 0x07E0, 0x07E0, 0x07E0, 0x07E0, 0x07E0, 0x07E0, 0x07E0,
    0x0000, 0x52AB, 0x52AC, 0x2841, 0x2841, 0x2841, 0x2841, 0x632D, 0x0000, 0x07E0, 0x07E0, 0x07E0,
    0x07E0, 0x07E0, 0x07E0, 0x07E0, 0x0000, 0x2105, 0x424A, 0x4A8B, 0x4882, 0x4A8B, 0x0000, 0x632D,
    0x0000, 0x07E0, 0x07E0, 0x07E0, 0x07E0, 0x07E0, 0x07E0, 0x07E0, 0x0000, 0x2105, 0x424A, 0x4A8B,
    0x4882, 0x0000, 0x9CF3, 0x0000, 0x0000, 0x07E0, 0x07E0, 0x07E0, 0x07E0, 0x07E0, 0x07E0, 0x0000,
    0x0000, 0x0000, 0x2105, 0x2105, 0x2105, 0x0000, 0x9CF3, 0x0000, 0x0000, 0x07E0, 0x07E0, 0x07E0,
    0x07E0, 0x0000, 0x0000, 0x7380, 0x0000, 0x0000, 0x0000, 0x0000, 0x0000, 0x8C71, 0x9CF3, 0x0000,
    0x0000, 0x07E0, 0x07E0, 0x07E0, 0x0000, 0x5AC0, 0x0000, 0x0000, 0x0000, 0x58E3, 0x58E3, 0x58E3,
    0x0000, 0x9CF3, 0x0000, 0x4882, 0x58E3, 0x0000, 0x07E0, 0x07E0, 0x0000, 0x0000, 0x0000, 0x4882,
    0x4882, 0x4882, 0x4A69, 0x0000, 0x07E0, 0x0000, 0x0000, 0x4882, 0x4882, 0x0000, 0x07E0, 0x07E0,
    0x07E0, 0x07E0, 0x0000, 0x4882, 0x4882, 0x4882, 0x4882, 0x7380, 0x0000, 0x0000, 0x2987, 0x0000,
    0x4882, 0x58E3, 0x0000, 0x07E0, 0x07E0, 0x07E0, 0x0000, 0x0000, 0x0000, 0x4A6B, 0x528B, 0x0000,
    0x4A69, 0x2105, 0x2987, 0x0000, 0x4882, 0x58E3, 0x0000, 0x07E0, 0x07E0, 0x07E0, 0x07E0, 0x07E0,
    0x0000, 0x0000, 0x2987, 0x2105, 0x0000, 0x2105, 0x0000, 0x0000, 0x0000, 0x0000, 0x0000, 0x5184,
    0x07E0, 0x07E0, 0x07E0, 0x07E0, 0x07E0, 0x0000, 0x0000, 0x0000, 0x0000, 0x0000, 0x0000, 0x0000,
    0x5184, 0x0000, 0x5184, 0x07E0, 0x07E0, 0x07E0, 0x07E0, 0x07E0, 0x07E0, 0x0000, 0x2105, 0x2987,
    0x2105, 0x2105, 0x2126, 0x0000, 0x07E0, 0x4228, 0x07E0, 0x07E0, 0x07E0, 0x07E0, 0x07E0, 0x07E0,
    0x07E0, 0x0000, 0x2105, 0x0000, 0x07E0, 0x0000, 0x2105, 0x07E0, 0x07E0, 0xAD95, 0x07E0, 0x07E0,
    0x07E0, 0x07E0, 0x07E0, 0x07E0, 0x07E0, 0x0000, 0x0000, 0x07E0, 0x07E0, 0x0000, 0x0000, 0x07E0,
    0x07E0, 0x07E0, 0x07E0, 0x07E0,
};

/* Timeline frame 18 */
static const uint16_t undying_player_melee_right_3[] = {
    0x07E0, 0x07E0, 0x07E0, 0x07E0, 0x07E0, 0x0000, 0x0000, 0x0000, 0x0000, 0x0000, 0x0000, 0x0000,
    0x07E0, 0x07E0, 0x07E0, 0x07E0, 0x07E0, 0x07E0, 0x07E0, 0x07E0, 0x07E0, 0x0000, 0x632D, 0x632D,
    0x632D, 0x632D, 0x632D, 0x632D, 0x0000, 0x07E0, 0x07E0, 0x07E0, 0x0000, 0x0000, 0x07E0, 0x07E0,
    0x0000, 0x52AB, 0x52AC, 0x2841, 0x2841, 0x2841, 0x2841, 0x632D, 0x0000, 0x07E0, 0x07E0, 0x07E0,
    0x9CF3, 0x9CF3, 0x0000, 0x0000, 0x0000, 0x2105, 0x424A, 0x528B, 0x4882, 0x4A8B, 0x4882, 0x632D,
    0x0000, 0x07E0, 0x07E0, 0x07E0, 0x0000, 0x9CF3, 0x9CF3, 0x8C71, 0x0000, 0x2105, 0x424A, 0x528B,
    0x4882, 0x4A8B, 0x4882, 0x632D, 0x0000, 0x07E0, 0x07E0, 0x07E0, 0x07E0, 0x0000, 0x0000, 0x9CF3,
    0x0000, 0x0000, 0x2126, 0x2126, 0x2126, 0x2105, 0x4882, 0x0000, 0x0000, 0x07E0, 0x07E0, 0x07E0,
    0x07E0, 0x0000, 0x0000, 0x0000, 0x8C71, 0x0000, 0x4A69, 0x0000, 0x0000, 0x0000, 0x0000, 0x0000,
    0x0000, 0x07E0, 0x07E0, 0x07E0, 0x0000, 0x5AC0, 0x0000, 0x0000, 0x0000, 0x7380, 0x0000, 0x58E3,
    0x0000, 0x2105, 0x0000, 0x4882, 0x58E3, 0x0000, 0x07E0, 0x07E0, 0x0000, 0x0000, 0x0000, 0x4882,
    0x4A69, 0x4A6B, 0x4882, 0x4882, 0x0000, 0x2105, 0x0000, 0x4882, 0x4882, 0x0000, 0x07E0, 0x07E0,
    0x07E0, 0x07E0, 0x0000, 0x4882, 0x4882, 0x4A6B, 0x4882, 0x0000, 0x2987, 0x2105, 0x2987, 0x0000,
    0x4882, 0x58E3, 0x0000, 0x07E0, 0x07E0, 0x07E0, 0x0000, 0x0000, 0x0000, 0x2987, 0x0000, 0x2105,
    0x2987, 0x2105, 0x2987, 0x0000, 0x4882, 0x58E3, 0x0000, 0x07E0, 0x07E0, 0x07E0, 0x07E0, 0x07E0,
    0x0000, 0x0000, 0x2987, 0x2105, 0x0000, 0x2105, 0x0000, 0x0000, 0x0000, 0x0000, 0x0000, 0x5184,
    0x07E0, 0x07E0, 0x07E0, 0x07E0, 0x07E0, 0x0000, 0x0000, 0x0000, 0x0000, 0x0000, 0x0000, 0x0000,
    0x5184, 0x0000, 0x5184, 0x07E0, 0x07E0, 0x07E0, 0x07E0, 0x07E0, 0x07E0, 0x0000, 0x2105, 0x2987,
    0x2105, 0x2105, 0x2126, 0x0000, 0x07E0, 0x4228, 0x07E0, 0x07E0, 0x07E0, 0x07E0, 0x07E0, 0x07E0,
    0x07E0, 0x0000, 0x2105, 0x0000, 0x07E0, 0x0000, 0x2105, 0x07E0, 0x07E0, 0xAD95, 0x07E0, 0x07E0,
    0x07E0, 0x07E0, 0x07E0, 0x07E0, 0x07E0, 0x0000, 0x0000, 0x07E0, 0x07E0, 0x0000, 0x0000, 0x07E0,
    0x07E0, 0x07E0, 0x07E0, 0x07E0,
};

/* Timeline frame 19 */
static const uint16_t undying_player_melee_right_4[] = {
    0x07E0, 0x39C7, 0x39C7, 0x39C7, 0x39C7, 0x39C7, 0x39C7, 0x39C7, 0x39C7, 0x0000, 0x0000, 0x0000,
    0x07E0, 0x07E0, 0x07E0, 0x07E0, 0x39C7, 0x5AEB, 0x5AEB, 0x5AEB, 0x5AEB, 0x5AEB, 0x5AEB, 0x5AEB,
    0x5AEB, 0x39C7, 0x632D, 0x632D, 0x0000, 0x07E0, 0x07E0, 0x07E0, 0x5AEB, 0x73AE, 0x73AE, 0x73AE,
    0x73AE, 0x73AE, 0x73AE, 0x73AE, 0x5AEB, 0x5AEB, 0x73AE, 0x632D, 0x0000, 0x07E0, 0x07E0, 0x07E0,
    0x73AE, 0x73AE, 0x73AE, 0x73AE, 0x73AE, 0x73AE, 0x73AE, 0x73AE, 0x73AE, 0x5AEB, 0x0000, 0x632D,
    0x0000, 0x07E0, 0x07E0, 0x07E0, 0x73AE, 0x07E0, 0x07E0, 0x07E0, 0x0000, 0x2105, 0x424A, 0x73AE,
    0x73AE, 0x0000, 0x9CF3, 0x0000, 0x0000, 0x07E0, 0x07E0, 0x07E0, 0x07E0, 0x07E0, 0x07E0, 0x0000,
    0x0000, 0x0000, 0x2105, 0x2105, 0x73AE, 0x0000, 0x9CF3, 0x0000, 0x0000, 0x07E0, 0x07E0, 0x07E0,
    0x07E0, 0x0000, 0x0000, 0x7380, 0x0000, 0x0000, 0x0000, 0x0000, 0x0000, 0x8C71, 0x9CF3, 0x0000,
    0x0000, 0x07E0, 0x07E0, 0x07E0, 0x0000, 0x5AC0, 0x0000, 0x0000, 0x0000, 0x58E3, 0x58E3, 0x58E3,
    0x0000, 0x9CF3, 0x0000, 0x4882, 0x58E3, 0x0000, 0x07E0, 0x07E0, 0x0000, 0x0000, 0x0000, 0x4882,
    0x4882, 0x4882, 0x4A69, 0x0000, 0x07E0, 0x0000, 0x0000, 0x4882, 0x4882, 0x0000, 0x07E0, 0x07E0,
    0x07E0, 0x07E0, 0x0000, 0x4882, 0x4882, 0x4882, 0x4882, 0x7380, 0x0000, 0x0000, 0x2987, 0x0000,
    0x4882, 0x58E3, 0x0000, 0x07E0, 0x07E0, 0x07E0, 0x0000, 0x0000, 0x0000, 0x4A6B, 0x528B, 0x0000,
    0x4A69, 0x2105, 0x2987, 0x0000, 0x4882, 0x58E3, 0x0000, 0x07E0, 0x07E0, 0x07E0, 0x07E0, 0x07E0,
    0x0000, 0x0000, 0x2987, 0x2105, 0x0000, 0x2105, 0x0000, 0x0000, 0x0000, 0x0000, 0x0000, 0x5184,
    0x07E0, 0x07E0, 0x07E0, 0x07E0, 0x07E0, 0x0000, 0x0000, 0x0000, 0x0000, 0x0000, 0x0000, 0x0000,
    0x5184, 0x0000, 0x5184, 0x07E0, 0x07E0, 0x07E0, 0x07E0, 0x07E0, 0x07E0, 0x0000, 0x2105, 0x2987,
    0x2105, 0x2105, 0x2126, 0x0000, 0x07E0, 0x4228, 0x07E0, 0x07E0, 0x07E0, 0x07E0, 0x07E0, 0x07E0,
    0x07E0, 0x0000, 0x2105, 0x0000, 0x07E0, 0x0000, 0x2105, 0x07E0, 0x07E0, 0xAD95, 0x07E0, 0x07E0,
    0x07E0, 0x07E0, 0x07E0, 0x07E0, 0x07E0, 0x0000, 0x0000, 0x07E0, 0x07E0, 0x0000, 0x0000, 0x07E0,
    0x07E0, 0x07E0, 0x07E0, 0x07E0,
};

/* Timeline frame 20 */
static const uint16_t undying_player_melee_right_5[] = {
    0x07E0, 0x07E0, 0x07E0, 0x07E0, 0x07E0, 0x0000, 0x73AE, 0x73AE, 0x5AEB, 0x39C7, 0x0000, 0x0000,
    0x07E0, 0x07E0, 0x07E0, 0x07E0, 0x07E0, 0x07E0, 0x07E0, 0x07E0, 0x07E0, 0x0000, 0x632D, 0x73AE,
    0x73AE, 0x5AEB, 0x39C7, 0x632D, 0x0000, 0x07E0, 0x07E0, 0x07E0, 0x07E0, 0x07E0, 0x07E0, 0x07E0,
    0x0000, 0x52AB, 0x52AC, 0x2841, 0x73AE, 0x73AE, 0x5AEB, 0x39C7, 0x0000, 0x07E0, 0x07E0, 0x07E0,
    0x07E0, 0x07E0, 0x07E0, 0x07E0, 0x0000, 0x2126, 0x424A, 0x528B, 0x73AE, 0x73AE, 0x5AEB, 0x39C7,
    0x0000, 0x07E0, 0x07E0, 0x07E0, 0x07E0, 0x07E0, 0x07E0, 0x07E0, 0x0000, 0x2126, 0x424A, 0x528B,
    0x4882, 0x73AE, 0x73AE, 0x5AEB, 0x39C7, 0x07E0, 0x07E0, 0x07E0, 0x07E0, 0x07E0, 0x07E0, 0x0000,
    0x0000, 0x0000, 0x2126, 0x2126, 0x2126, 0x73AE, 0x73AE, 0x5AEB, 0x39C7, 0x07E0, 0x07E0, 0x07E0,
    0x07E0, 0x0000, 0x0000, 0x7380, 0x0000, 0x0000, 0x0000, 0x0000, 0x0000, 0x73AE, 0x73AE, 0x5AEB,
    0x39C7, 0x07E0, 0x07E0, 0x07E0, 0x0000, 0x5AC0, 0x0000, 0x0000, 0x0000, 0x58E3, 0x58E3, 0x58E3,
    0x0000, 0x73AE, 0x73AE, 0x73AE, 0x5AEB, 0x39C7, 0x07E0, 0x07E0, 0x0000, 0x0000, 0x0000, 0x4882,
    0x4882, 0x4882, 0x4882, 0x4882, 0x73AE, 0x73AE, 0x73AE, 0x0000, 0x0000, 0x39C7, 0x07E0, 0x07E0,
    0x07E0, 0x07E0, 0x0000, 0x4882, 0x4882, 0x4882, 0x0000, 0x0000, 0x0000, 0x0000, 0x0000, 0x8C71,
    0x9CF3, 0x0000, 0x0000, 0x07E0, 0x07E0, 0x07E0, 0x0000, 0x0000, 0x0000, 0x4A8B, 0x4A69, 0x0000,
    0x8C71, 0x9CF3, 0x8C71, 0x9CF3, 0x0000, 0x4882, 0x0000, 0x07E0, 0x07E0, 0x07E0, 0x07E0, 0x07E0,
    0x0000, 0x4A8B, 0x7380, 0x8C71, 0x9CF3, 0x8C71, 0x0000, 0x0000, 0x2105, 0x0000, 0x0000, 0x5184,
    0x07E0, 0x07E0, 0x07E0, 0x07E0, 0x0000, 0x0000, 0x4A69, 0x0000, 0x0000, 0x0000, 0x2105, 0x2105,
    0x5184, 0x0000, 0x5184, 0x07E0, 0x07E0, 0x07E0, 0x07E0, 0x07E0, 0x0000, 0x0000, 0x2105, 0x2105,
    0x2105, 0x2105, 0x2126, 0x0000, 0x07E0, 0x4228, 0x07E0, 0x07E0, 0x07E0, 0x07E0, 0x07E0, 0x07E0,
    0x07E0, 0x0000, 0x2105, 0x0000, 0x07E0, 0x0000, 0x2105, 0x07E0, 0x07E0, 0xAD95, 0x07E0, 0x07E0,
    0x07E0, 0x07E0, 0x07E0, 0x07E0, 0x07E0, 0x0000, 0x0000, 0x07E0, 0x07E0, 0x0000, 0x0000, 0x07E0,
    0x07E0, 0x07E0, 0x07E0, 0x07E0,
};

/* Timeline frame 21 */
static const uint16_t undying_player_range_right_1[] = {
    0x07E0, 0x07E0, 0x07E0, 0x07E0, 0x07E0, 0x0000, 0x0000, 0x0000, 0x0000, 0x0000, 0x0000, 0x0000,
    0x07E0, 0x07E0, 0x07E0, 0x07E0, 0x07E0, 0x07E0, 0x07E0, 0x07E0, 0x07E0, 0x0000, 0x632D, 0x632D,
    0x632D, 0x632D, 0x632D, 0x632D, 0x0000, 0x07E0, 0x07E0, 0x07E0, 0x07E0, 0x07E0, 0x07E0, 0x07E0,
    0x0000, 0x52AB, 0x52AC, 0x2841, 0x2841, 0x2841, 0x2841, 0x632D, 0x0000, 0x07E0, 0x07E0, 0x07E0,
    0x07E0, 0x07E0, 0x07E0, 0x07E0, 0x0000, 0x2105, 0x424A, 0x4A8B, 0x4882, 0x4A8B, 0x4882, 0x632D,
    0x0000, 0x07E0, 0x07E0, 0x07E0, 0x07E0, 0x07E0, 0x07E0, 0x07E0, 0x0000, 0x2105, 0x424A, 0x4A8B,
    0x4882, 0x4A8B, 0x4882, 0x632D, 0x0000, 0x07E0, 0x07E0, 0x07E0, 0x07E0, 0x07E0, 0x07E0, 0x0000,
    0x0000, 0x0000, 0x2105, 0x2105, 0x2105, 0x2105, 0x4882, 0x0000, 0x0000, 0x07E0, 0x07E0, 0x07E0,
    0x07E0, 0x0000, 0x0000, 0x7380, 0x0000, 0x0000, 0x0000, 0x0000, 0x0000, 0x0000, 0x0000, 0x58E3,
    0x0000, 0x07E0, 0x07E0, 0x07E0, 0x0000, 0x5AC0, 0x0000, 0x0000, 0x0000, 0x58E3, 0x58E3, 0x58E3,
    0x0000, 0x2987, 0x0000, 0x4882, 0x58E3, 0x0000, 0x07E0, 0x07E0, 0x0000, 0x0000, 0x0000, 0x4882,
    0x4882, 0x4882, 0x4882, 0x4882, 0x58E3, 0x0000, 0x2987, 0x0000, 0x0000, 0x0000, 0x07E0, 0x07E0,
    0x07E0, 0x07E0, 0x0000, 0x4882, 0x4882, 0x4882, 0x0000, 0x0000, 0x0000, 0x0000, 0x0000, 0x8C71,
    0x9CF3, 0x58E3, 0x0000, 0x07E0, 0x07E0, 0x07E0, 0x0000, 0x0000, 0x0000, 0x4A8B, 0x4A69, 0x0000,
    0x8C71, 0x9CF3, 0x8C71, 0x9CF3, 0x0000, 0x4882, 0x0000, 0x07E0, 0x07E0, 0x07E0, 0x07E0, 0x07E0,
    0x0000, 0x4A8B, 0x7380, 0x8C71, 0x9CF3, 0x8C71, 0x0000, 0x0000, 0x2105, 0x0000, 0x0000, 0x5184,
    0x07E0, 0x07E0, 0x07E0, 0x07E0, 0x0000, 0x0000, 0x4A69, 0x0000, 0x0000, 0x0000, 0x2105, 0x2105,
    0x5184, 0x0000, 0x5184, 0x07E0, 0x07E0, 0x07E0, 0x07E0, 0x07E0, 0x0000, 0x0000, 0x2105, 0x2105,
    0x2105, 0x2105, 0x2126, 0x0000, 0x07E0, 0x4228, 0x07E0, 0x07E0, 0x07E0, 0x07E0, 0x07E0, 0x07E0,
    0x07E0, 0x0000, 0x2105, 0x0000, 0x07E0, 0x0000, 0x2105, 0x07E0, 0x07E0, 0xAD95, 0x07E0, 0x07E0,
    0x07E0, 0x07E0, 0x07E0, 0x07E0, 0x07E0, 0x0000, 0x0000, 0x07E0, 0x07E0, 0x0000, 0x0000, 0x07E0,
    0x07E0, 0x07E0, 0x07E0, 0x07E0,
};

/* Timeline frame 22 */
static const uint16_t undying_player_range_right_2[] = {
    0x07E0, 0x07E0, 0x07E0, 0x07E0, 0x07E0, 0x0000, 0x0000, 0x0000, 0x0000, 0x0000, 0x0000, 0x0000,
    0x07E0, 0x07E0, 0x07E0, 0x07E0, 0x07E0, 0x07E0, 0x07E0, 0x07E0, 0x07E0, 0x0000, 0x632D, 0x632D,
    0x632D, 0x632D, 0x632D, 0x632D, 0x0000, 0x07E0, 0x07E0, 0x07E0, 0x07E0, 0x07E0, 0x07E0, 0x07E0,
    0x0000, 0x52AB, 0x52AC, 0x2841, 0x2841, 0x2841, 0x2841, 0x632D, 0x0000, 0x07E0, 0x07E0, 0x07E0,
    0x07E0, 0x07E0, 0x07E0, 0x07E0, 0x0000, 0x2105, 0x424A, 0x4A8B, 0x4882, 0x4A8B, 0x4882, 0x632D,
    0x0000, 0x07E0, 0x07E0, 0x07E0, 0x07E0, 0x07E0, 0x07E0, 0x07E0, 0x0000, 0x2105, 0x424A, 0x4A8B,
    0x4882, 0x4A8B, 0x4882, 0x632D, 0x0000, 0x07E0, 0x07E0, 0x07E0, 0x07E0, 0x07E0, 0x07E0, 0x0000,
    0x0000, 0x0000, 0x2105, 0x2105, 0x2105, 0x2105, 0x4882, 0x0000, 0x0000, 0x07E0, 0x07E0, 0x07E0,
    0x07E0, 0x0000, 0x0000, 0x7380, 0x0000, 0x0000, 0x0000, 0x0000, 0x0000, 0x0000, 0x0000, 0x58E3,
    0x0000, 0x07E0, 0x07E0, 0x07E0, 0x0000, 0x5AC0, 0x0000, 0x0000, 0x0000, 0x58E3, 0x58E3, 0x58E3,
    0x0000, 0x2987, 0x0000, 0x4882, 0x58E3, 0x0000, 0x07E0, 0x07E0, 0x0000, 0x0000, 0x0000, 0x4882,
    0x4882, 0x4882, 0x4882, 0x4882, 0x58E3, 0x0000, 0x2987, 0x0000, 0x0000, 0x0000, 0x07E0, 0x07E0,
    0x07E0, 0x07E0, 0x0000, 0x4882, 0x4882, 0x4882, 0x0000, 0x0000, 0x0000, 0x0000, 0x0000, 0x8C71,
    0x9CF3, 0x58E3, 0x0000, 0x07E0, 0x07E0, 0x07E0, 0x0000, 0x0000, 0x0000, 0x4A8B, 0x4A69, 0x0000,
    0x8C71, 0x9CF3, 0x8C71, 0x9CF3, 0x0000, 0x4882, 0x0000, 0x59A5, 0x07E0, 0x07E0, 0x07E0, 0x07E0,
    0x0000, 0x4A8B, 0x7380, 0x8C71, 0x9CF3, 0x8C71, 0x0000, 0x0000, 0x0000, 0x4A8B, 0x61C5, 0x07E0,
    0x07E0, 0x07E0, 0x07E0, 0x07E0, 0x0000, 0x0000, 0x4A69, 0x0000, 0x0000, 0x0000, 0x2105, 0x2105,
    0x0000, 0x4228, 0x07E0, 0x07E0, 0x07E0, 0x07E0, 0x07E0, 0x07E0, 0x0000, 0x0000, 0x2105, 0x2105,
    0x2105, 0x2105, 0x2126, 0x0000, 0x61C5, 0x07E0, 0xAD95, 0x07E0, 0x07E0, 0x07E0, 0x07E0, 0x07E0,
    0x07E0, 0x0000, 0x2105, 0x0000, 0x07E0, 0x0000, 0x2105, 0x07E0, 0x07E0, 0x07E0, 0x07E0, 0x07E0,
    0x07E0, 0x07E0, 0x07E0, 0x07E0, 0x07E0, 0x0000, 0x0000, 0x07E0, 0x07E0, 0x0000, 0x0000, 0x07E0,
    0x07E0, 0x07E0, 0x07E0, 0x07E0,
};

/* Timeline frame 23 */
static const uint16_t undying_player_range_right_3[] = {
    0x07E0, 0x07E0, 0x07E0, 0x07E0, 0x07E0, 0x0000, 0x0000, 0x0000, 0x0000, 0x0000, 0x0000, 0x0000,
    0x07E0, 0x07E0, 0x07E0, 0x07E0, 0x07E0, 0x07E0, 0x07E0, 0x07E0, 0x07E0, 0x0000, 0x632D, 0x632D,
    0x632D, 0x632D, 0x632D, 0x632D, 0x0000, 0x07E0, 0x07E0, 0x07E0, 0x07E0, 0x07E0, 0x07E0, 0x07E0,
    0x0000, 0x52AB, 0x52AC, 0x2841, 0x2841, 0x2841, 0x2841, 0x632D, 0x0000, 0x07E0, 0x07E0, 0x07E0,
    0x07E0, 0x07E0, 0x07E0, 0x07E0, 0x0000, 0x2105, 0x424A, 0x4A8B, 0x4882, 0x4A8B, 0x4882, 0x632D,
    0x0000, 0x07E0, 0x07E0, 0x07E0, 0x07E0, 0x07E0, 0x07E0, 0x07E0, 0x0000, 0x2105, 0x424A, 0x4A8B,
    0x4882, 0x4A8B, 0x4882, 0x632D, 0x0000, 0x07E0, 0x07E0, 0x07E0, 0x07E0, 0x07E0, 0x07E0, 0x0000,
    0x0000, 0x0000, 0x2105, 0x2105, 0x2105, 0x2105, 0x4882, 0x0000, 0x0000, 0x07E0, 0x07E0, 0x07E0,
    0x07E0, 0x0000, 0x0000, 0x7380, 0x0000, 0x0000, 0x0000, 0x0000, 0x0000, 0x0000, 0x0000, 0x58E3,
    0x0000, 0x07E0, 0x07E0, 0x07E0, 0x0000, 0x5AC0, 0x0000, 0x0000, 0x0000, 0x58E3, 0x58E3, 0x58E3,
    0x0000, 0x2987, 0x0000, 0x4882, 0x58E3, 0x0000, 0x5184, 0x07E0, 0x0000, 0x0000, 0x0000, 0x4882,
    0x4882, 0x4882, 0x4882, 0x4882, 0x58E3, 0x0000, 0x2987, 0x0000, 0x0000, 0x0000, 0x07E0, 0x61C5,
    0x07E0, 0x07E0, 0x0000, 0x4882, 0x4882, 0x4882, 0x0000, 0x0000, 0x0000, 0x0000, 0x0000, 0x8C71,
    0x9CF3, 0x4228, 0x07E0, 0x61C5, 0x07E0, 0x07E0, 0x0000, 0x0000, 0x0000, 0x4A8B, 0x4A69, 0x0000,
    0x8C71, 0x9CF3, 0x8C71, 0x9CF3, 0x0000, 0x0000, 0xAD95, 0x07E0, 0x07E0, 0x07E0, 0x07E0, 0x07E0,
    0x0000, 0x4A8B, 0x7380, 0x8C71, 0x9CF3, 0x8C71, 0x0000, 0x0000, 0x61C5, 0x61C5, 0x07E0, 0x07E0,
    0x07E0, 0x07E0, 0x07E0, 0x07E0, 0x0000, 0x0000, 0x4A69, 0x0000, 0x0000, 0x0000, 0x2105, 0x2105,
    0x0000, 0x07E0, 0x07E0, 0x07E0, 0x07E0, 0x07E0, 0x07E0, 0x07E0, 0x0000, 0x0000, 0x2105, 0x2105,
    0x2105, 0x2105, 0x2126, 0x0000, 0x07E0, 0x07E0, 0x07E0, 0x07E0, 0x07E0, 0x07E0, 0x07E0, 0x07E0,
    0x07E0, 0x0000, 0x2105, 0x0000, 0x07E0, 0x0000, 0x2105, 0x07E0, 0x07E0, 0x07E0, 0x07E0, 0x07E0,
    0x07E0, 0x07E0, 0x07E0, 0x07E0, 0x07E0, 0x0000, 0x0000, 0x07E0, 0x07E0, 0x0000, 0x0000, 0x07E0,
    0x07E0, 0x07E0, 0x07E0, 0x07E0,
};

/* Timeline frame 24 */
static const uint16_t undying_player_range_right_4[] = {
    0x07E0, 0x07E0, 0x07E0, 0x07E0, 0x07E0, 0x0000, 0x0000, 0x0000, 0x0000, 0x0000, 0x0000, 0x0000,
    0x07E0, 0x07E0, 0x07E0, 0x07E0, 0x07E0, 0x07E0, 0x07E0, 0x07E0, 0x07E0, 0x0000, 0x632D, 0x632D,
    0x632D, 0x632D, 0x632D, 0x632D, 0x0000, 0x07E0, 0x07E0, 0x07E0, 0x07E0, 0x07E0, 0x07E0, 0x07E0,
    0x0000, 0x52AB, 0x52AC, 0x2841, 0x2841, 0x2841, 0x2841, 0x632D, 0x0000, 0x07E0, 0x07E0, 0x07E0,
    0x07E0, 0x07E0, 0x07E0, 0x07E0, 0x0000, 0x2105, 0x424A, 0x4A8B, 0x4882, 0x4A8B, 0x4882, 0x632D,
    0x0000, 0x07E0, 0x07E0, 0x07E0, 0x07E0, 0x07E0, 0x07E0, 0x07E0, 0x0000, 0x2105, 0x424A, 0x4A8B,
    0x4882, 0x4A8B, 0x4882, 0x632D, 0x0000, 0x07E0, 0x07E0, 0x07E0, 0x07E0, 0x07E0, 0x07E0, 0x0000,
    0x0000, 0x0000, 0x2105, 0x2105, 0x2105, 0x2105, 0x4882, 0x0000, 0x0000, 0x07E0, 0x07E0, 0x07E0,
    0x07E0, 0x0000, 0x0000, 0x7380, 0x0000, 0x0000, 0x0000, 0x0000, 0x0000, 0x0000, 0x0000, 0x58E3,
    0x0000, 0x07E0, 0x07E0, 0x07E0, 0x0000, 0x5AC0, 0x0000, 0x0000, 0x0000, 0x58E3, 0x58E3, 0x58E3,
    0x0000, 0x2987, 0x0000, 0x4882, 0x58E3, 0x0000, 0x07E0, 0x07E0, 0x0000, 0x0000, 0x0000, 0x4882,
    0x4882, 0x4882, 0x4882, 0x4882, 0x58E3, 0x0000, 0x2987, 0x0000, 0x0000, 0x0000, 0x07E0, 0x07E0,
    0x07E0, 0x07E0, 0x0000, 0x4882, 0x4882, 0x4882, 0x0000, 0x0000, 0x0000, 0x0000, 0x0000, 0x8C71,
    0x9CF3, 0x58E3, 0x0000, 0x07E0, 0x07E0, 0x07E0, 0x0000, 0x0000, 0x0000, 0x4A8B, 0x4A69, 0x0000,
    0x8C71, 0x9CF3, 0x8C71, 0x9CF3, 0x0000, 0x4882, 0x0000, 0x59A5, 0x07E0, 0x07E0, 0x07E0, 0x07E0,
    0x0000, 0x4A8B, 0x7380, 0x8C71, 0x9CF3, 0x8C71, 0x0000, 0x0000, 0x0000, 0x4A8B, 0x61C5, 0x07E0,
    0x07E0, 0x07E0, 0x07E0, 0x07E0, 0x0000, 0x0000, 0x4A69, 0x0000, 0x0000, 0x0000, 0x2105, 0x2105,
    0x0000, 0x4228, 0x07E0, 0x07E0, 0x07E0, 0x07E0, 0x07E0, 0x07E0, 0x0000, 0x0000, 0x2105, 0x2105,
    0x2105, 0x2105, 0x2126, 0x0000, 0x61C5, 0x07E0, 0xAD95, 0x07E0, 0x07E0, 0x07E0, 0x07E0, 0x07E0,
    0x07E0, 0x0000, 0x2105, 0x0000, 0x07E0, 0x0000, 0x2105, 0x07E0, 0x07E0, 0x07E0, 0x07E0, 0x07E0,
    0x07E0, 0x07E0, 0x07E0, 0x07E0, 0x07E0, 0x0000, 0x0000, 0x07E0, 0x07E0, 0x0000, 0x0000, 0x07E0,
    0x07E0, 0x07E0, 0x07E0, 0x07E0,
};

/* Timeline frame 25 */
static const uint16_t undying_player_range_right_5[] = {
    0x07E0, 0x07E0, 0x07E0, 0x07E0, 0x07E0, 0x0000, 0x0000, 0x0000, 0x0000, 0x0000, 0x0000, 0x0000,
    0x07E0, 0x07E0, 0x07E0, 0x07E0, 0x07E0, 0x07E0, 0x07E0, 0x07E0, 0x07E0, 0x0000, 0x632D, 0x632D,
    0x632D, 0x632D, 0x632D, 0x632D, 0x0000, 0x07E0, 0x07E0, 0x07E0, 0x07E0, 0x07E0, 0x07E0, 0x07E0,
    0x0000, 0x52AB, 0x52AC, 0x2841, 0x2841, 0x2841, 0x2841, 0x632D, 0x0000, 0x07E0, 0x07E0, 0x07E0,
    0x07E0, 0x07E0, 0x07E0, 0x07E0, 0x0000, 0x2105, 0x424A, 0x4A8B, 0x4882, 0x4A8B, 0x4882, 0x632D,
    0x0000, 0x07E0, 0x07E0, 0x07E0, 0x07E0, 0x07E0, 0x07E0, 0x07E0, 0x0000, 0x2105, 0x424A, 0x4A8B,
    0x4882, 0x4A8B, 0x4882, 0x632D, 0x0000, 0x07E0, 0x07E0, 0x07E0, 0x07E0, 0x07E0, 0x07E0, 0x0000,
    0x0000, 0x0000, 0x2105, 0x2105, 0x2105, 0x2105, 0x4882, 0x0000, 0x0000, 0x07E0, 0x07E0, 0x07E0,
    0x07E0, 0x0000, 0x0000, 0x7380, 0x0000, 0x0000, 0x0000, 0x0000, 0x0000, 0x0000, 0x0000, 0x58E3,
    0x0000, 0x07E0, 0x07E0, 0x07E0, 0x0000, 0x5AC0, 0x0000, 0x0000, 0x0000, 0x58E3, 0x58E3, 0x58E3,
    0x0000, 0x2987, 0x0000, 0x4882, 0x58E3, 0x0000, 0x07E0, 0x07E0, 0x0000, 0x0000, 0x0000, 0x4882,
    0x4882, 0x4882, 0x4882, 0x4882, 0x58E3, 0x0000, 0x2987, 0x0000, 0x0000, 0x0000, 0x07E0, 0x07E0,
    0x07E0, 0x07E0, 0x0000, 0x4882, 0x4882, 0x4882, 0x0000, 0x0000, 0x0000, 0x0000, 0x0000, 0x8C71,
    0x9CF3, 0x58E3, 0x0000, 0x07E0, 0x07E0, 0x07E0, 0x0000, 0x0000, 0x0000, 0x4A8B, 0x4A69, 0x0000,
    0x8C71, 0x9CF3, 0x8C71, 0x9CF3, 0x0000, 0x4882, 0x0000, 0x07E0, 0x07E0, 0x07E0, 0x07E0, 0x07E0,
    0x0000, 0x4A8B, 0x7380, 0x8C71, 0x9CF3, 0x8C71, 0x0000, 0x0000, 0x2105, 0x0000, 0x0000, 0x5184,
    0x07E0, 0x07E0, 0x07E0, 0x07E0, 0x0000, 0x0000, 0x4A69, 0x0000, 0x0000, 0x0000, 0x2105, 0x2105,
    0x5184, 0x0000, 0x5184, 0x07E0, 0x07E0, 0x07E0, 0x07E0, 0x07E0, 0x0000, 0x0000, 0x2105, 0x2105,
    0x2105, 0x2105, 0x2126, 0x0000, 0x07E0, 0x4228, 0x07E0, 0x07E0, 0x07E0, 0x07E0, 0x07E0, 0x07E0,
    0x07E0, 0x0000, 0x2105, 0x0000, 0x07E0, 0x0000, 0x2105, 0x07E0, 0x07E0, 0xAD95, 0x07E0, 0x07E0,
    0x07E0, 0x07E0, 0x07E0, 0x07E0, 0x07E0, 0x0000, 0x0000, 0x07E0, 0x07E0, 0x0000, 0x0000, 0x07E0,
    0x07E0, 0x07E0, 0x07E0, 0x07E0,
};

/* Timeline frame 26 */
static const uint16_t undying_player_idle_right_1[] = {
    0x07E0, 0x07E0, 0x07E0, 0x07E0, 0x07E0, 0x0000, 0x0000, 0x0000, 0x0000, 0x0000, 0x0000, 0x0000,
    0x07E0, 0x07E0, 0x07E0, 0x07E0, 0x07E0, 0x07E0, 0x07E0, 0x07E0, 0x07E0, 0x0000, 0x632D, 0x632D,
    0x632D, 0x632D, 0x632D, 0x632D, 0x0000, 0x07E0, 0x07E0, 0x07E0, 0x07E0, 0x07E0, 0x07E0, 0x07E0,
    0x0000, 0x52AB, 0x52AC, 0x2841, 0x2841, 0x2841, 0x2841, 0x632D, 0x0000, 0x07E0, 0x07E0, 0x07E0,
    0x07E0, 0x07E0, 0x07E0, 0x07E0, 0x0000, 0x2105, 0x424A, 0x4A8B, 0x4882, 0x4A8B, 0x4882, 0x632D,
    0x0000, 0x07E0, 0x07E0, 0x07E0, 0x07E0, 0x07E0, 0x07E0, 0x07E0, 0x0000, 0x2105, 0x424A, 0x4A8B,
    0x4882, 0x4A8B, 0x4882, 0x632D, 0x0000, 0x07E0, 0x07E0, 0x07E0, 0x07E0, 0x07E0, 0x07E0, 0x0000,
    0x0000, 0x0000, 0x2105, 0x2105, 0x2105, 0x2105, 0x4882, 0x0000, 0x0000, 0x07E0, 0x07E0, 0x07E0,
    0x07E0, 0x0000, 0x0000, 0x7380, 0x0000, 0x0000, 0x0000, 0x0000, 0x0000, 0x0000, 0x0000, 0x58E3,
    0x0000, 0x07E0, 0x07E0, 0x07E0, 0x0000, 0x5AC0, 0x0000, 0x0000, 0x0000, 0x58E3, 0x58E3, 0x58E3,
    0x0000, 0x2987, 0x0000, 0x4882, 0x58E3, 0x0000, 0x07E0, 0x07E0, 0x0000, 0x0000, 0x0000, 0x4882,
    0x4882, 0x4882, 0x4882, 0x4882, 0x58E3, 0x0000, 0x2987, 0x0000, 0x0000, 0x0000, 0x07E0, 0x07E0,
    0x07E0, 0x07E0, 0x0000, 0x4882, 0x4882, 0x4882, 0x0000, 0x0000, 0x0000, 0x0000, 0x0000, 0x8C71,
    0x9CF3, 0x58E3, 0x0000, 0x07E0, 0x07E0, 0x07E0, 0x0000, 0x0000, 0x0000, 0x4A8B, 0x4A69, 0x0000,
    0x8C71, 0x9CF3, 0x8C71, 0x9CF3, 0x0000, 0x4882, 0x0000, 0x07E0, 0x07E0, 0x07E0, 0x07E0, 0x07E0,
    0x0000, 0x4A8B, 0x7380, 0x8C71, 0x9CF3, 0x8C71, 0x0000, 0x0000, 0x2105, 0x0000, 0x0000, 0x5184,
    0x07E0, 0x07E0, 0x07E0, 0x07E0, 0x0000, 0x0000, 0x4A69, 0x0000, 0x0000, 0x0000, 0x2105, 0x2105,
    0x5184, 0x0000, 0x5184, 0x07E0, 0x07E0, 0x07E0, 0x07E0, 0x07E0, 0x0000, 0x0000, 0x2105, 0x2105,
    0x2105, 0x2105, 0x2126, 0x0000, 0x07E0, 0x4228, 0x07E0, 0x07E0, 0x07E0, 0x07E0, 0x07E0, 0x07E0,
    0x07E0, 0x0000, 0x2105, 0x0000, 0x07E0, 0x0000, 0x2105, 0x07E0, 0x07E0, 0xAD95, 0x07E0, 0x07E0,
    0x07E0, 0x07E0, 0x07E0, 0x07E0, 0x07E0, 0x0000, 0x0000, 0x07E0, 0x07E0, 0x0000, 0x0000, 0x07E0,
    0x07E0, 0x07E0, 0x07E0, 0x07E0,
};

/* Timeline frame 27 */
static const uint16_t undying_player_walk_right_1[] = {
    0x07E0, 0x07E0, 0x07E0, 0x07E0, 0x07E0, 0x0000, 0x0000, 0x0000, 0x0000, 0x0000, 0x0000, 0x0000,
    0x07E0, 0x07E0, 0x07E0, 0x07E0, 0x07E0, 0x07E0, 0x07E0, 0x07E0, 0x07E0, 0x0000, 0x632D, 0x632D,
    0x632D, 0x632D, 0x632D, 0x632D, 0x0000, 0x07E0, 0x07E0, 0x07E0, 0x07E0, 0x07E0, 0x07E0, 0x07E0,
    0x0000, 0x52AB, 0x52AC, 0x2841, 0x2841, 0x2841, 0x2841, 0x632D, 0x0000, 0x07E0, 0x07E0, 0x07E0,
    0x07E0, 0x07E0, 0x07E0, 0x07E0, 0x0000, 0x2105, 0x424A, 0x4A8B, 0x4882, 0x4A8B, 0x4882, 0x632D,
    0x0000, 0x07E0, 0x07E0, 0x07E0, 0x07E0, 0x07E0, 0x07E0, 0x07E0, 0x0000, 0x2105, 0x424A, 0x4A8B,
    0x4882, 0x4A8B, 0x4882, 0x632D, 0x0000, 0x07E0, 0x07E0, 0x07E0, 0x07E0, 0x07E0, 0x07E0, 0x0000,
    0x0000, 0x0000, 0x2105, 0x2105, 0x2105, 0x2105, 0x4882, 0x0000, 0x0000, 0x07E0, 0x07E0, 0x07E0,
    0x07E0, 0x0000, 0x0000, 0x7380, 0x0000, 0x0000, 0x0000, 0x0000, 0x0000, 0x0000, 0x0000, 0x58E3,
    0x0000, 0x07E0, 0x07E0, 0x07E0, 0x0000, 0x5AC0, 0x0000, 0x0000, 0x0000, 0x58E3, 0x58E3, 0x58E3,
    0x0000, 0x2987, 0x0000, 0x4882, 0x58E3, 0x0000, 0x07E0, 0x07E0, 0x0000, 0x0000, 0x0000, 0x4882,
    0x4882, 0x4882, 0x4882, 0x4882, 0x58E3, 0x0000, 0x2987, 0x0000, 0x0000, 0x0000, 0x07E0, 0x07E0,
    0x07E0, 0x07E0, 0x0000, 0x4882, 0x4882, 0x4882, 0x0000, 0x0000, 0x0000, 0x0000, 0x0000, 0x8C71,
    0x9CF3, 0x58E3, 0x0000, 0x07E0, 0x07E0, 0x07E0, 0x0000, 0x0000, 0x0000, 0x4A8B, 0x4A69, 0x0000,
    0x8C71, 0x9CF3, 0x8C71, 0x9CF3, 0x0000, 0x4882, 0x0000, 0x07E0, 0x07E0, 0x07E0, 0x07E0, 0x07E0,
    0x0000, 0x4A8B, 0x7380, 0x8C71, 0x9CF3, 0x8C71, 0x0000, 0x0000, 0x2105, 0x0000, 0x0000, 0x5184,
    0x07E0, 0x07E0, 0x07E0, 0x07E0, 0x0000, 0x0000, 0x4A69, 0x0000, 0x0000, 0x0000, 0x2105, 0x2105,
    0x5184, 0x0000, 0x5184, 0x07E0, 0x07E0, 0x07E0, 0x07E0, 0x07E0, 0x0000, 0x0000, 0x2105, 0x2105,
    0x2105, 0x2105, 0x2126, 0x0000, 0x07E0, 0x4228, 0x07E0, 0x07E0, 0x07E0, 0x07E0, 0x07E0, 0x07E0,
    0x07E0, 0x0000, 0x2105, 0x0000, 0x07E0, 0x0000, 0x2105, 0x07E0, 0x07E0, 0xAD95, 0x07E0, 0x07E0,
    0x07E0, 0x07E0, 0x07E0, 0x07E0, 0x07E0, 0x0000, 0x0000, 0x07E0, 0x07E0, 0x0000, 0x0000, 0x07E0,
    0x07E0, 0x07E0, 0x07E0, 0x07E0,
};

/* Timeline frame 28 */
static const uint16_t undying_player_walk_right_2[] = {
    0x07E0, 0x07E0, 0x07E0, 0x07E0, 0x07E0, 0x0000, 0x0000, 0x0000, 0x0000, 0x0000, 0x0000, 0x0000,
    0x07E0, 0x07E0, 0x07E0, 0x07E0, 0x07E0, 0x07E0, 0x07E0, 0x07E0, 0x07E0, 0x0000, 0x632D, 0x632D,
    0x632D, 0x632D, 0x632D, 0x632D, 0x0000, 0x07E0, 0x07E0, 0x07E0, 0x07E0, 0x07E0, 0x07E0, 0x07E0,
    0x0000, 0x52AB, 0x52AC, 0x2841, 0x2841, 0x2841, 0x2841, 0x632D, 0x0000, 0x07E0, 0x07E0, 0x07E0,
    0x07E0, 0x07E0, 0x07E0, 0x07E0, 0x0000, 0x2105, 0x424A, 0x4A8B, 0x4882, 0x4A8B, 0x4882, 0x632D,
    0x0000, 0x07E0, 0x07E0, 0x07E0, 0x07E0, 0x07E0, 0x07E0, 0x07E0, 0x0000, 0x2105, 0x424A, 0x4A8B,
    0x4882, 0x4A8B, 0x4882, 0x632D, 0x0000, 0x07E0, 0x07E0, 0x07E0, 0x07E0, 0x07E0, 0x07E0, 0x0000,
    0x0000, 0x0000, 0x2105, 0x2105, 0x2105, 0x2105, 0x4882, 0x0000, 0x0000, 0x07E0, 0x07E0, 0x07E0,
    0x07E0, 0x0000, 0x0000, 0x7380, 0x0000, 0x0000, 0x0000, 0x0000, 0x0000, 0x0000, 0x0000, 0x58E3,
    0x0000, 0x07E0, 0x07E0, 0x07E0, 0x0000, 0x5AC0, 0x0000, 0x0000, 0x0000, 0x58E3, 0x58E3, 0x58E3,
    0x0000, 0x2987, 0x0000, 0x4882, 0x58E3, 0x0000, 0x07E0, 0x07E0, 0x0000, 0x0000, 0x0000, 0x4882,
    0x4882, 0x4882, 0x4882, 0x4882, 0x58E3, 0x0000, 0x2987, 0x0000, 0x0000, 0x0000, 0x07E0, 0x07E0,
    0x07E0, 0x07E0, 0x0000, 0x4882, 0x4882, 0x4882, 0x4882, 0x0000, 0x0000, 0x0000, 0x0000, 0x0000,
    0x8C71, 0x9CF3, 0x0000, 0x07E0, 0x07E0, 0x07E0, 0x0000, 0x0000, 0x0000, 0x0000, 0x4A8B, 0x4A69,
    0x0000, 0x8C71, 0x9CF3, 0x8C71, 0x9CF3, 0x0000, 0x0000, 0x07E0, 0x07E0, 0x07E0, 0x07E0, 0x07E0,
    0x0000, 0x0000, 0x4A8B, 0x7380, 0x8C71, 0x9CF3, 0x8C71, 0x0000, 0x0000, 0x0000, 0x0000, 0x5184,
    0x07E0, 0x07E0, 0x07E0, 0x07E0, 0x07E0, 0x0000, 0x0000, 0x4A69, 0x0000, 0x0000, 0x0000, 0x2105,
    0x5184, 0x0000, 0x5184, 0x07E0, 0x07E0, 0x07E0, 0x07E0, 0x07E0, 0x07E0, 0x0000, 0x2126, 0x2105,
    0x2105, 0x2126, 0x2126, 0x0000, 0x07E0, 0x4228, 0x07E0, 0x07E0, 0x07E0, 0x07E0, 0x07E0, 0x07E0,
    0x07E0, 0x07E0, 0x3187, 0x3187, 0x0000, 0x3187, 0x3187, 0x07E0, 0x07E0, 0xAD95, 0x07E0, 0x07E0,
    0x07E0, 0x07E0, 0x07E0, 0x07E0, 0x07E0, 0x07E0, 0x0000, 0x0000, 0x07E0, 0x07E0, 0x07E0, 0x07E0,
    0x07E0, 0x07E0, 0x07E0, 0x07E0,
};

/* Timeline frame 29 */
static const uint16_t undying_player_walk_right_3[] = {
    0x07E0, 0x07E0, 0x07E0, 0x07E0, 0x07E0, 0x0000, 0x0000, 0x0000, 0x0000, 0x0000, 0x0000, 0x0000,
    0x07E0, 0x07E0, 0x07E0, 0x07E0, 0x07E0, 0x07E0, 0x07E0, 0x07E0, 0x07E0, 0x0000, 0x632D, 0x632D,
    0x632D, 0x632D, 0x632D, 0x632D, 0x0000, 0x07E0, 0x07E0, 0x07E0, 0x07E0, 0x07E0, 0x07E0, 0x07E0,
    0x0000, 0x52AB, 0x52AC, 0x2841, 0x2841, 0x2841, 0x2841, 0x632D, 0x0000, 0x07E0, 0x07E0, 0x07E0,
    0x07E0, 0x07E0, 0x07E0, 0x07E0, 0x0000, 0x2105, 0x424A, 0x4A8B, 0x4882, 0x4A8B, 0x4882, 0x632D,
    0x0000, 0x07E0, 0x07E0, 0x07E0, 0x07E0, 0x07E0, 0x07E0, 0x07E0, 0x0000, 0x2105, 0x424A, 0x4A8B,
    0x4882, 0x4A8B, 0x4882, 0x632D, 0x0000, 0x07E0, 0x07E0, 0x07E0, 0x07E0, 0x07E0, 0x07E0, 0x0000,
    0x0000, 0x0000, 0x2105, 0x2105, 0x2105, 0x2105, 0x4882, 0x0000, 0x0000, 0x07E0, 0x07E0, 0x07E0,
    0x07E0, 0x0000, 0x0000, 0x7380, 0x0000, 0x0000, 0x0000, 0x0000, 0x0000, 0x0000, 0x0000, 0x58E3,
    0x0000, 0x07E0, 0x07E0, 0x07E0, 0x0000, 0x5AC0, 0x0000, 0x0000, 0x0000, 0x58E3, 0x58E3, 0x58E3,
    0x0000, 0x2987, 0x0000, 0x4882, 0x58E3, 0x0000, 0x07E0, 0x07E0, 0x0000, 0x0000, 0x0000, 0x4882,
    0x4882, 0x4882, 0x4882, 0x4882, 0x58E3, 0x0000, 0x2987, 0x0000, 0x0000, 0x0000, 0x07E0, 0x07E0,
    0x07E0, 0x07E0, 0x0000, 0x4882, 0x4882, 0x4882, 0x0000, 0x0000, 0x0000, 0x0000, 0x0000, 0x8C71,
    0x9CF3, 0x58E3, 0x0000, 0x07E0, 0x07E0, 0x07E0, 0x0000, 0x0000, 0x0000, 0x4A8B, 0x4A69, 0x0000,
    0x8C71, 0x9CF3, 0x8C71, 0x9CF3, 0x0000, 0x4882, 0x0000, 0x07E0, 0x07E0, 0x07E0, 0x07E0, 0x07E0,
    0x0000, 0x4A8B, 0x7380, 0x8C71, 0x9CF3, 0x8C71, 0x0000, 0x0000, 0x2105, 0x0000, 0x0000, 0x5184,
    0x07E0, 0x07E0, 0x07E0, 0x07E0, 0x0000, 0x0000, 0x4A69, 0x0000, 0x0000, 0x0000, 0x2105, 0x2105,
    0x5184, 0x0000, 0x5184, 0x07E0, 0x07E0, 0x07E0, 0x07E0, 0x07E0, 0x0000, 0x0000, 0x2105, 0x2105,
    0x2105, 0x2105, 0x2126, 0x0000, 0x07E0, 0x4228, 0x07E0, 0x07E0, 0x07E0, 0x07E0, 0x07E0, 0x07E0,
    0x07E0, 0x0000, 0x2105, 0x0000, 0x07E0, 0x0000, 0x2105, 0x07E0, 0x07E0, 0xAD95, 0x07E0, 0x07E0,
    0x07E0, 0x07E0, 0x07E0, 0x07E0, 0x07E0, 0x0000, 0x0000, 0x07E0, 0x07E0, 0x0000, 0x0000, 0x07E0,
    0x07E0, 0x07E0, 0x07E0, 0x07E0,
};

/* Timeline frame 30 */
static const uint16_t undying_player_walk_right_4[] = {
    0x07E0, 0x07E0, 0x07E0, 0x07E0, 0x07E0, 0x0000, 0x0000, 0x0000, 0x0000, 0x0000, 0x0000, 0x0000,
    0x07E0, 0x07E0, 0x07E0, 0x07E0, 0x07E0, 0x07E0, 0x07E0, 0x07E0, 0x07E0, 0x0000, 0x632D, 0x632D,
    0x632D, 0x632D, 0x632D, 0x632D, 0x0000, 0x07E0, 0x07E0, 0x07E0, 0x07E0, 0x07E0, 0x07E0, 0x07E0,
    0x0000, 0x52AB, 0x52AC, 0x2841, 0x2841, 0x2841, 0x2841, 0x632D, 0x0000, 0x07E0, 0x07E0, 0x07E0,
    0x07E0, 0x07E0, 0x07E0, 0x07E0, 0x0000, 0x2105, 0x424A, 0x4A8B, 0x4882, 0x4A8B, 0x4882, 0x632D,
    0x0000, 0x07E0, 0x07E0, 0x07E0, 0x07E0, 0x07E0, 0x07E0, 0x07E0, 0x0000, 0x2105, 0x424A, 0x4A8B,
    0x4882, 0x4A8B, 0x4882, 0x632D, 0x0000, 0x07E0, 0x07E0, 0x07E0, 0x07E0, 0x07E0, 0x07E0, 0x0000,
    0x0000, 0x0000, 0x2105, 0x2105, 0x2105, 0x2105, 0x4882, 0x0000, 0x0000, 0x07E0, 0x07E0, 0x07E0,
    0x07E0, 0x0000, 0x0000, 0x7380, 0x0000, 0x0000, 0x0000, 0x0000, 0x0000, 0x0000, 0x0000, 0x58E3,
    0x0000, 0x07E0, 0x07E0, 0x07E0, 0x0000, 0x5AC0, 0x0000, 0x0000, 0x0000, 0x58E3, 0x58E3, 0x58E3,
    0x0000, 0x2987, 0x0000, 0x4882, 0x58E3, 0x0000, 0x07E0, 0x07E0, 0x0000, 0x0000, 0x0000, 0x4882,
    0x4882, 0x4882, 0x4882, 0x4882, 0x58E3, 0x0000, 0x2987, 0x0000, 0x0000, 0x0000, 0x07E0, 0x07E0,
    0x07E0, 0x07E0, 0x0000, 0x4882, 0x4882, 0x4882, 0x4882, 0x0000, 0x0000, 0x0000, 0x0000, 0x0000,
    0x8C71, 0x9CF3, 0x0000, 0x07E0, 0x07E0, 0x07E0, 0x0000, 0x0000, 0x0000, 0x0000, 0x528B, 0x4A69,
    0x0000, 0x8C71, 0x9CF3, 0x8C71, 0x9CF3, 0x0000, 0x0000, 0x07E0, 0x07E0, 0x07E0, 0x07E0, 0x07E0,
    0x0000, 0x0000, 0x52AB, 0x7380, 0x8C71, 0x9CF3, 0x8C71, 0x0000, 0x0000, 0x0000, 0x0000, 0x5184,
    0x07E0, 0x07E0, 0x07E0, 0x07E0, 0x07E0, 0x0000, 0x0000, 0x4A69, 0x0000, 0x0000, 0x0000, 0x2105,
    0x5184, 0x0000, 0x5184, 0x07E0, 0x07E0, 0x07E0, 0x07E0, 0x07E0, 0x07E0, 0x0000, 0x2126, 0x2126,
    0x2105, 0x2105, 0x2126, 0x0000, 0x07E0, 0x4228, 0x07E0, 0x07E0, 0x07E0, 0x07E0, 0x07E0, 0x07E0,
    0x07E0, 0x0000, 0x3187, 0x3187, 0x07E0, 0x2126, 0x2105, 0x0000, 0x07E0, 0xAD95, 0x07E0, 0x07E0,
    0x07E0, 0x07E0, 0x07E0, 0x07E0, 0x07E0, 0x07E0, 0x07E0, 0x07E0, 0x07E0, 0x0000, 0x0000, 0x0000,
    0x07E0, 0x07E0, 0x07E0, 0x07E0,
};

/* Timeline frame 31 */
static const uint16_t undying_player_melee_left_1[] = {
    0x07E0, 0x07E0, 0x07E0, 0x07E0, 0x07E0, 0x07E0, 0x0000, 0x0000, 0x0000, 0x0000, 0x0000, 0x0000,
    0x0000, 0x07E0, 0x07E0, 0x07E0, 0x07E0, 0x07E0, 0x07E0, 0x07E0, 0x07E0, 0x0000, 0x632D, 0x632D,
    0x632D, 0x632D, 0x632D, 0x632D, 0x0000, 0x07E0, 0x07E0, 0x07E0, 0x07E0, 0x07E0, 0x07E0, 0x07E0,
    0x07E0, 0x0000, 0x632D, 0x2841, 0x2841, 0x2841, 0x2841, 0x52AC, 0x52AB, 0x0000, 0x07E0, 0x07E0,
    0x07E0, 0x07E0, 0x07E0, 0x07E0, 0x07E0, 0x0000, 0x632D, 0x4882, 0x4A8B, 0x4882, 0x4A8B, 0x424A,
    0x2105, 0x0000, 0x07E0, 0x07E0, 0x07E0, 0x07E0, 0x07E0, 0x07E0, 0x07E0, 0x0000, 0x632D, 0x4882,
    0x4A8B, 0x4882, 0x4A8B, 0x424A, 0x2105, 0x0000, 0x07E0, 0x07E0, 0x07E0, 0x07E0, 0x07E0, 0x07E0,
    0x07E0, 0x0000, 0x0000, 0x2905, 0x2105, 0x4882, 0x2105, 0x2105, 0x0000, 0x0000, 0x0000, 0x07E0,
    0x07E0, 0x07E0, 0x07E0, 0x07E0, 0x07E0, 0x0000, 0x58E3, 0x0000, 0x0000, 0x0000, 0x0000, 0x0000,
    0x0000, 0x0000, 0x58E3, 0x0000, 0x07E0, 0x07E0, 0x07E0, 0x07E0, 0x0000, 0x58E3, 0x4882, 0x0000,
    0x2987, 0x0000, 0x58E3, 0x58E3, 0x58E3, 0x58E3, 0x4882, 0x0000, 0x07E0, 0x07E0, 0x07E0, 0x07E0,
    0x0000, 0x0000, 0x0000, 0x2987, 0x0000, 0x58E3, 0x4882, 0x4882, 0x4882, 0x4882, 0x58E3, 0x0000,
    0x07E0, 0x0000, 0x0000, 0x07E0, 0x0000, 0x0000, 0x0000, 0x0000, 0x0000, 0x4882, 0x4882, 0x4882,
    0x4882, 0x4882, 0x58E3, 0x0000, 0x0000, 0x9CF3, 0x9CF3, 0x0000, 0x0000, 0x4A69, 0x2987, 0x0000,
    0x4882, 0x4882, 0x4882, 0x4882, 0x4882, 0x0000, 0x0000, 0x0000, 0x07E0, 0x0000, 0x9CF3, 0x9CF3,
    0x07E0, 0x7380, 0x2105, 0x0000, 0x0000, 0x0000, 0x0000, 0x0000, 0x0000, 0x0000, 0x07E0, 0x07E0,
    0x07E0, 0x07E0, 0x0000, 0x0000, 0x0000, 0x4A69, 0x0000, 0x2105, 0x2126, 0x4123, 0x4228, 0x0000,
    0x2105, 0x0000, 0x07E0, 0x07E0, 0x07E0, 0x07E0, 0x07E0, 0x07E0, 0x07E0, 0x07E0, 0x07E0, 0x2126,
    0x2105, 0x4228, 0x4123, 0x5184, 0x0000, 0x0000, 0x07E0, 0x07E0, 0x07E0, 0x07E0, 0x07E0, 0x07E0,
    0x07E0, 0x07E0, 0x07E0, 0x2105, 0xAD95, 0x07E0, 0x07E0, 0x2105, 0x0000, 0x07E0, 0x07E0, 0x07E0,
    0x07E0, 0x07E0, 0x07E0, 0x07E0, 0x07E0, 0x07E0, 0x07E0, 0x0000, 0x0000, 0x07E0, 0x07E0, 0x0000,
    0x0000, 0x07E0, 0x07E0, 0x07E0,
};

/* Timeline frame 32 */
static const uint16_t undying_player_melee_left_2[] = {
    0x07E0, 0x07E0, 0x07E0, 0x07E0, 0x07E0, 0x07E0, 0x0000, 0x0000, 0x0000, 0x0000, 0x0000, 0x0000,
    0x0000, 0x07E0, 0x07E0, 0x07E0, 0x07E0, 0x07E0, 0x07E0, 0x07E0, 0x07E0, 0x0000, 0x632D, 0x632D,
    0x632D, 0x632D, 0x632D, 0x632D, 0x0000, 0x07E0, 0x07E0, 0x07E0, 0x07E0, 0x07E0, 0x07E0, 0x0000,
    0x07E0, 0x0000, 0x632D, 0x2841, 0x2841, 0x2841, 0x2841, 0x52AC, 0x52AB, 0x0000, 0x07E0, 0x07E0,
    0x07E0, 0x07E0, 0x0000, 0x9CF3, 0x0000, 0x0000, 0x632D, 0x4882, 0x4A8B, 0x4882, 0x4A8B, 0x424A,
    0x2105, 0x0000, 0x07E0, 0x07E0, 0x07E0, 0x07E0, 0x0000, 0x9CF3, 0x0000, 0x0000, 0x632D, 0x4882,
    0x4A8B, 0x4882, 0x4A8B, 0x424A, 0x2105, 0x0000, 0x07E0, 0x07E0, 0x07E0, 0x07E0, 0x0000, 0x9CF3,
    0x07E0, 0x0000, 0x0000, 0x2905, 0x2105, 0x4882, 0x2105, 0x2105, 0x0000, 0x0000, 0x0000, 0x07E0,
    0x07E0, 0x07E0, 0x07E0, 0x0000, 0x9CF3, 0x0000, 0x58E3, 0x0000, 0x0000, 0x0000, 0x0000, 0x0000,
    0x0000, 0x0000, 0x58E3, 0x0000, 0x07E0, 0x07E0, 0x07E0, 0x07E0, 0x0000, 0x07E0, 0x4882, 0x4A69,
    0x2987, 0x0000, 0x58E3, 0x58E3, 0x58E3, 0x58E3, 0x4882, 0x0000, 0x07E0, 0x07E0, 0x07E0, 0x07E0,
    0x07E0, 0x0000, 0x7380, 0x2987, 0x0000, 0x58E3, 0x4882, 0x4882, 0x4882, 0x4882, 0x58E3, 0x0000,
    0x07E0, 0x07E0, 0x07E0, 0x07E0, 0x07E0, 0x4A69, 0x4882, 0x2987, 0x0000, 0x4882, 0x4882, 0x4882,
    0x4882, 0x4882, 0x58E3, 0x0000, 0x07E0, 0x07E0, 0x07E0, 0x07E0, 0x07E0, 0x07E0, 0x0000, 0x0000,
    0x4882, 0x4882, 0x4882, 0x4882, 0x4882, 0x0000, 0x0000, 0x0000, 0x07E0, 0x07E0, 0x07E0, 0x07E0,
    0x07E0, 0x07E0, 0x2105, 0x0000, 0x0000, 0x0000, 0x0000, 0x0000, 0x0000, 0x0000, 0x4882, 0x0000,
    0x07E0, 0x07E0, 0x07E0, 0x07E0, 0x07E0, 0x07E0, 0x0000, 0x2105, 0x2126, 0x4123, 0x4228, 0x0000,
    0x2105, 0x0000, 0x4882, 0x0000, 0x07E0, 0x07E0, 0x07E0, 0x07E0, 0x07E0, 0x07E0, 0x07E0, 0x2126,
    0x2105, 0x4228, 0x4123, 0x5184, 0x0000, 0x0000, 0x0000, 0x07E0, 0x07E0, 0x07E0, 0x07E0, 0x07E0,
    0x07E0, 0x07E0, 0x07E0, 0x2105, 0xAD95, 0x07E0, 0x07E0, 0x2105, 0x0000, 0x07E0, 0x07E0, 0x07E0,
    0x07E0, 0x07E0, 0x07E0, 0x07E0, 0x07E0, 0x07E0, 0x07E0, 0x0000, 0x0000, 0x07E0, 0x07E0, 0x0000,
    0x0000, 0x07E0, 0x07E0, 0x07E0,
};

/* Timeline frame 33 */
static const uint16_t undying_player_melee_left_3[] = {
    0x07E0, 0x07E0, 0x07E0, 0x07E0, 0x07E0, 0x07E0, 0x0000, 0x0000, 0x0000, 0x0000, 0x0000, 0x0000,
    0x0000, 0x9CF3, 0x9CF3, 0x0000, 0x07E0, 0x07E0, 0x07E0, 0x07E0, 0x07E0, 0x0000, 0x632D, 0x632D,
    0x632D, 0x632D, 0x632D, 0x632D, 0x0000, 0x9CF3, 0x0000, 0x07E0, 0x07E0, 0x07E0, 0x07E0, 0x07E0,
    0x07E0, 0x0000, 0x632D, 0x2841, 0x2841, 0x2841, 0x2841, 0x52AC, 0x52AB, 0x0000, 0x07E0, 0x07E0,
    0x07E0, 0x07E0, 0x07E0, 0x07E0, 0x07E0, 0x0000, 0x632D, 0x4882, 0x4A8B, 0x4882, 0x4A8B, 0x424A,
    0x2105, 0x0000, 0x07E0, 0x07E0, 0x07E0, 0x07E0, 0x07E0, 0x07E0, 0x07E0, 0x0000, 0x632D, 0x4882,
    0x4A8B, 0x4882, 0x4A8B, 0x424A, 0x2105, 0x0000, 0x07E0, 0x07E0, 0x07E0, 0x07E0, 0x07E0, 0x07E0,
    0x07E0, 0x0000, 0x0000, 0x2905, 0x2105, 0x4882, 0x2105, 0x2105, 0x0000, 0x0000, 0x0000, 0x07E0,
    0x07E0, 0x07E0, 0x07E0, 0x07E0, 0x07E0, 0x0000, 0x58E3, 0x0000, 0x0000, 0x0000, 0x0000, 0x0000,
    0x0000, 0x0000, 0x58E3, 0x0000, 0x07E0, 0x07E0, 0x07E0, 0x07E0, 0x0000, 0x58E3, 0x0000, 0x0000,
    0x2987, 0x0000, 0x58E3, 0x58E3, 0x58E3, 0x58E3, 0x4882, 0x0000, 0x07E0, 0x07E0, 0x07E0, 0x07E0,
    0x0000, 0x58E3, 0x0000, 0x2987, 0x0000, 0x58E3, 0x4882, 0x4882, 0x4882, 0x4882, 0x58E3, 0x0000,
    0x07E0, 0x07E0, 0x07E0, 0x07E0, 0x07E0, 0x0000, 0x0000, 0x0000, 0x0000, 0x4882, 0x4882, 0x4882,
    0x4882, 0x4882, 0x58E3, 0x0000, 0x07E0, 0x07E0, 0x07E0, 0x07E0, 0x07E0, 0x07E0, 0x0000, 0x0000,
    0x4882, 0x4882, 0x4882, 0x4882, 0x4882, 0x0000, 0x0000, 0x0000, 0x07E0, 0x07E0, 0x07E0, 0x07E0,
    0x07E0, 0x07E0, 0x2105, 0x0000, 0x0000, 0x0000, 0x0000, 0x0000, 0x0000, 0x0000, 0x4882, 0x0000,
    0x07E0, 0x07E0, 0x07E0, 0x07E0, 0x07E0, 0x07E0, 0x0000, 0x2105, 0x2126, 0x4123, 0x4228, 0x0000,
    0x2105, 0x0000, 0x4882, 0x0000, 0x07E0, 0x07E0, 0x07E0, 0x07E0, 0x07E0, 0x07E0, 0x07E0, 0x2126,
    0x2105, 0x4228, 0x4123, 0x5184, 0x0000, 0x0000, 0x0000, 0x07E0, 0x07E0, 0x07E0, 0x07E0, 0x07E0,
    0x07E0, 0x07E0, 0x07E0, 0x2105, 0xAD95, 0x07E0, 0x07E0, 0x2105, 0x0000, 0x07E0, 0x07E0, 0x07E0,
    0x07E0, 0x07E0, 0x07E0, 0x07E0, 0x07E0, 0x07E0, 0x07E0, 0x0000, 0x0000, 0x07E0, 0x07E0, 0x0000,
    0x0000, 0x07E0, 0x07E0, 0x07E0,
};

/* Timeline frame 34 */
static const uint16_t undying_player_melee_left_4[] = {
    0x07E0, 0x07E0, 0x07E0, 0x07E0, 0x07E0, 0x07E0, 0x0000, 0x0000, 0x0000, 0x0000, 0x0000, 0x0000,
    0x0000, 0x39C7, 0x39C7, 0x07E0, 0x07E0, 0x07E0, 0x07E0, 0x07E0, 0x39C7, 0x0000, 0x632D, 0x632D,
    0x632D, 0x632D, 0x632D, 0x632D, 0x0000, 0x5AEB, 0x5AEB, 0x39C7, 0x07E0, 0x07E0, 0x07E0, 0x0000,
    0x5AEB, 0x0000, 0x632D, 0x2841, 0x2841, 0x2841, 0x2841, 0x52AC, 0x52AB, 0x0000, 0x73AE, 0x5AEB,
    0x07E0, 0x07E0, 0x0000, 0x9CF3, 0x0000, 0x0000, 0x632D, 0x4882, 0x4A8B, 0x4882, 0x4A8B, 0x424A,
    0x2105, 0x0000, 0x73AE, 0x73AE, 0x07E0, 0x07E0, 0x0000, 0x9CF3, 0x0000, 0x0000, 0x632D, 0x4882,
    0x4A8B, 0x4882, 0x4A8B, 0x424A, 0x2105, 0x0000, 0x07E0, 0x73AE, 0x07E0, 0x07E0, 0x0000, 0x9CF3,
    0x07E0, 0x0000, 0x0000, 0x2905, 0x2105, 0x4882, 0x2105, 0x2105, 0x0000, 0x0000, 0x0000, 0x07E0,
    0x07E0, 0x07E0, 0x07E0, 0x0000, 0x9CF3, 0x0000, 0x58E3, 0x0000, 0x0000, 0x0000, 0x0000, 0x0000,
    0x0000, 0x0000, 0x58E3, 0x0000, 0x07E0, 0x07E0, 0x07E0, 0x07E0, 0x0000, 0x07E0, 0x4882, 0x4A69,
    0x2987, 0x0000, 0x58E3, 0x58E3, 0x58E3, 0x58E3, 0x4882, 0x0000, 0x07E0, 0x07E0, 0x07E0, 0x07E0,
    0x07E0, 0x0000, 0x7380, 0x2987, 0x0000, 0x58E3, 0x4882, 0x4882, 0x4882, 0x4882, 0x58E3, 0x0000,
    0x07E0, 0x07E0, 0x07E0, 0x07E0, 0x07E0, 0x4A69, 0x0000, 0x2987, 0x0000, 0x4882, 0x4882, 0x4882,
    0x4882, 0x4882, 0x58E3, 0x0000, 0x07E0, 0x07E0, 0x07E0, 0x07E0, 0x07E0, 0x07E0, 0x0000, 0x0000,
    0x4882, 0x4882, 0x4882, 0x4882, 0x4882, 0x0000, 0x0000, 0x0000, 0x07E0, 0x07E0, 0x07E0, 0x07E0,
    0x07E0, 0x07E0, 0x2105, 0x0000, 0x0000, 0x0000, 0x0000, 0x0000, 0x0000, 0x0000, 0x4882, 0x0000,
    0x07E0, 0x07E0, 0x07E0, 0x07E0, 0x07E0, 0x07E0, 0x0000, 0x2105, 0x2126, 0x4123, 0x4228, 0x0000,
    0x2105, 0x0000, 0x4882, 0x0000, 0x07E0, 0x07E0, 0x07E0, 0x07E0, 0x07E0, 0x07E0, 0x07E0, 0x2126,
    0x2105, 0x4228, 0x4123, 0x5184, 0x0000, 0x0000, 0x0000, 0x07E0, 0x07E0, 0x07E0, 0x07E0, 0x07E0,
    0x07E0, 0x07E0, 0x07E0, 0x2105, 0xAD95, 0x07E0, 0x07E0, 0x2105, 0x0000, 0x07E0, 0x07E0, 0x07E0,
    0x07E0, 0x07E0, 0x07E0, 0x07E0, 0x07E0, 0x07E0, 0x07E0, 0x0000, 0x0000, 0x07E0, 0x07E0, 0x0000,
    0x0000, 0x07E0, 0x07E0, 0x07E0,
};

/* Timeline frame 35 */
static const uint16_t undying_player_melee_left_5[] = {
    0x07E0, 0x07E0, 0x07E0, 0x07E0, 0x39C7, 0x5AEB, 0x0000, 0x0000, 0x0000, 0x0000, 0x0000, 0x0000,
    0x0000, 0x07E0, 0x07E0, 0x07E0, 0x07E0, 0x07E0, 0x07E0, 0x39C7, 0x5AEB, 0x0000, 0x632D, 0x632D,
    0x632D, 0x632D, 0x632D, 0x632D, 0x0000, 0x07E0, 0x07E0, 0x07E0, 0x07E0, 0x07E0, 0x39C7, 0x5AEB,
    0x73AE, 0x0000, 0x632D, 0x2841, 0x2841, 0x2841, 0x2841, 0x52AC, 0x52AB, 0x0000, 0x07E0, 0x07E0,
    0x07E0, 0x07E0, 0x39C7, 0x5AEB, 0x73AE, 0x0000, 0x632D, 0x4882, 0x4A8B, 0x4882, 0x4A8B, 0x424A,
    0x2105, 0x0000, 0x07E0, 0x07E0, 0x07E0, 0x07E0, 0x39C7, 0x5AEB, 0x73AE, 0x0000, 0x632D, 0x4882,
    0x4A8B, 0x4882, 0x4A8B, 0x424A, 0x2105, 0x0000, 0x07E0, 0x07E0, 0x07E0, 0x39C7, 0x5AEB, 0x73AE,
    0x73AE, 0x0000, 0x0000, 0x2905, 0x2105, 0x4882, 0x2105, 0x2105, 0x0000, 0x0000, 0x0000, 0x07E0,
    0x07E0, 0x39C7, 0x5AEB, 0x73AE, 0x73AE, 0x0000, 0x58E3, 0x0000, 0x0000, 0x0000, 0x0000, 0x0000,
    0x0000, 0x0000, 0x58E3, 0x0000, 0x07E0, 0x39C7, 0x5AEB, 0x73AE, 0x0000, 0x0000, 0x4882, 0x0000,
    0x2987, 0x0000, 0x58E3, 0x58E3, 0x58E3, 0x58E3, 0x4882, 0x0000, 0x39C7, 0x5AEB, 0x73AE, 0x73AE,
    0x0000, 0x0000, 0x0000, 0x2987, 0x0000, 0x58E3, 0x4882, 0x4882, 0x4882, 0x4882, 0x58E3, 0x0000,
    0x39C7, 0x0000, 0x0000, 0x73AE, 0x0000, 0x0000, 0x0000, 0x0000, 0x0000, 0x4882, 0x4882, 0x4882,
    0x4882, 0x4882, 0x58E3, 0x0000, 0x0000, 0x9CF3, 0x9CF3, 0x0000, 0x0000, 0x4A69, 0x2987, 0x0000,
    0x4882, 0x4882, 0x4882, 0x4882, 0x4882, 0x0000, 0x0000, 0x0000, 0x07E0, 0x0000, 0x9CF3, 0x9CF3,
    0x07E0, 0x7380, 0x2105, 0x0000, 0x0000, 0x0000, 0x0000, 0x0000, 0x0000, 0x0000, 0x4882, 0x0000,
    0x07E0, 0x07E0, 0x0000, 0x0000, 0x0000, 0x4A69, 0x0000, 0x2105, 0x2126, 0xAD95, 0x4228, 0x0000,
    0x2105, 0x0000, 0x4882, 0x0000, 0x07E0, 0x07E0, 0x07E0, 0x07E0, 0x07E0, 0x07E0, 0x07E0, 0x2126,
    0x2105, 0x4123, 0x4123, 0x5184, 0x0000, 0x0000, 0x0000, 0x07E0, 0x07E0, 0x07E0, 0x07E0, 0x07E0,
    0x07E0, 0x07E0, 0x07E0, 0x2105, 0x2105, 0x07E0, 0x07E0, 0x2105, 0x0000, 0x07E0, 0x07E0, 0x07E0,
    0x07E0, 0x07E0, 0x07E0, 0x07E0, 0x07E0, 0x07E0, 0x07E0, 0x0000, 0x0000, 0x07E0, 0x07E0, 0x0000,
    0x0000, 0x07E0, 0x07E0, 0x07E0,
};

/* Timeline frame 36 */
static const uint16_t undying_player_range_left_1[] = {
    0x07E0, 0x07E0, 0x07E0, 0x07E0, 0x07E0, 0x07E0, 0x0000, 0x0000, 0x0000, 0x0000, 0x0000, 0x0000,
    0x0000, 0x07E0, 0x07E0, 0x07E0, 0x07E0, 0x07E0, 0x07E0, 0x07E0, 0x07E0, 0x0000, 0x632D, 0x632D,
    0x632D, 0x632D, 0x632D, 0x632D, 0x0000, 0x07E0, 0x07E0, 0x07E0, 0x07E0, 0x07E0, 0x07E0, 0x07E0,
    0x07E0, 0x0000, 0x632D, 0x2841, 0x2841, 0x2841, 0x2841, 0x52AC, 0x52AB, 0x0000, 0x07E0, 0x07E0,
    0x07E0, 0x07E0, 0x07E0, 0x07E0, 0x07E0, 0x0000, 0x632D, 0x4882, 0x4A8B, 0x4882, 0x4A8B, 0x424A,
    0x2105, 0x0000, 0x07E0, 0x07E0, 0x07E0, 0x07E0, 0x07E0, 0x07E0, 0x07E0, 0x0000, 0x632D, 0x4882,
    0x4A8B, 0x4882, 0x4A8B, 0x424A, 0x2105, 0x0000, 0x07E0, 0x07E0, 0x07E0, 0x07E0, 0x07E0, 0x07E0,
    0x07E0, 0x0000, 0x0000, 0x2905, 0x2105, 0x4882, 0x2105, 0x2105, 0x0000, 0x0000, 0x0000, 0x07E0,
    0x07E0, 0x07E0, 0x07E0, 0x07E0, 0x07E0, 0x0000, 0x58E3, 0x0000, 0x0000, 0x0000, 0x0000, 0x0000,
    0x0000, 0x0000, 0x58E3, 0x0000, 0x07E0, 0x07E0, 0x07E0, 0x07E0, 0x0000, 0x58E3, 0x4882, 0x0000,
    0x2987, 0x0000, 0x58E3, 0x58E3, 0x58E3, 0x58E3, 0x4882, 0x0000, 0x07E0, 0x07E0, 0x07E0, 0x07E0,
    0x0000, 0x0000, 0x0000, 0x2987, 0x0000, 0x58E3, 0x4882, 0x4882, 0x4882, 0x4882, 0x58E3, 0x0000,
    0x07E0, 0x0000, 0x0000, 0x07E0, 0x0000, 0x0000, 0x0000, 0x0000, 0x0000, 0x4882, 0x4882, 0x4882,
    0x4882, 0x4882, 0x58E3, 0x0000, 0x0000, 0x9CF3, 0x9CF3, 0x0000, 0x0000, 0x4A69, 0x2987, 0x0000,
    0x4882, 0x4882, 0x4882, 0x4882, 0x4882, 0x0000, 0x0000, 0x0000, 0x07E0, 0x0000, 0x9CF3, 0x9CF3,
    0x07E0, 0x7380, 0x2105, 0x0000, 0x0000, 0x0000, 0x0000, 0x0000, 0x0000, 0x0000, 0x07E0, 0x07E0,
    0x07E0, 0x07E0, 0x0000, 0x0000, 0x0000, 0x4A69, 0x0000, 0x2105, 0x2126, 0x4123, 0x4228, 0x0000,
    0x2105, 0x0000, 0x07E0, 0x07E0, 0x07E0, 0x07E0, 0x07E0, 0x07E0, 0x07E0, 0x07E0, 0x07E0, 0x2126,
    0x2105, 0x4228, 0x4123, 0x5184, 0x0000, 0x0000, 0x07E0, 0x07E0, 0x07E0, 0x07E0, 0x07E0, 0x07E0,
    0x07E0, 0x07E0, 0x07E0, 0x2105, 0xAD95, 0x07E0, 0x07E0, 0x2105, 0x0000, 0x07E0, 0x07E0, 0x07E0,
    0x07E0, 0x07E0, 0x07E0, 0x07E0, 0x07E0, 0x07E0, 0x07E0, 0x0000, 0x0000, 0x07E0, 0x07E0, 0x0000,
    0x0000, 0x07E0, 0x07E0, 0x07E0,
};

/* Timeline frame 37 */
static const uint16_t undying_player_range_left_2[] = {
    0x07E0, 0x07E0, 0x07E0, 0x07E0, 0x07E0, 0x07E0, 0x0000, 0x0000, 0x0000, 0x0000, 0x0000, 0x0000,
    0x0000, 0x07E0, 0x07E0, 0x07E0, 0x07E0, 0x07E0, 0x07E0, 0x07E0, 0x07E0, 0x0000, 0x632D, 0x632D,
    0x632D, 0x632D, 0x632D, 0x632D, 0x0000, 0x07E0, 0x07E0, 0x07E0, 0x07E0, 0x07E0, 0x07E0, 0x07E0,
    0x07E0, 0x0000, 0x632D, 0x2841, 0x2841, 0x2841, 0x2841, 0x52AC, 0x52AB, 0x0000, 0x07E0, 0x07E0,
    0x07E0, 0x07E0, 0x07E0, 0x07E0, 0x07E0, 0x0000, 0x632D, 0x4882, 0x4A8B, 0x4882, 0x4A8B, 0x424A,
    0x2105, 0x0000, 0x07E0, 0x07E0, 0x07E0, 0x07E0, 0x07E0, 0x07E0, 0x07E0, 0x0000, 0x632D, 0x4882,
    0x4A8B, 0x4882, 0x4A8B, 0x424A, 0x2105, 0x0000, 0x07E0, 0x07E0, 0x07E0, 0x07E0, 0x07E0, 0x07E0,
    0x07E0, 0x0000, 0x0000, 0x2905, 0x2105, 0x4882, 0x2105, 0x2105, 0x0000, 0x0000, 0x0000, 0x07E0,
    0x07E0, 0x07E0, 0x07E0, 0x07E0, 0x07E0, 0x0000, 0x58E3, 0x0000, 0x0000, 0x0000, 0x0000, 0x0000,
    0x0000, 0x0000, 0x58E3, 0x0000, 0x07E0, 0x07E0, 0x07E0, 0x07E0, 0x0000, 0x58E3, 0x4882, 0x0000,
    0x2146, 0x0000, 0x2926, 0x0000, 0x58E3, 0x58E3, 0x4882, 0x0000, 0x07E0, 0x07E0, 0x07E0, 0x07E0,
    0x0000, 0x0000, 0x0000, 0x0000, 0x2105, 0x0000, 0x2905, 0x0000, 0x0000, 0x4882, 0x4882, 0x0000,
    0x07E0, 0x0000, 0x0000, 0x07E0, 0x0000, 0x0000, 0x0000, 0x0000, 0x0000, 0x0000, 0x2905, 0x0000,
    0x2987, 0x4882, 0x4882, 0x0000, 0x0000, 0x9CF3, 0x9CF3, 0x0000, 0x0000, 0x4A69, 0x2987, 0x0000,
    0x30E2, 0x30E2, 0x0000, 0x0000, 0x0000, 0x0000, 0x4882, 0x0000, 0x07E0, 0x0000, 0x9CF3, 0x9CF3,
    0x07E0, 0x7380, 0x2105, 0x0000, 0x0000, 0x4123, 0x4228, 0x2987, 0x0000, 0x0000, 0x4882, 0x0000,
    0x07E0, 0x07E0, 0x0000, 0x0000, 0x0000, 0x4A69, 0x0000, 0x0000, 0x0000, 0xAD95, 0x4123, 0x5184,
    0x2105, 0x0000, 0x4882, 0x0000, 0x07E0, 0x07E0, 0x07E0, 0x07E0, 0x07E0, 0x07E0, 0x07E0, 0x2126,
    0x2105, 0x2105, 0x2105, 0x5184, 0x0000, 0x0000, 0x0000, 0x07E0, 0x07E0, 0x07E0, 0x07E0, 0x07E0,
    0x07E0, 0x07E0, 0x07E0, 0x2105, 0x0000, 0x07E0, 0x07E0, 0x2105, 0x0000, 0x07E0, 0x07E0, 0x07E0,
    0x07E0, 0x07E0, 0x07E0, 0x07E0, 0x07E0, 0x07E0, 0x07E0, 0x0000, 0x0000, 0x07E0, 0x07E0, 0x0000,
    0x0000, 0x07E0, 0x07E0, 0x07E0,
};

/* Timeline frame 38 */
static const uint16_t undying_player_range_left_3[] = {
    0x07E0, 0x07E0, 0x07E0, 0x07E0, 0x07E0, 0x07E0, 0x0000, 0x0000, 0x0000, 0x0000, 0x0000, 0x0000,
    0x0000, 0x07E0, 0x07E0, 0x07E0, 0x07E0, 0x07E0, 0x07E0, 0x07E0, 0x07E0, 0x0000, 0x632D, 0x632D,
    0x632D, 0x632D, 0x632D, 0x632D, 0x0000, 0x07E0, 0x07E0, 0x07E0, 0x07E0, 0x07E0, 0x07E0, 0x07E0,
    0x07E0, 0x0000, 0x632D, 0x2841, 0x2841, 0x2841, 0x2841, 0x52AC, 0x52AB, 0x0000, 0x07E0, 0x07E0,
    0x07E0, 0x07E0, 0x07E0, 0x07E0, 0x07E0, 0x0000, 0x632D, 0x4882, 0x4A8B, 0x4882, 0x4A8B, 0x424A,
    0x2105, 0x0000, 0x07E0, 0x07E0, 0x07E0, 0x07E0, 0x07E0, 0x07E0, 0x07E0, 0x0000, 0x632D, 0x4882,
    0x4A8B, 0x4882, 0x4A8B, 0x424A, 0x2105, 0x0000, 0x07E0, 0x07E0, 0x07E0, 0x07E0, 0x07E0, 0x07E0,
    0x07E0, 0x0000, 0x0000, 0x2905, 0x2105, 0x4882, 0x2105, 0x2105, 0x0000, 0x0000, 0x0000, 0x07E0,
    0x07E0, 0x07E0, 0x07E0, 0x07E0, 0x07E0, 0x0000, 0x58E3, 0x0000, 0x0000, 0x0000, 0x0000, 0x0000,
    0x0000, 0x0000, 0x58E3, 0x0000, 0x07E0, 0x07E0, 0x07E0, 0x07E0, 0x0000, 0x58E3, 0x4882, 0x0000,
    0x2146, 0x0000, 0x2926, 0x0000, 0x58E3, 0x58E3, 0x4882, 0x0000, 0x07E0, 0x07E0, 0x07E0, 0x07E0,
    0x0000, 0x0000, 0x0000, 0x0000, 0x4123, 0x0000, 0x2905, 0x0000, 0x0000, 0x4882, 0x4882, 0x0000,
    0x07E0, 0x0000, 0x0000, 0x07E0, 0x0000, 0x0000, 0x0000, 0x61C5, 0x2105, 0x0000, 0x2905, 0x0000,
    0x2987, 0x4882, 0x4882, 0x0000, 0x0000, 0x9CF3, 0x9CF3, 0x0000, 0x0000, 0x4A69, 0x2987, 0x61C5,
    0x0000, 0x4228, 0x2987, 0x2987, 0x0000, 0x0000, 0x4882, 0x0000, 0x07E0, 0x0000, 0x9CF3, 0x9CF3,
    0x07E0, 0x7380, 0x2105, 0x0000, 0xAD95, 0x18C4, 0x18C4, 0x18C4, 0x0000, 0x0000, 0x4882, 0x0000,
    0x07E0, 0x07E0, 0x0000, 0x0000, 0x0000, 0x4A69, 0x0000, 0x18C4, 0x18C4, 0x61C5, 0x61C5, 0x4123,
    0x2105, 0x0000, 0x4882, 0x0000, 0x07E0, 0x07E0, 0x07E0, 0x07E0, 0x07E0, 0x07E0, 0x07E0, 0x2987,
    0x2105, 0x2987, 0x2987, 0x2105, 0x2105, 0x0000, 0x0000, 0x07E0, 0x07E0, 0x07E0, 0x07E0, 0x07E0,
    0x07E0, 0x07E0, 0x07E0, 0x2105, 0x0000, 0x07E0, 0x07E0, 0x2105, 0x0000, 0x07E0, 0x07E0, 0x07E0,
    0x07E0, 0x07E0, 0x07E0, 0x07E0, 0x07E0, 0x07E0, 0x07E0, 0x0000, 0x0000, 0x07E0, 0x07E0, 0x0000,
    0x0000, 0x07E0, 0x07E0, 0x07E0,
};

/* Timeline frame 39 */
static const uint16_t undying_player_range_left_4[] = {
    0x07E0, 0x07E0, 0x07E0, 0x07E0, 0x07E0, 0x07E0, 0x0000, 0x0000, 0x0000, 0x0000, 0x0000, 0x0000,
    0x0000, 0x07E0, 0x07E0, 0x07E0, 0x07E0, 0x07E0, 0x07E0, 0x07E0, 0x07E0, 0x0000, 0x632D, 0x632D,
    0x632D, 0x632D, 0x632D, 0x632D, 0x0000, 0x07E0, 0x07E0, 0x07E0, 0x07E0, 0x07E0, 0x07E0, 0x07E0,
    0x07E0, 0x0000, 0x632D, 0x2841, 0x2841, 0x2841, 0x2841, 0x52AC, 0x52AB, 0x0000, 0x07E0, 0x07E0,
    0x07E0, 0x07E0, 0x07E0, 0x07E0, 0x07E0, 0x0000, 0x632D, 0x4882, 0x4A8B, 0x4882, 0x4A8B, 0x424A,
    0x2105, 0x0000, 0x07E0, 0x07E0, 0x07E0, 0x07E0, 0x07E0, 0x07E0, 0x07E0, 0x0000, 0x632D, 0x4882,
    0x4A8B, 0x4882, 0x4A8B, 0x424A, 0x2105, 0x0000, 0x07E0, 0x07E0, 0x07E0, 0x07E0, 0x07E0, 0x07E0,
    0x07E0, 0x0000, 0x0000, 0x2905, 0x2105, 0x4882, 0x2105, 0x2105, 0x0000, 0x0000, 0x0000, 0x07E0,
    0x07E0, 0x07E0, 0x07E0, 0x07E0, 0x07E0, 0x0000, 0x58E3, 0x0000, 0x0000, 0x0000, 0x0000, 0x0000,
    0x0000, 0x0000, 0x58E3, 0x0000, 0x07E0, 0x07E0, 0x07E0, 0x07E0, 0x0000, 0x58E3, 0x4882, 0x0000,
    0x2146, 0x0000, 0x2926, 0x0000, 0x58E3, 0x58E3, 0x4882, 0x0000, 0x07E0, 0x07E0, 0x07E0, 0x07E0,
    0x0000, 0x0000, 0x0000, 0x0000, 0x2105, 0x0000, 0x2905, 0x0000, 0x0000, 0x4882, 0x4882, 0x0000,
    0x07E0, 0x0000, 0x0000, 0x07E0, 0x0000, 0x0000, 0x0000, 0x0000, 0x0000, 0x0000, 0x2905, 0x0000,
    0x2987, 0x4882, 0x4882, 0x0000, 0x0000, 0x9CF3, 0x9CF3, 0x0000, 0x0000, 0x4A69, 0x2987, 0x0000,
    0x30E2, 0x30E2, 0x0000, 0x0000, 0x0000, 0x0000, 0x4882, 0x0000, 0x07E0, 0x0000, 0x9CF3, 0x9CF3,
    0x07E0, 0x7380, 0x2105, 0x0000, 0x0000, 0x4123, 0x4228, 0x2987, 0x0000, 0x0000, 0x4882, 0x0000,
    0x07E0, 0x07E0, 0x0000, 0x0000, 0x0000, 0x4A69, 0x0000, 0x0000, 0x0000, 0xAD95, 0x4123, 0x5184,
    0x2105, 0x0000, 0x4882, 0x0000, 0x07E0, 0x07E0, 0x07E0, 0x07E0, 0x07E0, 0x07E0, 0x07E0, 0x2126,
    0x2105, 0x2105, 0x2105, 0x5184, 0x0000, 0x0000, 0x0000, 0x07E0, 0x07E0, 0x07E0, 0x07E0, 0x07E0,
    0x07E0, 0x07E0, 0x07E0, 0x2105, 0x0000, 0x07E0, 0x07E0, 0x2105, 0x0000, 0x07E0, 0x07E0, 0x07E0,
    0x07E0, 0x07E0, 0x07E0, 0x07E0, 0x07E0, 0x07E0, 0x07E0, 0x0000, 0x0000, 0x07E0, 0x07E0, 0x0000,
    0x0000, 0x07E0, 0x07E0, 0x07E0,
};

/* Timeline frame 40 */
static const uint16_t undying_player_range_left_5[] = {
    0x07E0, 0x07E0, 0x07E0, 0x07E0, 0x07E0, 0x07E0, 0x0000, 0x0000, 0x0000, 0x0000, 0x0000, 0x0000,
    0x0000, 0x07E0, 0x07E0, 0x07E0, 0x07E0, 0x07E0, 0x07E0, 0x07E0, 0x07E0, 0x0000, 0x632D, 0x632D,
    0x632D, 0x632D, 0x632D, 0x632D, 0x0000, 0x07E0, 0x07E0, 0x07E0, 0x07E0, 0x07E0, 0x07E0, 0x07E0,
    0x07E0, 0x0000, 0x632D, 0x2841, 0x2841, 0x2841, 0x2841, 0x52AC, 0x52AB, 0x0000, 0x07E0, 0x07E0,
    0x07E0, 0x07E0, 0x07E0, 0x07E0, 0x07E0, 0x0000, 0x632D, 0x4882, 0x4A8B, 0x4882, 0x4A8B, 0x424A,
    0x2105, 0x0000, 0x07E0, 0x07E0, 0x07E0, 0x07E0, 0x07E0, 0x07E0, 0x07E0, 0x0000, 0x632D, 0x4882,
    0x4A8B, 0x4882, 0x4A8B, 0x424A, 0x2105, 0x0000, 0x07E0, 0x07E0, 0x07E0, 0x07E0, 0x07E0, 0x07E0,
    0x07E0, 0x0000, 0x0000, 0x2905, 0x2105, 0x4882, 0x2105, 0x2105, 0x0000, 0x0000, 0x0000, 0x07E0,
    0x07E0, 0x07E0, 0x07E0, 0x07E0, 0x07E0, 0x0000, 0x58E3, 0x0000, 0x0000, 0x0000, 0x0000, 0x0000,
    0x0000, 0x0000, 0x58E3, 0x0000, 0x07E0, 0x07E0, 0x07E0, 0x07E0, 0x0000, 0x58E3, 0x4882, 0x0000,
    0x2987, 0x0000, 0x58E3, 0x58E3, 0x58E3, 0x58E3, 0x4882, 0x0000, 0x07E0, 0x07E0, 0x07E0, 0x07E0,
    0x0000, 0x0000, 0x0000, 0x2987, 0x0000, 0x58E3, 0x4882, 0x4882, 0x4882, 0x4882, 0x58E3, 0x0000,
    0x07E0, 0x0000, 0x0000, 0x07E0, 0x0000, 0x0000, 0x0000, 0x0000, 0x0000, 0x4882, 0x4882, 0x4882,
    0x4882, 0x4882, 0x58E3, 0x0000, 0x0000, 0x9CF3, 0x9CF3, 0x0000, 0x0000, 0x4A69, 0x2987, 0x0000,
    0x4882, 0x4882, 0x4882, 0x4882, 0x4882, 0x0000, 0x0000, 0x0000, 0x07E0, 0x0000, 0x9CF3, 0x9CF3,
    0x07E0, 0x7380, 0x2105, 0x0000, 0x0000, 0x0000, 0x0000, 0x0000, 0x0000, 0x0000, 0x07E0, 0x07E0,
    0x07E0, 0x07E0, 0x0000, 0x0000, 0x0000, 0x4A69, 0x0000, 0x2105, 0x2126, 0x4123, 0x4228, 0x0000,
    0x2105, 0x0000, 0x07E0, 0x07E0, 0x07E0, 0x07E0, 0x07E0, 0x07E0, 0x07E0, 0x07E0, 0x07E0, 0x2126,
    0x2105, 0x4228, 0x4123, 0x5184, 0x0000, 0x0000, 0x07E0, 0x07E0, 0x07E0, 0x07E0, 0x07E0, 0x07E0,
    0x07E0, 0x07E0, 0x07E0, 0x2105, 0xAD95, 0x07E0, 0x07E0, 0x2105, 0x0000, 0x07E0, 0x07E0, 0x07E0,
    0x07E0, 0x07E0, 0x07E0, 0x07E0, 0x07E0, 0x07E0, 0x07E0, 0x0000, 0x0000, 0x07E0, 0x07E0, 0x0000,
    0x0000, 0x07E0, 0x07E0, 0x07E0,
};

/* Timeline frame 41 */
static const uint16_t undying_player_idle_left_1[] = {
    0x07E0, 0x07E0, 0x07E0, 0x07E0, 0x07E0, 0x07E0, 0x0000, 0x0000, 0x0000, 0x0000, 0x0000, 0x0000,
    0x0000, 0x07E0, 0x07E0, 0x07E0, 0x07E0, 0x07E0, 0x07E0, 0x07E0, 0x07E0, 0x0000, 0x632D, 0x632D,
    0x632D, 0x632D, 0x632D, 0x632D, 0x0000, 0x07E0, 0x07E0, 0x07E0, 0x07E0, 0x07E0, 0x07E0, 0x07E0,
    0x07E0, 0x0000, 0x632D, 0x2841, 0x2841, 0x2841, 0x2841, 0x52AC, 0x52AB, 0x0000, 0x07E0, 0x07E0,
    0x07E0, 0x07E0, 0x07E0, 0x07E0, 0x07E0, 0x0000, 0x632D, 0x4882, 0x4A8B, 0x4882, 0x4A8B, 0x424A,
    0x2105, 0x0000, 0x07E0, 0x07E0, 0x07E0, 0x07E0, 0x07E0, 0x07E0, 0x07E0, 0x0000, 0x632D, 0x4882,
    0x4A8B, 0x4882, 0x4A8B, 0x424A, 0x2105, 0x0000, 0x07E0, 0x07E0, 0x07E0, 0x07E0, 0x07E0, 0x07E0,
    0x07E0, 0x0000, 0x0000, 0x2905, 0x2105, 0x4882, 0x2105, 0x2105, 0x0000, 0x0000, 0x0000, 0x07E0,
    0x07E0, 0x07E0, 0x07E0, 0x07E0, 0x07E0, 0x0000, 0x58E3, 0x0000, 0x0000, 0x0000, 0x0000, 0x0000,
    0x0000, 0x0000, 0x58E3, 0x0000, 0x07E0, 0x07E0, 0x07E0, 0x07E0, 0x0000, 0x58E3, 0x4882, 0x0000,
    0x2987, 0x0000, 0x58E3, 0x58E3, 0x58E3, 0x58E3, 0x4882, 0x0000, 0x07E0, 0x07E0, 0x07E0, 0x07E0,
    0x0000, 0x0000, 0x0000, 0x2987, 0x0000, 0x58E3, 0x4882, 0x4882, 0x4882, 0x4882, 0x58E3, 0x0000,
    0x07E0, 0x0000, 0x0000, 0x07E0, 0x0000, 0x0000, 0x0000, 0x0000, 0x0000, 0x4882, 0x4882, 0x4882,
    0x4882, 0x4882, 0x58E3, 0x0000, 0x0000, 0x9CF3, 0x9CF3, 0x0000, 0x0000, 0x4A69, 0x2987, 0x0000,
    0x4882, 0x4882, 0x4882, 0x4882, 0x4882, 0x0000, 0x0000, 0x0000, 0x07E0, 0x0000, 0x9CF3, 0x9CF3,
    0x07E0, 0x7380, 0x2105, 0x0000, 0x0000, 0x0000, 0x0000, 0x0000, 0x0000, 0x0000, 0x07E0, 0x07E0,
    0x07E0, 0x07E0, 0x0000, 0x0000, 0x0000, 0x4A69, 0x0000, 0x2105, 0x2126, 0x4123, 0x4228, 0x0000,
    0x2105, 0x0000, 0x07E0, 0x07E0, 0x07E0, 0x07E0, 0x07E0, 0x07E0, 0x07E0, 0x07E0, 0x07E0, 0x2126,
    0x2105, 0x4228, 0x4123, 0x5184, 0x0000, 0x0000, 0x07E0, 0x07E0, 0x07E0, 0x07E0, 0x07E0, 0x07E0,
    0x07E0, 0x07E0, 0x07E0, 0x2105, 0xAD95, 0x07E0, 0x07E0, 0x2105, 0x0000, 0x07E0, 0x07E0, 0x07E0,
    0x07E0, 0x07E0, 0x07E0, 0x07E0, 0x07E0, 0x07E0, 0x07E0, 0x0000, 0x0000, 0x07E0, 0x07E0, 0x0000,
    0x0000, 0x07E0, 0x07E0, 0x07E0,
};

/* Timeline frame 42 */
static const uint16_t undying_player_walk_left_1[] = {
    0x07E0, 0x07E0, 0x07E0, 0x07E0, 0x07E0, 0x07E0, 0x0000, 0x0000, 0x0000, 0x0000, 0x0000, 0x0000,
    0x0000, 0x07E0, 0x07E0, 0x07E0, 0x07E0, 0x07E0, 0x07E0, 0x07E0, 0x07E0, 0x0000, 0x632D, 0x632D,
    0x632D, 0x632D, 0x632D, 0x632D, 0x0000, 0x07E0, 0x07E0, 0x07E0, 0x07E0, 0x07E0, 0x07E0, 0x07E0,
    0x07E0, 0x0000, 0x632D, 0x2841, 0x2841, 0x2841, 0x2841, 0x52AC, 0x52AB, 0x0000, 0x07E0, 0x07E0,
    0x07E0, 0x07E0, 0x07E0, 0x07E0, 0x07E0, 0x0000, 0x632D, 0x4882, 0x4A8B, 0x4882, 0x4A8B, 0x424A,
    0x2105, 0x0000, 0x07E0, 0x07E0, 0x07E0, 0x07E0, 0x07E0, 0x07E0, 0x07E0, 0x0000, 0x632D, 0x4882,
    0x4A8B, 0x4882, 0x4A8B, 0x424A, 0x2105, 0x0000, 0x07E0, 0x07E0, 0x07E0, 0x07E0, 0x07E0, 0x07E0,
    0x07E0, 0x0000, 0x0000, 0x2905, 0x2105, 0x4882, 0x2105, 0x2105, 0x0000, 0x0000, 0x0000, 0x07E0,
    0x07E0, 0x07E0, 0x07E0, 0x07E0, 0x07E0, 0x0000, 0x58E3, 0x0000, 0x0000, 0x0000, 0x0000, 0x0000,
    0x0000, 0x0000, 0x58E3, 0x0000, 0x07E0, 0x07E0, 0x07E0, 0x07E0, 0x0000, 0x58E3, 0x4882, 0x0000,
    0x2987, 0x0000, 0x58E3, 0x58E3, 0x58E3, 0x58E3, 0x4882, 0x0000, 0x07E0, 0x07E0, 0x07E0, 0x07E0,
    0x0000, 0x0000, 0x0000, 0x2987, 0x0000, 0x58E3, 0x4882, 0x4882, 0x4882, 0x4882, 0x58E3, 0x0000,
    0x07E0, 0x0000, 0x0000, 0x07E0, 0x0000, 0x0000, 0x0000, 0x0000, 0x0000, 0x4882, 0x4882, 0x4882,
    0x4882, 0x4882, 0x58E3, 0x0000, 0x0000, 0x9CF3, 0x9CF3, 0x0000, 0x0000, 0x4A69, 0x2987, 0x0000,
    0x4882, 0x4882, 0x4882, 0x4882, 0x4882, 0x0000, 0x0000, 0x0000, 0x07E0, 0x0000, 0x9CF3, 0x9CF3,
    0x07E0, 0x7380, 0x2105, 0x0000, 0x0000, 0x0000, 0x0000, 0x0000, 0x0000, 0x0000, 0x07E0, 0x07E0,
    0x07E0, 0x07E0, 0x0000, 0x0000, 0x0000, 0x4A69, 0x0000, 0x2105, 0x2126, 0x4123, 0x4228, 0x2987,
    0x2105, 0x0000, 0x07E0, 0x07E0, 0x07E0, 0x07E0, 0x07E0, 0x07E0, 0x07E0, 0x07E0, 0x07E0, 0x2126,
    0x2105, 0x4228, 0x4123, 0x5184, 0x2126, 0x0000, 0x07E0, 0x07E0, 0x07E0, 0x07E0, 0x07E0, 0x07E0,
    0x07E0, 0x07E0, 0x07E0, 0x2105, 0xAD95, 0x07E0, 0x07E0, 0x0000, 0x2126, 0x0000, 0x07E0, 0x07E0,
    0x07E0, 0x07E0, 0x07E0, 0x07E0, 0x07E0, 0x07E0, 0x07E0, 0x0000, 0x0000, 0x07E0, 0x07E0, 0x07E0,
    0x0000, 0x0000, 0x07E0, 0x07E0,
};

/* Timeline frame 43 */
static const uint16_t undying_player_walk_left_2[] = {
    0x07E0, 0x07E0, 0x07E0, 0x07E0, 0x07E0, 0x07E0, 0x0000, 0x0000, 0x0000, 0x0000, 0x0000, 0x0000,
    0x0000, 0x07E0, 0x07E0, 0x07E0, 0x07E0, 0x07E0, 0x07E0, 0x07E0, 0x07E0, 0x0000, 0x632D, 0x632D,
    0x632D, 0x632D, 0x632D, 0x632D, 0x0000, 0x07E0, 0x07E0, 0x07E0, 0x07E0, 0x07E0, 0x07E0, 0x07E0,
    0x07E0, 0x0000, 0x632D, 0x2841, 0x2841, 0x2841, 0x2841, 0x52AC, 0x52AB, 0x0000, 0x07E0, 0x07E0,
    0x07E0, 0x07E0, 0x07E0, 0x07E0, 0x07E0, 0x0000, 0x632D, 0x4882, 0x4A8B, 0x4882, 0x4A8B, 0x424A,
    0x2105, 0x0000, 0x07E0, 0x07E0, 0x07E0, 0x07E0, 0x07E0, 0x07E0, 0x07E0, 0x0000, 0x632D, 0x4882,
    0x4A8B, 0x4882, 0x4A8B, 0x424A, 0x2105, 0x0000, 0x07E0, 0x07E0, 0x07E0, 0x07E0, 0x07E0, 0x07E0,
    0x07E0, 0x0000, 0x0000, 0x2905, 0x2105, 0x4882, 0x2105, 0x2105, 0x0000, 0x0000, 0x0000, 0x07E0,
    0x07E0, 0x07E0, 0x07E0, 0x07E0, 0x07E0, 0x0000, 0x58E3, 0x0000, 0x0000, 0x0000, 0x0000, 0x0000,
    0x0000, 0x0000, 0x58E3, 0x0000, 0x07E0, 0x07E0, 0x07E0, 0x07E0, 0x0000, 0x58E3, 0x4882, 0x0000,
    0x2987, 0x0000, 0x58E3, 0x58E3, 0x58E3, 0x58E3, 0x4882, 0x0000, 0x07E0, 0x07E0, 0x07E0, 0x07E0,
    0x0000, 0x0000, 0x0000, 0x2987, 0x0000, 0x58E3, 0x4882, 0x4882, 0x4882, 0x4882, 0x58E3, 0x0000,
    0x07E0, 0x0000, 0x0000, 0x07E0, 0x0000, 0x0000, 0x0000, 0x0000, 0x0000, 0x4882, 0x4882, 0x4882,
    0x4882, 0x4882, 0x58E3, 0x0000, 0x0000, 0x9CF3, 0x9CF3, 0x0000, 0x0000, 0x4A69, 0x2987, 0x0000,
    0x4882, 0x4882, 0x4882, 0x4882, 0x4882, 0x0000, 0x0000, 0x0000, 0x07E0, 0x0000, 0x9CF3, 0x9CF3,
    0x07E0, 0x7380, 0x2105, 0x0000, 0x0000, 0x0000, 0x0000, 0x0000, 0x0000, 0x0000, 0x07E0, 0x07E0,
    0x07E0, 0x07E0, 0x0000, 0x0000, 0x0000, 0x4A69, 0x0000, 0x2105, 0x2126, 0x4123, 0x4228, 0x2987,
    0x2105, 0x0000, 0x07E0, 0x07E0, 0x07E0, 0x07E0, 0x07E0, 0x07E0, 0x07E0, 0x07E0, 0x0000, 0x2126,
    0x2105, 0x4228, 0x4123, 0x5184, 0x2126, 0x0000, 0x07E0, 0x07E0, 0x07E0, 0x07E0, 0x07E0, 0x07E0,
    0x07E0, 0x07E0, 0x0000, 0x2105, 0xAD95, 0x07E0, 0x07E0, 0x3187, 0x3187, 0x0000, 0x07E0, 0x07E0,
    0x07E0, 0x07E0, 0x07E0, 0x07E0, 0x07E0, 0x07E0, 0x0000, 0x0000, 0x07E0, 0x07E0, 0x07E0, 0x07E0,
    0x07E0, 0x07E0, 0x07E0, 0x07E0,
};

/* Timeline frame 44 */
static const uint16_t undying_player_walk_left_3[] = {
    0x07E0, 0x07E0, 0x07E0, 0x07E0, 0x07E0, 0x07E0, 0x0000, 0x0000, 0x0000, 0x0000, 0x0000, 0x0000,
    0x0000, 0x07E0, 0x07E0, 0x07E0, 0x07E0, 0x07E0, 0x07E0, 0x07E0, 0x07E0, 0x0000, 0x632D, 0x632D,
    0x632D, 0x632D, 0x632D, 0x632D, 0x0000, 0x07E0, 0x07E0, 0x07E0, 0x07E0, 0x07E0, 0x07E0, 0x07E0,
    0x07E0, 0x0000, 0x632D, 0x2841, 0x2841, 0x2841, 0x2841, 0x52AC, 0x52AB, 0x0000, 0x07E0, 0x07E0,
    0x07E0, 0x07E0, 0x07E0, 0x07E0, 0x07E0, 0x0000, 0x632D, 0x4882, 0x4A8B, 0x4882, 0x4A8B, 0x424A,
    0x2105, 0x0000, 0x07E0, 0x07E0, 0x07E0, 0x07E0, 0x07E0, 0x07E0, 0x07E0, 0x0000, 0x632D, 0x4882,
    0x4A8B, 0x4882, 0x4A8B, 0x424A, 0x2105, 0x0000, 0x07E0, 0x07E0, 0x07E0, 0x07E0, 0x07E0, 0x07E0,
    0x07E0, 0x0000, 0x0000, 0x2905, 0x2105, 0x4882, 0x2105, 0x2105, 0x0000, 0x0000, 0x0000, 0x07E0,
    0x07E0, 0x07E0, 0x07E0, 0x07E0, 0x07E0, 0x0000, 0x58E3, 0x0000, 0x0000, 0x0000, 0x0000, 0x0000,
    0x0000, 0x0000, 0x58E3, 0x0000, 0x07E0, 0x07E0, 0x07E0, 0x07E0, 0x0000, 0x58E3, 0x4882, 0x0000,
    0x2987, 0x0000, 0x58E3, 0x58E3, 0x58E3, 0x58E3, 0x4882, 0x0000, 0x07E0, 0x07E0, 0x07E0, 0x07E0,
    0x0000, 0x0000, 0x0000, 0x2987, 0x0000, 0x58E3, 0x4882, 0x4882, 0x4882, 0x4882, 0x58E3, 0x0000,
    0x07E0, 0x0000, 0x0000, 0x07E0, 0x0000, 0x0000, 0x0000, 0x0000, 0x0000, 0x4882, 0x4882, 0x4882,
    0x4882, 0x4882, 0x58E3, 0x0000, 0x0000, 0x9CF3, 0x9CF3, 0x0000, 0x0000, 0x4A69, 0x2987, 0x0000,
    0x4882, 0x4882, 0x4882, 0x4882, 0x4882, 0x0000, 0x0000, 0x0000, 0x07E0, 0x0000, 0x9CF3, 0x9CF3,
    0x07E0, 0x7380, 0x2105, 0x0000, 0x0000, 0x0000, 0x0000, 0x0000, 0x0000, 0x0000, 0x07E0, 0x07E0,
    0x07E0, 0x07E0, 0x0000, 0x0000, 0x0000, 0x4A69, 0x0000, 0x2105, 0x2126, 0x4123, 0x4228, 0x2987,
    0x2105, 0x0000, 0x07E0, 0x07E0, 0x07E0, 0x07E0, 0x07E0, 0x07E0, 0x07E0, 0x07E0, 0x07E0, 0x2126,
    0x2105, 0x4228, 0x4123, 0x5184, 0x2126, 0x0000, 0x07E0, 0x07E0, 0x07E0, 0x07E0, 0x07E0, 0x07E0,
    0x07E0, 0x07E0, 0x07E0, 0x2105, 0xAD95, 0x0000, 0x07E0, 0x0000, 0x2126, 0x0000, 0x07E0, 0x07E0,
    0x07E0, 0x07E0, 0x07E0, 0x07E0, 0x07E0, 0x07E0, 0x07E0, 0x0000, 0x0000, 0x07E0, 0x07E0, 0x07E0,
    0x0000, 0x0000, 0x07E0, 0x07E0,
};

/* Timeline frame 45 */
static const uint16_t undying_player_walk_left_4[] = {
    0x07E0, 0x07E0, 0x07E0, 0x07E0, 0x07E0, 0x07E0, 0x0000, 0x0000, 0x0000, 0x0000, 0x0000, 0x0000,
    0x0000, 0x07E0, 0x07E0, 0x07E0, 0x07E0, 0x07E0, 0x07E0, 0x07E0, 0x07E0, 0x0000, 0x632D, 0x632D,
    0x632D, 0x632D, 0x632D, 0x632D, 0x0000, 0x07E0, 0x07E0, 0x07E0, 0x07E0, 0x07E0, 0x07E0, 0x07E0,
    0x07E0, 0x0000, 0x632D, 0x2841, 0x2841, 0x2841, 0x2841, 0x52AC, 0x52AB, 0x0000, 0x07E0, 0x07E0,
    0x07E0, 0x07E0, 0x07E0, 0x07E0, 0x07E0, 0x0000, 0x632D, 0x4882, 0x4A8B, 0x4882, 0x4A8B, 0x424A,
    0x2105, 0x0000, 0x07E0, 0x07E0, 0x07E0, 0x07E0, 0x07E0, 0x07E0, 0x07E0, 0x0000, 0x632D, 0x4882,
    0x4A8B, 0x4882, 0x4A8B, 0x424A, 0x2105, 0x0000, 0x07E0, 0x07E0, 0x07E0, 0x07E0, 0x07E0, 0x07E0,
    0x07E0, 0x0000, 0x0000, 0x2905, 0x2105, 0x4882, 0x2105, 0x2105, 0x0000, 0x0000, 0x0000, 0x07E0,
    0x07E0, 0x07E0, 0x07E0, 0x07E0, 0x07E0, 0x0000, 0x58E3, 0x0000, 0x0000, 0x0000, 0x0000, 0x0000,
    0x0000, 0x0000, 0x58E3, 0x0000, 0x07E0, 0x07E0, 0x07E0, 0x07E0, 0x0000, 0x58E3, 0x4882, 0x0000,
    0x2987, 0x0000, 0x58E3, 0x58E3, 0x58E3, 0x58E3, 0x4882, 0x0000, 0x07E0, 0x07E0, 0x07E0, 0x07E0,
    0x0000, 0x0000, 0x0000, 0x2987, 0x0000, 0x58E3, 0x4882, 0x4882, 0x4882, 0x4882, 0x58E3, 0x0000,
    0x07E0, 0x0000, 0x0000, 0x07E0, 0x0000, 0x0000, 0x0000, 0x0000, 0x0000, 0x4882, 0x4882, 0x4882,
    0x4882, 0x4882, 0x58E3, 0x0000, 0x0000, 0x9CF3, 0x9CF3, 0x0000, 0x0000, 0x4A69, 0x2987, 0x0000,
    0x4882, 0x4882, 0x4882, 0x4882, 0x4882, 0x0000, 0x0000, 0x0000, 0x07E0, 0x0000, 0x9CF3, 0x9CF3,
    0x07E0, 0x7380, 0x2105, 0x0000, 0x0000, 0x0000, 0x0000, 0x0000, 0x0000, 0x0000, 0x07E0, 0x07E0,
    0x07E0, 0x07E0, 0x0000, 0x0000, 0x0000, 0x4A69, 0x0000, 0x2105, 0x2126, 0x4123, 0x4228, 0x2987,
    0x2105, 0x2126, 0x07E0, 0x07E0, 0x07E0, 0x07E0, 0x07E0, 0x07E0, 0x07E0, 0x07E0, 0x07E0, 0x2126,
    0x2105, 0x4228, 0x4123, 0x5184, 0x2105, 0x2126, 0x07E0, 0x07E0, 0x07E0, 0x07E0, 0x07E0, 0x07E0,
    0x07E0, 0x07E0, 0x07E0, 0x2987, 0xAD95, 0x0000, 0x07E0, 0x0000, 0x2126, 0x2105, 0x07E0, 0x07E0,
    0x07E0, 0x07E0, 0x07E0, 0x07E0, 0x07E0, 0x07E0, 0x07E0, 0x07E0, 0x07E0, 0x07E0, 0x07E0, 0x0000,
    0x0000, 0x0000, 0x07E0, 0x07E0,
};

/* Timeline frame 46 */
static const uint16_t undying_player_melee_back_1[] = {
    0x07E0, 0x07E0, 0x07E0, 0x07E0, 0x07E0, 0x0000, 0x0000, 0x0000, 0x0000, 0x0000, 0x0000, 0x07E0,
    0x07E0, 0x07E0, 0x07E0, 0x07E0, 0x07E0, 0x07E0, 0x07E0, 0x07E0, 0x0000, 0x632D, 0x632D, 0x632D,
    0x632D, 0x632D, 0x632D, 0x0000, 0x07E0, 0x07E0, 0x07E0, 0x07E0, 0x07E0, 0x07E0, 0x07E0, 0x0000,
    0x632D, 0x52AC, 0x52AC, 0x52AC, 0x52AC, 0x52AC, 0x52AC, 0x632D, 0x0000, 0x07E0, 0x07E0, 0x07E0,
    0x07E0, 0x07E0, 0x07E0, 0x0000, 0x2967, 0x424A, 0x4A8B, 0x4A8B, 0x4A8B, 0x4A8B, 0x52AC, 0x424A,
    0x0000, 0x07E0, 0x07E0, 0x07E0, 0x07E0, 0x07E0, 0x07E0, 0x0000, 0x2967, 0x424A, 0x4A8B, 0x4A8B,
    0x4A8B, 0x4A8B, 0x52AC, 0x424A, 0x0000, 0x07E0, 0x07E0, 0x07E0, 0x07E0, 0x07E0, 0x07E0, 0x0000,
    0x2105, 0x2905, 0x2105, 0x2905, 0x2126, 0x2105, 0x0000, 0x0000, 0x0000, 0x0000, 0x07E0, 0x07E0,
    0x07E0, 0x07E0, 0x07E0, 0x0000, 0x0000, 0x0000, 0x0000, 0x0000, 0x0000, 0x0000, 0x0000, 0x0000,
    0x7380, 0x0000, 0x0000, 0x07E0, 0x07E0, 0x07E0, 0x0000, 0x58E3, 0x58E3, 0x58E3, 0x58E3, 0x58E3,
    0x58E3, 0x58E3, 0x58E3, 0x58E3, 0x0000, 0x0000, 0x5AC0, 0x0000, 0x07E0, 0x07E0, 0x0000, 0x4882,
    0x4882, 0x4882, 0x4882, 0x4882, 0x4882, 0x4882, 0x4882, 0x58E3, 0x58E3, 0x58E3, 0x0000, 0x0000,
    0x07E0, 0x0000, 0x4882, 0x4882, 0x4882, 0x4882, 0x4882, 0x4882, 0x4882, 0x4882, 0x4882, 0x4882,
    0x4882, 0x58E3, 0x0000, 0x07E0, 0x07E0, 0x0000, 0x4882, 0x4882, 0x4882, 0x4882, 0x4882, 0x4882,
    0x4882, 0x4882, 0x4882, 0x0000, 0x0000, 0x0000, 0x07E0, 0x07E0, 0x07E0, 0x0000, 0x0000, 0x0000,
    0x0000, 0x0000, 0x0000, 0x0000, 0x0000, 0x0000, 0x0000, 0x0000, 0x0000, 0x0000, 0x07E0, 0x07E0,
    0x07E0, 0x07E0, 0x4A69, 0x4123, 0x0000, 0x3187, 0x2126, 0x2126, 0x2126, 0x2126, 0x3187, 0x0000,
    0x2987, 0x0000, 0x07E0, 0x07E0, 0x07E0, 0x07E0, 0x07E0, 0x4228, 0x0000, 0x2126, 0x2105, 0x2105,
    0x2105, 0x2105, 0x3187, 0x0000, 0x0000, 0x07E0, 0x07E0, 0x07E0, 0x07E0, 0x07E0, 0xAD95, 0x07E0,
    0x4A69, 0x2105, 0x2105, 0x07E0, 0x07E0, 0x2105, 0x2105, 0x0000, 0x07E0, 0x07E0, 0x07E0, 0x07E0,
    0x07E0, 0x07E0, 0x07E0, 0x07E0, 0x07E0, 0x0000, 0x0000, 0x07E0, 0x07E0, 0x0000, 0x0000, 0x07E0,
    0x07E0, 0x07E0, 0x07E0, 0x07E0,
};

/* Timeline frame 47 */
static const uint16_t undying_player_melee_back_2[] = {
    0x07E0, 0x07E0, 0x07E0, 0x07E0, 0x07E0, 0x0000, 0x0000, 0x0000, 0x0000, 0x0000, 0x0000, 0x07E0,
    0x07E0, 0x07E0, 0x07E0, 0x07E0, 0x07E0, 0x07E0, 0x07E0, 0x07E0, 0x0000, 0x632D, 0x632D, 0x632D,
    0x632D, 0x632D, 0x632D, 0x0000, 0x07E0, 0x07E0, 0x07E0, 0x07E0, 0x07E0, 0x07E0, 0x07E0, 0x0000,
    0x632D, 0x52AC, 0x52AC, 0x52AC, 0x52AC, 0x52AC, 0x52AC, 0x632D, 0x0000, 0x07E0, 0x07E0, 0x07E0,
    0x07E0, 0x07E0, 0x07E0, 0x0000, 0x2967, 0x424A, 0x4A8B, 0x4A8B, 0x4A8B, 0x4A8B, 0x52AC, 0x424A,
    0x0000, 0x0000, 0x07E0, 0x07E0, 0x07E0, 0x07E0, 0x07E0, 0x0000, 0x2967, 0x424A, 0x4A8B, 0x4A8B,
    0x4A8B, 0x4A8B, 0x52AC, 0x424A, 0x0000, 0x9CF3, 0x07E0, 0x07E0, 0x07E0, 0x07E0, 0x07E0, 0x0000,
    0x2105, 0x2905, 0x2105, 0x2905, 0x2126, 0x2105, 0x0000, 0x0000, 0x0000, 0x0000, 0x07E0, 0x07E0,
    0x07E0, 0x07E0, 0x07E0, 0x0000, 0x0000, 0x0000, 0x0000, 0x0000, 0x0000, 0x0000, 0x0000, 0x0000,
    0x7380, 0x0000, 0x0000, 0x07E0, 0x07E0, 0x07E0, 0x0000, 0x58E3, 0x58E3, 0x58E3, 0x58E3, 0x58E3,
    0x58E3, 0x58E3, 0x58E3, 0x58E3, 0x0000, 0x0000, 0x5AC0, 0x0000, 0x07E0, 0x07E0, 0x0000, 0x4882,
    0x4882, 0x4882, 0x4882, 0x4882, 0x4882, 0x4882, 0x4882, 0x58E3, 0x58E3, 0x58E3, 0x0000, 0x0000,
    0x07E0, 0x0000, 0x4882, 0x4882, 0x4882, 0x4882, 0x4882, 0x4882, 0x4882, 0x4882, 0x4882, 0x4882,
    0x4882, 0x58E3, 0x0000, 0x07E0, 0x07E0, 0x0000, 0x4882, 0x4882, 0x4882, 0x4882, 0x4882, 0x4882,
    0x4882, 0x4882, 0x4882, 0x0000, 0x0000, 0x0000, 0x07E0, 0x07E0, 0x07E0, 0x0000, 0x0000, 0x0000,
    0x0000, 0x0000, 0x0000, 0x0000, 0x0000, 0x0000, 0x0000, 0x0000, 0x0000, 0x0000, 0x07E0, 0x07E0,
    0x07E0, 0x07E0, 0x4A69, 0x4123, 0x0000, 0x3187, 0x2126, 0x2126, 0x2126, 0x2126, 0x3187, 0x0000,
    0x2987, 0x0000, 0x07E0, 0x07E0, 0x07E0, 0x07E0, 0x07E0, 0x4228, 0x0000, 0x2126, 0x2105, 0x2105,
    0x2105, 0x2105, 0x3187, 0x0000, 0x0000, 0x07E0, 0x07E0, 0x07E0, 0x07E0, 0x07E0, 0xAD95, 0x07E0,
    0x4A69, 0x2105, 0x2105, 0x07E0, 0x07E0, 0x2105, 0x2105, 0x0000, 0x07E0, 0x07E0, 0x07E0, 0x07E0,
    0x07E0, 0x07E0, 0x07E0, 0x07E0, 0x07E0, 0x0000, 0x0000, 0x07E0, 0x07E0, 0x0000, 0x0000, 0x07E0,
    0x07E0, 0x07E0, 0x07E0, 0x07E0,
};

/* Timeline frame 48 */
static const uint16_t undying_player_melee_back_3[] = {
    0x07E0, 0x07E0, 0x07E0, 0x07E0, 0x07E0, 0x0000, 0x0000, 0x0000, 0x0000, 0x0000, 0x0000, 0x07E0,
    0x07E0, 0x07E0, 0x07E0, 0x07E0, 0x07E0, 0x07E0, 0x07E0, 0x07E0, 0x0000, 0x632D, 0x632D, 0x632D,
    0x632D, 0x632D, 0x632D, 0x0000, 0x07E0, 0x07E0, 0x07E0, 0x07E0, 0x07E0, 0x07E0, 0x07E0, 0x0000,
    0x632D, 0x52AC, 0x52AC, 0x52AC, 0x52AC, 0x52AC, 0x52AC, 0x632D, 0x0000, 0x0000, 0x0000, 0x0000,
    0x07E0, 0x07E0, 0x07E0, 0x0000, 0x2967, 0x424A, 0x4A8B, 0x4A8B, 0x4A8B, 0x4A8B, 0x52AC, 0x424A,
    0x0000, 0x0000, 0x07E0, 0x9CF3, 0x07E0, 0x07E0, 0x07E0, 0x0000, 0x2967, 0x424A, 0x4A8B, 0x4A8B,
    0x4A8B, 0x4A8B, 0x52AC, 0x424A, 0x0000, 0x9CF3, 0x0000, 0x0000, 0x07E0, 0x07E0, 0x07E0, 0x0000,
    0x2105, 0x2905, 0x2105, 0x2905, 0x2126, 0x2105, 0x0000, 0x0000, 0x0000, 0x0000, 0x07E0, 0x07E0,
    0x07E0, 0x07E0, 0x07E0, 0x0000, 0x0000, 0x0000, 0x0000, 0x0000, 0x0000, 0x0000, 0x0000, 0x0000,
    0x7380, 0x0000, 0x0000, 0x07E0, 0x07E0, 0x07E0, 0x0000, 0x58E3, 0x58E3, 0x58E3, 0x58E3, 0x58E3,
    0x58E3, 0x58E3, 0x58E3, 0x58E3, 0x0000, 0x0000, 0x5AC0, 0x0000, 0x07E0, 0x07E0, 0x0000, 0x4882,
    0x4882, 0x4882, 0x4882, 0x4882, 0x4882, 0x4882, 0x4882, 0x58E3, 0x58E3, 0x58E3, 0x0000, 0x0000,
    0x07E0, 0x0000, 0x4882, 0x4882, 0x4882, 0x4882, 0x4882, 0x4882, 0x4882, 0x4882, 0x4882, 0x4882,
    0x4882, 0x58E3, 0x0000, 0x07E0, 0x07E0, 0x0000, 0x4882, 0x4882, 0x4882, 0x4882, 0x4882, 0x4882,
    0x4882, 0x4882, 0x4882, 0x0000, 0x0000, 0x0000, 0x07E0, 0x07E0, 0x07E0, 0x0000, 0x0000, 0x0000,
    0x0000, 0x0000, 0x0000, 0x0000, 0x0000, 0x0000, 0x0000, 0x0000, 0x0000, 0x0000, 0x07E0, 0x07E0,
    0x07E0, 0x07E0, 0x4A69, 0x4123, 0x0000, 0x3187, 0x2126, 0x2126, 0x2126, 0x2126, 0x3187, 0x0000,
    0x2987, 0x0000, 0x07E0, 0x07E0, 0x07E0, 0x07E0, 0x07E0, 0x4228, 0x0000, 0x2126, 0x2105, 0x2105,
    0x2105, 0x2105, 0x3187, 0x0000, 0x0000, 0x07E0, 0x07E0, 0x07E0, 0x07E0, 0x07E0, 0xAD95, 0x07E0,
    0x4A69, 0x2105, 0x2105, 0x07E0, 0x07E0, 0x2105, 0x2105, 0x0000, 0x07E0, 0x07E0, 0x07E0, 0x07E0,
    0x07E0, 0x07E0, 0x07E0, 0x07E0, 0x07E0, 0x0000, 0x0000, 0x07E0, 0x07E0, 0x0000, 0x0000, 0x07E0,
    0x07E0, 0x07E0, 0x07E0, 0x07E0,
};

/* Timeline frame 49 */
static const uint16_t undying_player_melee_back_4[] = {
    0x07E0, 0x07E0, 0x07E0, 0x07E0, 0x07E0, 0x0000, 0x0000, 0x0000, 0x0000, 0x0000, 0x0000, 0x07E0,
    0x07E0, 0x07E0, 0x07E0, 0x07E0, 0x07E0, 0x07E0, 0x07E0, 0x07E0, 0x0000, 0x632D, 0x632D, 0x632D,
    0x632D, 0x632D, 0x632D, 0x0000, 0x07E0, 0x07E0, 0x07E0, 0x07E0, 0x07E0, 0x07E0, 0x07E0, 0x0000,
    0x632D, 0x52AC, 0x52AC, 0x52AC, 0x52AC, 0x52AC, 0x52AC, 0x632D, 0x0000, 0x07E0, 0x07E0, 0x39C7,
    0x07E0, 0x07E0, 0x07E0, 0x0000, 0x2967, 0x424A, 0x4A8B, 0x4A8B, 0x4A8B, 0x4A8B, 0x52AC, 0x424A,
    0x0000, 0x0000, 0x39C7, 0x5AEB, 0x07E0, 0x07E0, 0x07E0, 0x0000, 0x2967, 0x424A, 0x4A8B, 0x4A8B,
    0x4A8B, 0x4A8B, 0x52AC, 0x424A, 0x0000, 0x9CF3, 0x5AEB, 0x07E0, 0x07E0, 0x07E0, 0x07E0, 0x0000,
    0x2105, 0x2905, 0x2105, 0x2905, 0x2126, 0x2105, 0x0000, 0x0000, 0x0000, 0x0000, 0x73AE, 0x73AE,
    0x07E0, 0x07E0, 0x07E0, 0x0000, 0x0000, 0x0000, 0x0000, 0x0000, 0x0000, 0x0000, 0x0000, 0x0000,
    0x7380, 0x0000, 0x0000, 0x73AE, 0x07E0, 0x07E0, 0x0000, 0x58E3, 0x58E3, 0x58E3, 0x58E3, 0x58E3,
    0x58E3, 0x58E3, 0x58E3, 0x58E3, 0x0000, 0x0000, 0x5AC0, 0x0000, 0x07E0, 0x07E0, 0x0000, 0x4882,
    0x4882, 0x4882, 0x4882, 0x4882, 0x4882, 0x4882, 0x4882, 0x58E3, 0x58E3, 0x58E3, 0x0000, 0x0000,
    0x07E0, 0x0000, 0x4882, 0x4882, 0x4882, 0x4882, 0x4882, 0x4882, 0x4882, 0x4882, 0x4882, 0x4882,
    0x4882, 0x58E3, 0x0000, 0x07E0, 0x07E0, 0x0000, 0x4882, 0x4882, 0x4882, 0x4882, 0x4882, 0x4882,
    0x4882, 0x4882, 0x4882, 0x0000, 0x0000, 0x0000, 0x07E0, 0x07E0, 0x07E0, 0x0000, 0x0000, 0x0000,
    0x0000, 0x0000, 0x0000, 0x0000, 0x0000, 0x0000, 0x0000, 0x0000, 0x0000, 0x0000, 0x07E0, 0x07E0,
    0x07E0, 0x07E0, 0x4A69, 0x4123, 0x0000, 0x3187, 0x2126, 0x2126, 0x2126, 0x2126, 0x3187, 0x0000,
    0x2987, 0x0000, 0x07E0, 0x07E0, 0x07E0, 0x07E0, 0x07E0, 0x4228, 0x0000, 0x2126, 0x2105, 0x2105,
    0x2105, 0x2105, 0x3187, 0x0000, 0x0000, 0x07E0, 0x07E0, 0x07E0, 0x07E0, 0x07E0, 0xAD95, 0x07E0,
    0x4A69, 0x2105, 0x2105, 0x07E0, 0x07E0, 0x2105, 0x2105, 0x0000, 0x07E0, 0x07E0, 0x07E0, 0x07E0,
    0x07E0, 0x07E0, 0x07E0, 0x07E0, 0x07E0, 0x0000, 0x0000, 0x07E0, 0x07E0, 0x0000, 0x0000, 0x07E0,
    0x07E0, 0x07E0, 0x07E0, 0x07E0,
};

/* Timeline frame 50 */
static const uint16_t undying_player_melee_back_5[] = {
    0x07E0, 0x07E0, 0x07E0, 0x07E0, 0x07E0, 0x0000, 0x0000, 0x0000, 0x0000, 0x0000, 0x0000, 0x07E0,
    0x07E0, 0x07E0, 0x07E0, 0x07E0, 0x07E0, 0x07E0, 0x07E0, 0x07E0, 0x0000, 0x632D, 0x632D, 0x632D,
    0x632D, 0x632D, 0x632D, 0x0000, 0x07E0, 0x07E0, 0x07E0, 0x07E0, 0x07E0, 0x07E0, 0x07E0, 0x0000,
    0x632D, 0x52AC, 0x52AC, 0x52AC, 0x52AC, 0x52AC, 0x52AC, 0x632D, 0x0000, 0x07E0, 0x39C7, 0x39C7,
    0x07E0, 0x07E0, 0x07E0, 0x0000, 0x2967, 0x424A, 0x4A8B, 0x4A8B, 0x4A8B, 0x4A8B, 0x52AC, 0x424A,
    0x0000, 0x39C7, 0x5AEB, 0x5AEB, 0x07E0, 0x07E0, 0x07E0, 0x0000, 0x2967, 0x424A, 0x4A8B, 0x4A8B,
    0x4A8B, 0x4A8B, 0x52AC, 0x424A, 0x0000, 0x5AEB, 0x73AE, 0x73AE, 0x07E0, 0x07E0, 0x07E0, 0x0000,
    0x2105, 0x2905, 0x2105, 0x2905, 0x2126, 0x2105, 0x0000, 0x0000, 0x0000, 0x0000, 0x73AE, 0x73AE,
    0x07E0, 0x07E0, 0x07E0, 0x0000, 0x0000, 0x0000, 0x0000, 0x0000, 0x0000, 0x0000, 0x0000, 0x0000,
    0x7380, 0x0000, 0x0000, 0x73AE, 0x07E0, 0x07E0, 0x0000, 0x58E3, 0x58E3, 0x58E3, 0x58E3, 0x58E3,
    0x58E3, 0x58E3, 0x58E3, 0x58E3, 0x0000, 0x0000, 0x5AC0, 0x0000, 0x07E0, 0x07E0, 0x0000, 0x4882,
    0x4882, 0x4882, 0x4882, 0x4882, 0x4882, 0x4882, 0x4882, 0x58E3, 0x58E3, 0x58E3, 0x0000, 0x0000,
    0x07E0, 0x0000, 0x4882, 0x4882, 0x4882, 0x4882, 0x4882, 0x4882, 0x4882, 0x4882, 0x4882, 0x4882,
    0x4882, 0x58E3, 0x0000, 0x07E0, 0x07E0, 0x0000, 0x4882, 0x4882, 0x4882, 0x4882, 0x4882, 0x4882,
    0x4882, 0x4882, 0x4882, 0x0000, 0x0000, 0x0000, 0x07E0, 0x07E0, 0x07E0, 0x0000, 0x0000, 0x0000,
    0x0000, 0x0000, 0x0000, 0x0000, 0x0000, 0x0000, 0x0000, 0x0000, 0x0000, 0x0000, 0x07E0, 0x07E0,
    0x07E0, 0x07E0, 0x4A69, 0x4123, 0x0000, 0x3187, 0x2126, 0x2126, 0x2126, 0x2126, 0x3187, 0x0000,
    0x2987, 0x0000, 0x07E0, 0x07E0, 0x07E0, 0x07E0, 0x07E0, 0x4228, 0x0000, 0x2126, 0x2105, 0x2105,
    0x2105, 0x2105, 0x3187, 0x0000, 0x0000, 0x07E0, 0x07E0, 0x07E0, 0x07E0, 0x07E0, 0xAD95, 0x07E0,
    0x4A69, 0x2105, 0x2105, 0x07E0, 0x07E0, 0x2105, 0x2105, 0x0000, 0x07E0, 0x07E0, 0x07E0, 0x07E0,
    0x07E0, 0x07E0, 0x07E0, 0x07E0, 0x07E0, 0x0000, 0x0000, 0x07E0, 0x07E0, 0x0000, 0x0000, 0x07E0,
    0x07E0, 0x07E0, 0x07E0, 0x07E0,
};

/* Timeline frame 51 */
static const uint16_t undying_player_range_back_1[] = {
    0x07E0, 0x07E0, 0x07E0, 0x07E0, 0x07E0, 0x0000, 0x0000, 0x0000, 0x0000, 0x0000, 0x0000, 0x07E0,
    0x07E0, 0x07E0, 0x07E0, 0x07E0, 0x07E0, 0x07E0, 0x07E0, 0x07E0, 0x0000, 0x632D, 0x632D, 0x632D,
    0x632D, 0x632D, 0x632D, 0x0000, 0x07E0, 0x07E0, 0x07E0, 0x07E0, 0x07E0, 0x07E0, 0x07E0, 0x0000,
    0x632D, 0x52AC, 0x52AC, 0x52AC, 0x52AC, 0x52AC, 0x52AC, 0x632D, 0x0000, 0x07E0, 0x07E0, 0x07E0,
    0x07E0, 0x07E0, 0x07E0, 0x0000, 0x2967, 0x424A, 0x4A8B, 0x4A8B, 0x4A8B, 0x4A8B, 0x52AC, 0x424A,
    0x0000, 0x07E0, 0x07E0, 0x07E0, 0x07E0, 0x07E0, 0x07E0, 0x0000, 0x2967, 0x424A, 0x4A8B, 0x4A8B,
    0x4A8B, 0x4A8B, 0x52AC, 0x424A, 0x0000, 0x07E0, 0x07E0, 0x07E0, 0x07E0, 0x07E0, 0x07E0, 0x0000,
    0x2105, 0x2905, 0x2105, 0x2905, 0x2126, 0x2105, 0x0000, 0x0000, 0x0000, 0x0000, 0x07E0, 0x07E0,
    0x07E0, 0x07E0, 0x07E0, 0x0000, 0x0000, 0x0000, 0x0000, 0x0000, 0x0000, 0x0000, 0x0000, 0x0000,
    0x7380, 0x0000, 0x0000, 0x07E0, 0x07E0, 0x07E0, 0x0000, 0x58E3, 0x58E3, 0x58E3, 0x58E3, 0x58E3,
    0x58E3, 0x58E3, 0x58E3, 0x58E3, 0x0000, 0x0000, 0x5AC0, 0x0000, 0x07E0, 0x07E0, 0x0000, 0x4882,
    0x4882, 0x4882, 0x4882, 0x4882, 0x4882, 0x4882, 0x4882, 0x58E3, 0x58E3, 0x58E3, 0x0000, 0x0000,
    0x07E0, 0x0000, 0x4882, 0x4882, 0x4882, 0x4882, 0x4882, 0x4882, 0x4882, 0x4882, 0x4882, 0x4882,
    0x4882, 0x58E3, 0x0000, 0x07E0, 0x07E0, 0x0000, 0x4882, 0x4882, 0x4882, 0x4882, 0x4882, 0x4882,
    0x4882, 0x4882, 0x4882, 0x0000, 0x0000, 0x0000, 0x07E0, 0x07E0, 0x07E0, 0x0000, 0x0000, 0x0000,
    0x0000, 0x0000, 0x0000, 0x0000, 0x0000, 0x0000, 0x0000, 0x0000, 0x0000, 0x0000, 0x07E0, 0x07E0,
    0x07E0, 0x07E0, 0x4A69, 0x4123, 0x0000, 0x3187, 0x2126, 0x2126, 0x2126, 0x2126, 0x3187, 0x0000,
    0x2987, 0x0000, 0x07E0, 0x07E0, 0x07E0, 0x07E0, 0x07E0, 0x4228, 0x0000, 0x2126, 0x2105, 0x2105,
    0x2105, 0x2105, 0x3187, 0x0000, 0x0000, 0x07E0, 0x07E0, 0x07E0, 0x07E0, 0x07E0, 0xAD95, 0x07E0,
    0x4A69, 0x2105, 0x2105, 0x07E0, 0x07E0, 0x2105, 0x2105, 0x0000, 0x07E0, 0x07E0, 0x07E0, 0x07E0,
    0x07E0, 0x07E0, 0x07E0, 0x07E0, 0x07E0, 0x0000, 0x0000, 0x07E0, 0x07E0, 0x0000, 0x0000, 0x07E0,
    0x07E0, 0x07E0, 0x07E0, 0x07E0,
};

/* Timeline frame 52 */
static const uint16_t undying_player_range_back_2[] = {
    0x07E0, 0x07E0, 0x07E0, 0x07E0, 0x07E0, 0x0000, 0x0000, 0x0000, 0x0000, 0x0000, 0x0000, 0x07E0,
    0x07E0, 0x07E0, 0x07E0, 0x07E0, 0x07E0, 0x07E0, 0x07E0, 0x07E0, 0x0000, 0x632D, 0x632D, 0x632D,
    0x632D, 0x632D, 0x632D, 0x0000, 0x07E0, 0x07E0, 0x07E0, 0x07E0, 0x07E0, 0x07E0, 0x07E0, 0x0000,
    0x632D, 0x52AC, 0x52AC, 0x52AC, 0x52AC, 0x52AC, 0x52AC, 0x632D, 0x0000, 0x07E0, 0x07E0, 0x07E0,
    0x07E0, 0x07E0, 0x07E0, 0x0000, 0x2967, 0x424A, 0x4A8B, 0x4A8B, 0x4A8B, 0x4A8B, 0x52AC, 0x424A,
    0x0000, 0x07E0, 0x07E0, 0x07E0, 0x07E0, 0x07E0, 0x07E0, 0x0000, 0x2967, 0x424A, 0x4A8B, 0x4A8B,
    0x4A8B, 0x4A8B, 0x52AC, 0x424A, 0x0000, 0x07E0, 0x07E0, 0x07E0, 0x07E0, 0x07E0, 0x07E0, 0x0000,
    0x2105, 0x2905, 0x2105, 0x2905, 0x2126, 0x2105, 0x0000, 0x0000, 0x0000, 0x0000, 0x07E0, 0x07E0,
    0x07E0, 0x07E0, 0x07E0, 0x0000, 0x0000, 0x0000, 0x0000, 0x0000, 0x0000, 0x0000, 0x0000, 0x0000,
    0x7380, 0x0000, 0x0000, 0x07E0, 0x07E0, 0x07E0, 0x0000, 0x58E3, 0x58E3, 0x58E3, 0x58E3, 0x58E3,
    0x58E3, 0x58E3, 0x58E3, 0x58E3, 0x0000, 0x0000, 0x5AC0, 0x0000, 0x07E0, 0x07E0, 0x0000, 0x4882,
    0x4882, 0x4882, 0x4882, 0x4882, 0x4882, 0x4882, 0x4882, 0x58E3, 0x58E3, 0x58E3, 0x0000, 0x0000,
    0x07E0, 0x0000, 0x4882, 0x4882, 0x4882, 0x4882, 0x4882, 0x4882, 0x4882, 0x4882, 0x4882, 0x4882,
    0x4882, 0x58E3, 0x0000, 0x07E0, 0x07E0, 0x0000, 0x4882, 0x4882, 0x4882, 0x4882, 0x4882, 0x4882,
    0x4882, 0x4882, 0x4882, 0x0000, 0x0000, 0x0000, 0x07E0, 0x07E0, 0x07E0, 0x0000, 0x4882, 0x4882,
    0x4882, 0x0000, 0x0000, 0x0000, 0x0000, 0x0000, 0x0000, 0x0000, 0x0000, 0x0000, 0x07E0, 0x07E0,
    0x07E0, 0x07E0, 0x0000, 0x0000, 0x0000, 0x3187, 0x2126, 0x2126, 0x2126, 0x2126, 0x3187, 0x0000,
    0x2987, 0x0000, 0x07E0, 0x07E0, 0x07E0, 0x07E0, 0x07E0, 0x07E0, 0x07E0, 0x2126, 0x2105, 0x2105,
    0x2105, 0x2105, 0x3187, 0x0000, 0x0000, 0x07E0, 0x07E0, 0x07E0, 0x07E0, 0x07E0, 0x07E0, 0x07E0,
    0x07E0, 0x2105, 0x2105, 0x07E0, 0x07E0, 0x2105, 0x2105, 0x0000, 0x07E0, 0x07E0, 0x07E0, 0x07E0,
    0x07E0, 0x07E0, 0x07E0, 0x07E0, 0x07E0, 0x0000, 0x0000, 0x07E0, 0x07E0, 0x0000, 0x0000, 0x07E0,
    0x07E0, 0x07E0, 0x07E0, 0x07E0,
};

/* Timeline frame 53 */
static const uint16_t undying_player_range_back_3[] = {
    0x07E0, 0x07E0, 0x07E0, 0x07E0, 0x07E0, 0x0000, 0x0000, 0x0000, 0x0000, 0x0000, 0x0000, 0x07E0,
    0x07E0, 0x07E0, 0x07E0, 0x07E0, 0x07E0, 0x07E0, 0x07E0, 0x07E0, 0x0000, 0x632D, 0x632D, 0x632D,
    0x632D, 0x632D, 0x632D, 0x0000, 0x07E0, 0x07E0, 0x07E0, 0x07E0, 0x07E0, 0x07E0, 0x07E0, 0x0000,
    0x632D, 0x52AC, 0x52AC, 0x52AC, 0x52AC, 0x52AC, 0x52AC, 0x632D, 0x0000, 0x07E0, 0x07E0, 0x07E0,
    0x07E0, 0x07E0, 0x07E0, 0x0000, 0x2967, 0x424A, 0x4A8B, 0x4A8B, 0x4A8B, 0x4A8B, 0x52AC, 0x424A,
    0x0000, 0x07E0, 0x07E0, 0x07E0, 0x07E0, 0x07E0, 0x07E0, 0x0000, 0x2967, 0x424A, 0x4A8B, 0x4A8B,
    0x4A8B, 0x4A8B, 0x52AC, 0x424A, 0x0000, 0x07E0, 0x07E0, 0x07E0, 0x07E0, 0x07E0, 0x07E0, 0x0000,
    0x2105, 0x2905, 0x2105, 0x2905, 0x2126, 0x2105, 0x0000, 0x0000, 0x0000, 0x0000, 0x07E0, 0x07E0,
    0x07E0, 0x07E0, 0x07E0, 0x0000, 0x0000, 0x0000, 0x0000, 0x0000, 0x0000, 0x0000, 0x0000, 0x0000,
    0x7380, 0x0000, 0x0000, 0x07E0, 0x07E0, 0x07E0, 0x0000, 0x58E3, 0x58E3, 0x58E3, 0x58E3, 0x58E3,
    0x58E3, 0x58E3, 0x58E3, 0x58E3, 0x0000, 0x0000, 0x5AC0, 0x0000, 0x07E0, 0x07E0, 0x0000, 0x4882,
    0x4882, 0x4882, 0x4882, 0x4882, 0x4882, 0x4882, 0x4882, 0x58E3, 0x58E3, 0x58E3, 0x0000, 0x0000,
    0x07E0, 0x0000, 0x4882, 0x4882, 0x4882, 0x4882, 0x4882, 0x4882, 0x4882, 0x4882, 0x4882, 0x4882,
    0x4882, 0x58E3, 0x0000, 0x07E0, 0x07E0, 0x0000, 0x4882, 0x4882, 0x4882, 0x4882, 0x4882, 0x4882,
    0x4882, 0x4882, 0x4882, 0x0000, 0x0000, 0x0000, 0x07E0, 0x07E0, 0x07E0, 0x0000, 0x4882, 0x4882,
    0x4882, 0x0000, 0x0000, 0x0000, 0x0000, 0x0000, 0x0000, 0x0000, 0x0000, 0x0000, 0x07E0, 0x07E0,
    0x07E0, 0x0000, 0x0000, 0x4882, 0x4882, 0x3187, 0x2126, 0x2126, 0x2126, 0x2126, 0x3187, 0x0000,
    0x2987, 0x0000, 0x07E0, 0x07E0, 0x07E0, 0x07E0, 0x07E0, 0x0000, 0x0000, 0x2126, 0x2105, 0x2105,
    0x2105, 0x2105, 0x3187, 0x0000, 0x0000, 0x07E0, 0x07E0, 0x07E0, 0x07E0, 0x07E0, 0x07E0, 0x07E0,
    0x07E0, 0x2105, 0x2105, 0x07E0, 0x07E0, 0x2105, 0x2105, 0x0000, 0x07E0, 0x07E0, 0x07E0, 0x07E0,
    0x07E0, 0x07E0, 0x07E0, 0x07E0, 0x07E0, 0x0000, 0x0000, 0x07E0, 0x07E0, 0x0000, 0x0000, 0x07E0,
    0x07E0, 0x07E0, 0x07E0, 0x07E0,
};

/* Timeline frame 54 */
static const uint16_t undying_player_range_back_4[] = {
    0x07E0, 0x07E0, 0x07E0, 0x07E0, 0x07E0, 0x0000, 0x0000, 0x0000, 0x0000, 0x0000, 0x0000, 0x07E0,
    0x07E0, 0x07E0, 0x07E0, 0x07E0, 0x07E0, 0x07E0, 0x07E0, 0x07E0, 0x0000, 0x632D, 0x632D, 0x632D,
    0x632D, 0x632D, 0x632D, 0x0000, 0x07E0, 0x07E0, 0x07E0, 0x07E0, 0x07E0, 0x07E0, 0x07E0, 0x0000,
    0x632D, 0x52AC, 0x52AC, 0x52AC, 0x52AC, 0x52AC, 0x52AC, 0x632D, 0x0000, 0x07E0, 0x07E0, 0x07E0,
    0x07E0, 0x07E0, 0x07E0, 0x0000, 0x2967, 0x424A, 0x4A8B, 0x4A8B, 0x4A8B, 0x4A8B, 0x52AC, 0x424A,
    0x0000, 0x07E0, 0x07E0, 0x07E0, 0x07E0, 0x07E0, 0x07E0, 0x0000, 0x2967, 0x424A, 0x4A8B, 0x4A8B,
    0x4A8B, 0x4A8B, 0x52AC, 0x424A, 0x0000, 0x07E0, 0x07E0, 0x07E0, 0x07E0, 0x07E0, 0x07E0, 0x0000,
    0x2105, 0x2905, 0x2105, 0x2905, 0x2126, 0x2105, 0x0000, 0x0000, 0x0000, 0x0000, 0x07E0, 0x07E0,
    0x07E0, 0x07E0, 0x07E0, 0x0000, 0x0000, 0x0000, 0x0000, 0x0000, 0x0000, 0x0000, 0x0000, 0x0000,
    0x7380, 0x0000, 0x0000, 0x07E0, 0x07E0, 0x07E0, 0x0000, 0x58E3, 0x58E3, 0x58E3, 0x58E3, 0x58E3,
    0x58E3, 0x58E3, 0x58E3, 0x58E3, 0x0000, 0x0000, 0x5AC0, 0x0000, 0x07E0, 0x07E0, 0x0000, 0x4882,
    0x4882, 0x4882, 0x4882, 0x4882, 0x4882, 0x4882, 0x4882, 0x58E3, 0x58E3, 0x58E3, 0x0000, 0x0000,
    0x07E0, 0x0000, 0x4882, 0x4882, 0x4882, 0x4882, 0x4882, 0x4882, 0x4882, 0x4882, 0x4882, 0x4882,
    0x4882, 0x58E3, 0x0000, 0x07E0, 0x07E0, 0x0000, 0x4882, 0x4882, 0x4882, 0x4882, 0x4882, 0x4882,
    0x4882, 0x4882, 0x4882, 0x0000, 0x0000, 0x0000, 0x07E0, 0x07E0, 0x07E0, 0x07E0, 0x0000, 0x0000,
    0x0000, 0x0000, 0x0000, 0x0000, 0x0000, 0x0000, 0x0000, 0x0000, 0x0000, 0x0000, 0x07E0, 0x07E0,
    0x07E0, 0x07E0, 0x07E0, 0x8C91, 0x0000, 0x3187, 0x2126, 0x2126, 0x2126, 0x2126, 0x3187, 0x0000,
    0x2987, 0x0000, 0x07E0, 0x07E0, 0x07E0, 0x07E0, 0x07E0, 0x07E0, 0x0000, 0x2126, 0x2105, 0x2105,
    0x2105, 0x2105, 0x3187, 0x0000, 0x0000, 0x07E0, 0x07E0, 0x07E0, 0x07E0, 0x07E0, 0x07E0, 0x07E0,
    0x07E0, 0x2105, 0x2105, 0x07E0, 0x07E0, 0x2105, 0x2105, 0x0000, 0x07E0, 0x07E0, 0x07E0, 0x07E0,
    0x07E0, 0x07E0, 0x07E0, 0x07E0, 0x07E0, 0x0000, 0x0000, 0x07E0, 0x07E0, 0x0000, 0x0000, 0x07E0,
    0x07E0, 0x07E0, 0x07E0, 0x07E0,
};

/* Timeline frame 55 */
static const uint16_t undying_player_range_back_5[] = {
    0x07E0, 0x07E0, 0x07E0, 0x07E0, 0x07E0, 0x0000, 0x0000, 0x0000, 0x0000, 0x0000, 0x0000, 0x07E0,
    0x07E0, 0x07E0, 0x07E0, 0x07E0, 0x07E0, 0x07E0, 0x07E0, 0x07E0, 0x0000, 0x632D, 0x632D, 0x632D,
    0x632D, 0x632D, 0x632D, 0x0000, 0x07E0, 0x07E0, 0x07E0, 0x07E0, 0x07E0, 0x07E0, 0x07E0, 0x0000,
    0x632D, 0x52AC, 0x52AC, 0x52AC, 0x52AC, 0x52AC, 0x52AC, 0x632D, 0x0000, 0x07E0, 0x07E0, 0x07E0,
    0x07E0, 0x07E0, 0x07E0, 0x0000, 0x2967, 0x424A, 0x4A8B, 0x4A8B, 0x4A8B, 0x4A8B, 0x52AC, 0x424A,
    0x0000, 0x07E0, 0x07E0, 0x07E0, 0x07E0, 0x07E0, 0x07E0, 0x0000, 0x2967, 0x424A, 0x4A8B, 0x4A8B,
    0x4A8B, 0x4A8B, 0x52AC, 0x424A, 0x0000, 0x07E0, 0x07E0, 0x07E0, 0x07E0, 0x07E0, 0x07E0, 0x0000,
    0x2105, 0x2905, 0x2105, 0x2905, 0x2126, 0x2105, 0x0000, 0x0000, 0x0000, 0x0000, 0x07E0, 0x07E0,
    0x07E0, 0x07E0, 0x07E0, 0x0000, 0x0000, 0x0000, 0x0000, 0x0000, 0x0000, 0x0000, 0x0000, 0x0000,
    0x7380, 0x0000, 0x0000, 0x07E0, 0x07E0, 0x07E0, 0x0000, 0x58E3, 0x58E3, 0x58E3, 0x58E3, 0x58E3,
    0x58E3, 0x58E3, 0x58E3, 0x58E3, 0x0000, 0x0000, 0x5AC0, 0x0000, 0x07E0, 0x07E0, 0x0000, 0x4882,
    0x4882, 0x4882, 0x4882, 0x4882, 0x4882, 0x4882, 0x4882, 0x58E3, 0x58E3, 0x58E3, 0x0000, 0x0000,
    0x07E0, 0x0000, 0x4882, 0x4882, 0x4882, 0x4882, 0x4882, 0x4882, 0x4882, 0x4882, 0x4882, 0x4882,
    0x4882, 0x58E3, 0x0000, 0x07E0, 0x07E0, 0x0000, 0x4882, 0x4882, 0x4882, 0x4882, 0x4882, 0x4882,
    0x4882, 0x4882, 0x4882, 0x0000, 0x0000, 0x0000, 0x07E0, 0x07E0, 0x07E0, 0x0000, 0x0000, 0x0000,
    0x0000, 0x0000, 0x0000, 0x0000, 0x0000, 0x0000, 0x0000, 0x0000, 0x0000, 0x0000, 0x07E0, 0x07E0,
    0x07E0, 0x07E0, 0x4A69, 0x4123, 0x0000, 0x3187, 0x2126, 0x2126, 0x2126, 0x2126, 0x3187, 0x0000,
    0x2987, 0x0000, 0x07E0, 0x07E0, 0x07E0, 0x07E0, 0x07E0, 0x4228, 0x0000, 0x2126, 0x2105, 0x2105,
    0x2105, 0x2105, 0x3187, 0x0000, 0x0000, 0x07E0, 0x07E0, 0x07E0, 0x07E0, 0x07E0, 0xAD95, 0x07E0,
    0x4A69, 0x2105, 0x2105, 0x07E0, 0x07E0, 0x2105, 0x2105, 0x0000, 0x07E0, 0x07E0, 0x07E0, 0x07E0,
    0x07E0, 0x07E0, 0x07E0, 0x07E0, 0x07E0, 0x0000, 0x0000, 0x07E0, 0x07E0, 0x0000, 0x0000, 0x07E0,
    0x07E0, 0x07E0, 0x07E0, 0x07E0,
};

/* Timeline frame 56 */
static const uint16_t undying_player_idle_back_1[] = {
    0x07E0, 0x07E0, 0x07E0, 0x07E0, 0x07E0, 0x0000, 0x0000, 0x0000, 0x0000, 0x0000, 0x0000, 0x07E0,
    0x07E0, 0x07E0, 0x07E0, 0x07E0, 0x07E0, 0x07E0, 0x07E0, 0x07E0, 0x0000, 0x632D, 0x632D, 0x632D,
    0x632D, 0x632D, 0x632D, 0x0000, 0x07E0, 0x07E0, 0x07E0, 0x07E0, 0x07E0, 0x07E0, 0x07E0, 0x0000,
    0x632D, 0x52AC, 0x52AC, 0x52AC, 0x52AC, 0x52AC, 0x52AC, 0x632D, 0x0000, 0x07E0, 0x07E0, 0x07E0,
    0x07E0, 0x07E0, 0x07E0, 0x0000, 0x2967, 0x424A, 0x4A8B, 0x4A8B, 0x4A8B, 0x4A8B, 0x52AC, 0x424A,
    0x0000, 0x07E0, 0x07E0, 0x07E0, 0x07E0, 0x07E0, 0x07E0, 0x0000, 0x2967, 0x424A, 0x4A8B, 0x4A8B,
    0x4A8B, 0x4A8B, 0x52AC, 0x424A, 0x0000, 0x07E0, 0x07E0, 0x07E0, 0x07E0, 0x07E0, 0x07E0, 0x0000,
    0x2105, 0x2905, 0x2105, 0x2905, 0x2126, 0x2105, 0x0000, 0x0000, 0x0000, 0x0000, 0x07E0, 0x07E0,
    0x07E0, 0x07E0, 0x07E0, 0x0000, 0x0000, 0x0000, 0x0000, 0x0000, 0x0000, 0x0000, 0x0000, 0x0000,
    0x7380, 0x0000, 0x0000, 0x07E0, 0x07E0, 0x07E0, 0x0000, 0x58E3, 0x58E3, 0x58E3, 0x58E3, 0x58E3,
    0x58E3, 0x58E3, 0x58E3, 0x58E3, 0x0000, 0x0000, 0x5AC0, 0x0000, 0x07E0, 0x07E0, 0x0000, 0x4882,
    0x4882, 0x4882, 0x4882, 0x4882, 0x4882, 0x4882, 0x4882, 0x58E3, 0x58E3, 0x58E3, 0x0000, 0x0000,
    0x07E0, 0x0000, 0x4882, 0x4882, 0x4882, 0x4882, 0x4882, 0x4882, 0x4882, 0x4882, 0x4882, 0x4882,
    0x4882, 0x58E3, 0x0000, 0x07E0, 0x07E0, 0x0000, 0x4882, 0x4882, 0x4882, 0x4882, 0x4882, 0x4882,
    0x4882, 0x4882, 0x4882, 0x0000, 0x0000, 0x0000, 0x07E0, 0x07E0, 0x07E0, 0x0000, 0x0000, 0x0000,
    0x0000, 0x0000, 0x0000, 0x0000, 0x0000, 0x0000, 0x0000, 0x0000, 0x0000, 0x0000, 0x07E0, 0x07E0,
    0x07E0, 0x07E0, 0x4A69, 0x4123, 0x0000, 0x3187, 0x2126, 0x2126, 0x2126, 0x2126, 0x3187, 0x0000,
    0x2987, 0x0000, 0x07E0, 0x07E0, 0x07E0, 0x07E0, 0x07E0, 0x4228, 0x0000, 0x2126, 0x2105, 0x2105,
    0x2105, 0x2105, 0x3187, 0x0000, 0x0000, 0x07E0, 0x07E0, 0x07E0, 0x07E0, 0x07E0, 0xAD95, 0x07E0,
    0x4A69, 0x2105, 0x2105, 0x07E0, 0x07E0, 0x2105, 0x2105, 0x0000, 0x07E0, 0x07E0, 0x07E0, 0x07E0,
    0x07E0, 0x07E0, 0x07E0, 0x07E0, 0x07E0, 0x0000, 0x0000, 0x07E0, 0x07E0, 0x0000, 0x0000, 0x07E0,
    0x07E0, 0x07E0, 0x07E0, 0x07E0,
};

/* Timeline frame 57 */
static const uint16_t undying_player_walk_back_1[] = {
    0x07E0, 0x07E0, 0x07E0, 0x07E0, 0x07E0, 0x0000, 0x0000, 0x0000, 0x0000, 0x0000, 0x0000, 0x07E0,
    0x07E0, 0x07E0, 0x07E0, 0x07E0, 0x07E0, 0x07E0, 0x07E0, 0x07E0, 0x0000, 0x632D, 0x632D, 0x632D,
    0x632D, 0x632D, 0x632D, 0x0000, 0x07E0, 0x07E0, 0x07E0, 0x07E0, 0x07E0, 0x07E0, 0x07E0, 0x0000,
    0x632D, 0x52AC, 0x52AC, 0x52AC, 0x52AC, 0x52AC, 0x52AC, 0x632D, 0x0000, 0x07E0, 0x07E0, 0x07E0,
    0x07E0, 0x07E0, 0x07E0, 0x0000, 0x2967, 0x424A, 0x4A8B, 0x4A8B, 0x4A8B, 0x4A8B, 0x52AC, 0x424A,
    0x0000, 0x07E0, 0x07E0, 0x07E0, 0x07E0, 0x07E0, 0x07E0, 0x0000, 0x2967, 0x424A, 0x4A8B, 0x4A8B,
    0x4A8B, 0x4A8B, 0x52AC, 0x424A, 0x0000, 0x07E0, 0x07E0, 0x07E0, 0x07E0, 0x07E0, 0x07E0, 0x0000,
    0x2105, 0x2905, 0x2105, 0x2905, 0x2126, 0x2105, 0x0000, 0x0000, 0x0000, 0x0000, 0x07E0, 0x07E0,
    0x07E0, 0x07E0, 0x07E0, 0x0000, 0x0000, 0x0000, 0x0000, 0x0000, 0x0000, 0x0000, 0x0000, 0x0000,
    0x7380, 0x0000, 0x0000, 0x07E0, 0x07E0, 0x07E0, 0x0000, 0x58E3, 0x58E3, 0x58E3, 0x58E3, 0x58E3,
    0x58E3, 0x58E3, 0x58E3, 0x58E3, 0x0000, 0x0000, 0x5AC0, 0x0000, 0x07E0, 0x07E0, 0x0000, 0x4882,
    0x4882, 0x4882, 0x4882, 0x4882, 0x4882, 0x4882, 0x4882, 0x58E3, 0x58E3, 0x58E3, 0x0000, 0x0000,
    0x07E0, 0x0000, 0x4882, 0x4882, 0x4882, 0x4882, 0x4882, 0x4882, 0x4882, 0x4882, 0x4882, 0x4882,
    0x4882, 0x58E3, 0x0000, 0x07E0, 0x07E0, 0x0000, 0x4882, 0x4882, 0x4882, 0x4882, 0x4882, 0x4882,
    0x4882, 0x4882, 0x4882, 0x0000, 0x0000, 0x0000, 0x07E0, 0x07E0, 0x07E0, 0x0000, 0x0000, 0x0000,
    0x0000, 0x0000, 0x0000, 0x0000, 0x0000, 0x0000, 0x0000, 0x0000, 0x0000, 0x0000, 0x07E0, 0x07E0,
    0x07E0, 0x07E0, 0x4A69, 0x4123, 0x0000, 0x3187, 0x2126, 0x2126, 0x2126, 0x2126, 0x3187, 0x0000,
    0x2987, 0x0000, 0x07E0, 0x07E0, 0x07E0, 0x07E0, 0x07E0, 0x4228, 0x0000, 0x2126, 0x2105, 0x2105,
    0x2105, 0x2105, 0x3187, 0x0000, 0x0000, 0x07E0, 0x07E0, 0x07E0, 0x07E0, 0x07E0, 0xAD95, 0x07E0,
    0x4A69, 0x2105, 0x2105, 0x07E0, 0x07E0, 0x2105, 0x2105, 0x0000, 0x07E0, 0x07E0, 0x07E0, 0x07E0,
    0x07E0, 0x07E0, 0x07E0, 0x07E0, 0x07E0, 0x0000, 0x0000, 0x07E0, 0x07E0, 0x0000, 0x0000, 0x07E0,
    0x07E0, 0x07E0, 0x07E0, 0x07E0,
};

/* Timeline frame 58 */
static const uint16_t undying_player_walk_back_2[] = {
    0x07E0, 0x07E0, 0x07E0, 0x07E0, 0x07E0, 0x0000, 0x0000, 0x0000, 0x0000, 0x0000, 0x0000, 0x07E0,
    0x07E0, 0x07E0, 0x07E0, 0x07E0, 0x07E0, 0x07E0, 0x07E0, 0x07E0, 0x0000, 0x632D, 0x632D, 0x632D,
    0x632D, 0x632D, 0x632D, 0x0000, 0x07E0, 0x07E0, 0x07E0, 0x07E0, 0x07E0, 0x07E0, 0x07E0, 0x0000,
    0x632D, 0x52AC, 0x52AC, 0x52AC, 0x52AC, 0x52AC, 0x52AC, 0x632D, 0x0000, 0x07E0, 0x07E0, 0x07E0,
    0x07E0, 0x07E0, 0x07E0, 0x0000, 0x2967, 0x424A, 0x4A8B, 0x4A8B, 0x4A8B, 0x4A8B, 0x52AC, 0x424A,
    0x0000, 0x07E0, 0x07E0, 0x07E0, 0x07E0, 0x07E0, 0x07E0, 0x0000, 0x2967, 0x424A, 0x4A8B, 0x4A8B,
    0x4A8B, 0x4A8B, 0x52AC, 0x424A, 0x0000, 0x07E0, 0x07E0, 0x07E0, 0x07E0, 0x07E0, 0x07E0, 0x0000,
    0x2105, 0x2905, 0x2105, 0x2905, 0x2126, 0x2105, 0x0000, 0x0000, 0x0000, 0x0000, 0x07E0, 0x07E0,
    0x07E0, 0x07E0, 0x07E0, 0x0000, 0x0000, 0x0000, 0x0000, 0x0000, 0x0000, 0x0000, 0x0000, 0x0000,
    0x7380, 0x0000, 0x0000, 0x07E0, 0x07E0, 0x07E0, 0x0000, 0x58E3, 0x58E3, 0x58E3, 0x58E3, 0x58E3,
    0x58E3, 0x58E3, 0x58E3, 0x58E3, 0x0000, 0x0000, 0x5AC0, 0x0000, 0x07E0, 0x07E0, 0x0000, 0x4882,
    0x4882, 0x4882, 0x4882, 0x4882, 0x4882, 0x4882, 0x4882, 0x58E3, 0x58E3, 0x58E3, 0x0000, 0x0000,
    0x07E0, 0x0000, 0x4882, 0x4882, 0x4882, 0x4882, 0x4882, 0x4882, 0x4882, 0x4882, 0x4882, 0x4882,
    0x4882, 0x58E3, 0x0000, 0x07E0, 0x07E0, 0x0000, 0x4882, 0x4882, 0x4882, 0x4882, 0x4882, 0x4882,
    0x4882, 0x4882, 0x4882, 0x0000, 0x0000, 0x0000, 0x07E0, 0x07E0, 0x07E0, 0x0000, 0x0000, 0x0000,
    0x0000, 0x0000, 0x0000, 0x0000, 0x0000, 0x0000, 0x0000, 0x0000, 0x0000, 0x0000, 0x07E0, 0x07E0,
    0x07E0, 0x07E0, 0x4A69, 0x4123, 0x0000, 0x3187, 0x2126, 0x2126, 0x2126, 0x2126, 0x3187, 0x0000,
    0x2987, 0x0000, 0x07E0, 0x07E0, 0x07E0, 0x07E0, 0x07E0, 0x4228, 0x0000, 0x2126, 0x2105, 0x2105,
    0x2105, 0x2105, 0x2105, 0x0000, 0x0000, 0x07E0, 0x07E0, 0x07E0, 0x07E0, 0x07E0, 0xAD95, 0x07E0,
    0x4A69, 0x2105, 0x2105, 0x07E0, 0x07E0, 0x3187, 0x3187, 0x0000, 0x07E0, 0x07E0, 0x07E0, 0x07E0,
    0x07E0, 0x07E0, 0x07E0, 0x07E0, 0x0000, 0x0000, 0x0000, 0x07E0, 0x07E0, 0x07E0, 0x07E0, 0x07E0,
    0x07E0, 0x07E0, 0x07E0, 0x07E0,
};

/* Timeline frame 59 */
static const uint16_t undying_player_walk_back_3[] = {
    0x07E0, 0x07E0, 0x07E0, 0x07E0, 0x07E0, 0x0000, 0x0000, 0x0000, 0x0000, 0x0000, 0x0000, 0x07E0,
    0x07E0, 0x07E0, 0x07E0, 0x07E0, 0x07E0, 0x07E0, 0x07E0, 0x07E0, 0x0000, 0x632D, 0x632D, 0x632D,
    0x632D, 0x632D, 0x632D, 0x0000, 0x07E0, 0x07E0, 0x07E0, 0x07E0, 0x07E0, 0x07E0, 0x07E0, 0x0000,
    0x632D, 0x52AC, 0x52AC, 0x52AC, 0x52AC, 0x52AC, 0x52AC, 0x632D, 0x0000, 0x07E0, 0x07E0, 0x07E0,
    0x07E0, 0x07E0, 0x07E0, 0x0000, 0x2967, 0x424A, 0x4A8B, 0x4A8B, 0x4A8B, 0x4A8B, 0x52AC, 0x424A,
    0x0000, 0x07E0, 0x07E0, 0x07E0, 0x07E0, 0x07E0, 0x07E0, 0x0000, 0x2967, 0x424A, 0x4A8B, 0x4A8B,
    0x4A8B, 0x4A8B, 0x52AC, 0x424A, 0x0000, 0x07E0, 0x07E0, 0x07E0, 0x07E0, 0x07E0, 0x07E0, 0x0000,
    0x2105, 0x2905, 0x2105, 0x2905, 0x2126, 0x2105, 0x0000, 0x0000, 0x0000, 0x0000, 0x07E0, 0x07E0,
    0x07E0, 0x07E0, 0x07E0, 0x0000, 0x0000, 0x0000, 0x0000, 0x0000, 0x0000, 0x0000, 0x0000, 0x0000,
    0x7380, 0x0000, 0x0000, 0x07E0, 0x07E0, 0x07E0, 0x0000, 0x58E3, 0x58E3, 0x58E3, 0x58E3, 0x58E3,
    0x58E3, 0x58E3, 0x58E3, 0x58E3, 0x0000, 0x0000, 0x5AC0, 0x0000, 0x07E0, 0x07E0, 0x0000, 0x4882,
    0x4882, 0x4882, 0x4882, 0x4882, 0x4882, 0x4882, 0x4882, 0x58E3, 0x58E3, 0x58E3, 0x0000, 0x0000,
    0x07E0, 0x0000, 0x4882, 0x4882, 0x4882, 0x4882, 0x4882, 0x4882, 0x4882, 0x4882, 0x4882, 0x4882,
    0x4882, 0x58E3, 0x0000, 0x07E0, 0x07E0, 0x0000, 0x4882, 0x4882, 0x4882, 0x4882, 0x4882, 0x4882,
    0x4882, 0x4882, 0x4882, 0x0000, 0x0000, 0x0000, 0x07E0, 0x07E0, 0x07E0, 0x0000, 0x0000, 0x0000,
    0x0000, 0x0000, 0x0000, 0x0000, 0x0000, 0x0000, 0x0000, 0x0000, 0x0000, 0x0000, 0x07E0, 0x07E0,
    0x07E0, 0x07E0, 0x4A69, 0x4123, 0x0000, 0x3187, 0x2126, 0x2126, 0x2126, 0x2126, 0x3187, 0x0000,
    0x2987, 0x0000, 0x07E0, 0x07E0, 0x07E0, 0x07E0, 0x07E0, 0x4228, 0x0000, 0x2126, 0x2105, 0x2105,
    0x2105, 0x2105, 0x3187, 0x0000, 0x0000, 0x07E0, 0x07E0, 0x07E0, 0x07E0, 0x07E0, 0xAD95, 0x07E0,
    0x4A69, 0x2105, 0x2105, 0x07E0, 0x07E0, 0x2105, 0x2105, 0x0000, 0x07E0, 0x07E0, 0x07E0, 0x07E0,
    0x07E0, 0x07E0, 0x07E0, 0x07E0, 0x07E0, 0x0000, 0x0000, 0x07E0, 0x07E0, 0x0000, 0x0000, 0x07E0,
    0x07E0, 0x07E0, 0x07E0, 0x07E0,
};

/* Timeline frame 60 */
static const uint16_t undying_player_walk_back_4[] = {
    0x07E0, 0x07E0, 0x07E0, 0x07E0, 0x07E0, 0x0000, 0x0000, 0x0000, 0x0000, 0x0000, 0x0000, 0x07E0,
    0x07E0, 0x07E0, 0x07E0, 0x07E0, 0x07E0, 0x07E0, 0x07E0, 0x07E0, 0x0000, 0x632D, 0x632D, 0x632D,
    0x632D, 0x632D, 0x632D, 0x0000, 0x07E0, 0x07E0, 0x07E0, 0x07E0, 0x07E0, 0x07E0, 0x07E0, 0x0000,
    0x632D, 0x52AC, 0x52AC, 0x52AC, 0x52AC, 0x52AC, 0x52AC, 0x632D, 0x0000, 0x07E0, 0x07E0, 0x07E0,
    0x07E0, 0x07E0, 0x07E0, 0x0000, 0x2967, 0x424A, 0x4A8B, 0x4A8B, 0x4A8B, 0x4A8B, 0x52AC, 0x424A,
    0x0000, 0x07E0, 0x07E0, 0x07E0, 0x07E0, 0x07E0, 0x07E0, 0x0000, 0x2967, 0x424A, 0x4A8B, 0x4A8B,
    0x4A8B, 0x4A8B, 0x52AC, 0x424A, 0x0000, 0x07E0, 0x07E0, 0x07E0, 0x07E0, 0x07E0, 0x07E0, 0x0000,
    0x2105, 0x2905, 0x2105, 0x2905, 0x2126, 0x2105, 0x0000, 0x0000, 0x0000, 0x0000, 0x07E0, 0x07E0,
    0x07E0, 0x07E0, 0x07E0, 0x0000, 0x0000, 0x0000, 0x0000, 0x0000, 0x0000, 0x0000, 0x0000, 0x0000,
    0x7380, 0x0000, 0x0000, 0x07E0, 0x07E0, 0x07E0, 0x0000, 0x58E3, 0x58E3, 0x58E3, 0x58E3, 0x58E3,
    0x58E3, 0x58E3, 0x58E3, 0x58E3, 0x0000, 0x0000, 0x5AC0, 0x0000, 0x07E0, 0x07E0, 0x0000, 0x48A2,
    0x48A2, 0x48A2, 0x4882, 0x4882, 0x4882, 0x48A2, 0x48A2, 0x58E3, 0x58E3, 0x58E3, 0x0000, 0x0000,
    0x07E0, 0x0000, 0x4882, 0x4882, 0x4882, 0x4882, 0x4882, 0x4882, 0x4882, 0x4882, 0x4882, 0x48A2,
    0x48A2, 0x58E3, 0x0000, 0x07E0, 0x07E0, 0x0000, 0x4882, 0x4882, 0x4882, 0x4882, 0x4882, 0x4882,
    0x4882, 0x4882, 0x4882, 0x0000, 0x0000, 0x0000, 0x07E0, 0x07E0, 0x07E0, 0x0000, 0x0000, 0x0000,
    0x0000, 0x0000, 0x0000, 0x0000, 0x0000, 0x0000, 0x0000, 0x0000, 0x0000, 0x0000, 0x07E0, 0x07E0,
    0x07E0, 0x07E0, 0x4A69, 0x4123, 0x0000, 0x3187, 0x2126, 0x2126, 0x2126, 0x2126, 0x3187, 0x0000,
    0x2987, 0x0000, 0x07E0, 0x07E0, 0x07E0, 0x07E0, 0x07E0, 0x4228, 0x0000, 0x2105, 0x2105, 0x2105,
    0x2105, 0x2105, 0x3187, 0x0000, 0x0000, 0x07E0, 0x07E0, 0x07E0, 0x07E0, 0x07E0, 0xAD95, 0x07E0,
    0x4A69, 0x3187, 0x3187, 0x07E0, 0x07E0, 0x2105, 0x2105, 0x0000, 0x07E0, 0x07E0, 0x07E0, 0x07E0,
    0x07E0, 0x07E0, 0x07E0, 0x07E0, 0x07E0, 0x07E0, 0x07E0, 0x07E0, 0x07E0, 0x0000, 0x0000, 0x0000,
    0x07E0, 0x07E0, 0x07E0, 0x07E0,
};

/* Timeline frame 61 */
static const uint16_t undying_player_dead_1[] = {
    0x07E0, 0x07E0, 0x07E0, 0x07E0, 0x07E0, 0x0000, 0x0000, 0x0000, 0x0000, 0x0000, 0x0000, 0x0000,
    0x07E0, 0x07E0, 0x07E0, 0x07E0, 0x07E0, 0x07E0, 0x07E0, 0x07E0, 0x07E0, 0x0000, 0x632D, 0x632D,
    0x632D, 0x632D, 0x632D, 0x632D, 0x0000, 0x07E0, 0x07E0, 0x07E0, 0x07E0, 0x07E0, 0x07E0, 0x07E0,
    0x0000, 0x52AB, 0x52AC, 0x2841, 0x2841, 0x2841, 0x2841, 0x632D, 0x0000, 0x07E0, 0x07E0, 0x07E0,
    0x07E0, 0x07E0, 0x07E0, 0x07E0, 0x0000, 0x2105, 0x424A, 0x4A8B, 0x4882, 0x4A8B, 0x4882, 0x632D,
    0x0000, 0x07E0, 0x07E0, 0x07E0, 0x07E0, 0x07E0, 0x07E0, 0x07E0, 0x0000, 0x2105, 0x424A, 0x4A8B,
    0x4882, 0x4A8B, 0x4882, 0x632D, 0x0000, 0x07E0, 0x07E0, 0x07E0, 0x07E0, 0x07E0, 0x07E0, 0x0000,
    0x0000, 0x0000, 0x2105, 0x2105, 0x2105, 0x2105, 0x4882, 0x0000, 0x0000, 0x07E0, 0x07E0, 0x07E0,
    0x07E0, 0x0000, 0x0000, 0x7380, 0x0000, 0x0000, 0x0000, 0x0000, 0x0000, 0x0000, 0x0000, 0x58E3,
    0x0000, 0x07E0, 0x07E0, 0x07E0, 0x0000, 0x5AC0, 0x0000, 0x0000, 0x0000, 0x58E3, 0x58E3, 0x58E3,
    0x0000, 0x2987, 0x0000, 0x4882, 0x58E3, 0x0000, 0x07E0, 0x07E0, 0x0000, 0x0000, 0x0000, 0x4882,
    0x4882, 0x4882, 0x4882, 0x4882, 0x58E3, 0x0000, 0x2987, 0x0000, 0x0000, 0x0000, 0x07E0, 0x07E0,
    0x07E0, 0x07E0, 0x0000, 0x4882, 0x4882, 0x4882, 0x0000, 0x0000, 0x0000, 0x0000, 0x0000, 0x8C71,
    0x9CF3, 0x58E3, 0x0000, 0x07E0, 0x07E0, 0x07E0, 0x0000, 0x0000, 0x0000, 0x4A8B, 0x4A69, 0x0000,
    0x8C71, 0x9CF3, 0x8C71, 0x9CF3, 0x0000, 0x4882, 0x0000, 0x07E0, 0x07E0, 0x07E0, 0x07E0, 0x07E0,
    0x0000, 0x4A8B, 0x7380, 0x8C71, 0x9CF3, 0x8C71, 0x0000, 0x0000, 0x2105, 0x0000, 0x0000, 0x5184,
    0x07E0, 0x07E0, 0x07E0, 0x07E0, 0x0000, 0x0000, 0x4A69, 0x0000, 0x0000, 0x0000, 0x2105, 0x2105,
    0x5184, 0x0000, 0x5184, 0x07E0, 0x07E0, 0x07E0, 0x07E0, 0x07E0, 0x0000, 0x0000, 0x2105, 0x2105,
    0x2105, 0x2105, 0x2126, 0x0000, 0x07E0, 0x4228, 0x07E0, 0x07E0, 0x07E0, 0x07E0, 0x07E0, 0x07E0,
    0x07E0, 0x0000, 0x2105, 0x0000, 0x07E0, 0x0000, 0x2105, 0x07E0, 0x07E0, 0xAD95, 0x07E0, 0x07E0,
    0x07E0, 0x07E0, 0x07E0, 0x07E0, 0x07E0, 0x0000, 0x0000, 0x07E0, 0x07E0, 0x0000, 0x0000, 0x07E0,
    0x07E0, 0x07E0, 0x07E0, 0x07E0,
};

/* Timeline frame 62 */
static const uint16_t undying_player_dead_2[] = {
    0x07E0, 0x07E0, 0x07E0, 0x07E0, 0x07E0, 0x0000, 0x0000, 0x0000, 0x0000, 0x0000, 0x0000, 0x0000,
    0x07E0, 0x07E0, 0x07E0, 0x07E0, 0x07E0, 0x07E0, 0x07E0, 0x07E0, 0x07E0, 0x0000, 0x632D, 0x632D,
    0x632D, 0x632D, 0x632D, 0x632D, 0x0000, 0x07E0, 0x07E0, 0x07E0, 0x07E0, 0x07E0, 0x07E0, 0x07E0,
    0x0000, 0x52AB, 0x52AC, 0x2841, 0x2841, 0x2841, 0x2841, 0x632D, 0x0000, 0x07E0, 0x07E0, 0x07E0,
    0x07E0, 0x07E0, 0x07E0, 0x07E0, 0x0000, 0x2105, 0x424A, 0x4A8B, 0x4882, 0x4882, 0x4882, 0x632D,
    0x0000, 0x07E0, 0x07E0, 0x07E0, 0x07E0, 0x07E0, 0x07E0, 0x07E0, 0x0000, 0x2105, 0x424A, 0x4A8B,
    0x4882, 0x4A8B, 0x4882, 0x632D, 0x0000, 0x07E0, 0x07E0, 0x07E0, 0x07E0, 0x07E0, 0x07E0, 0x0000,
    0x0000, 0x0000, 0x2105, 0x2105, 0x2105, 0x2105, 0x4882, 0x0000, 0x0000, 0x07E0, 0x07E0, 0x07E0,
    0x07E0, 0x0000, 0x0000, 0x7380, 0x0000, 0x0000, 0x0000, 0x0000, 0x0000, 0x0000, 0x4882, 0x58E3,
    0x0000, 0x07E0, 0x07E0, 0x07E0, 0x0000, 0x5AC0, 0x0000, 0x0000, 0x0000, 0x58E3, 0x58E3, 0x58E3,
    0x0000, 0x2105, 0x0000, 0x4882, 0x58E3, 0x0000, 0x07E0, 0x07E0, 0x0000, 0x0000, 0x0000, 0x4882,
    0x4882, 0x4882, 0x4882, 0x0000, 0x2987, 0x2105, 0x0000, 0x4882, 0x4882, 0x0000, 0x07E0, 0x07E0,
    0x07E0, 0x07E0, 0x0000, 0x4882, 0x4882, 0x0000, 0x0000, 0x2105, 0x2987, 0x2105, 0x2987, 0x0000,
    0x4882, 0x58E3, 0x0000, 0x07E0, 0x07E0, 0x07E0, 0x0000, 0x4882, 0x0000, 0x4A8B, 0x0000, 0x2105,
    0x2987, 0x2105, 0x2987, 0x0000, 0x4882, 0x58E3, 0x0000, 0x07E0, 0x07E0, 0x0000, 0x0000, 0x4882,
    0x0000, 0x4A8B, 0x2987, 0x4A69, 0x0000, 0x2105, 0x0000, 0x0000, 0x0000, 0x0000, 0x0000, 0x5184,
    0x07E0, 0x0000, 0x4882, 0x4882, 0x0000, 0x0000, 0x7380, 0x0000, 0x0000, 0x0000, 0x0000, 0x0000,
    0x5184, 0x0000, 0x5184, 0x07E0, 0x07E0, 0x07E0, 0x0000, 0x0000, 0x0000, 0x4A69, 0x2105, 0x8C71,
    0x9CF3, 0x2105, 0x2126, 0x0000, 0x07E0, 0x4228, 0x07E0, 0x07E0, 0x07E0, 0x07E0, 0x07E0, 0x07E0,
    0x07E0, 0x0000, 0x2105, 0x0000, 0x9CF3, 0x8C71, 0x9CF3, 0x9CF3, 0x07E0, 0xAD95, 0x07E0, 0x07E0,
    0x07E0, 0x07E0, 0x07E0, 0x07E0, 0x07E0, 0x0000, 0x0000, 0x07E0, 0x07E0, 0x0000, 0x2126, 0x0000,
    0x07E0, 0x07E0, 0x07E0, 0x07E0,
};

/* Timeline frame 63 */
static const uint16_t undying_player_dead_3[] = {
    0x07E0, 0x07E0, 0x07E0, 0x07E0, 0x07E0, 0x07E0, 0x07E0, 0x07E0, 0x07E0, 0x07E0, 0x07E0, 0x07E0,
    0x07E0, 0x07E0, 0x07E0, 0x07E0, 0x07E0, 0x07E0, 0x07E0, 0x07E0, 0x07E0, 0x0000, 0x0000, 0x0000,
    0x0000, 0x0000, 0x0000, 0x0000, 0x07E0, 0x07E0, 0x07E0, 0x07E0, 0x07E0, 0x07E0, 0x07E0, 0x07E0,
    0x07E0, 0x0000, 0x632D, 0x632D, 0x632D, 0x632D, 0x632D, 0x632D, 0x0000, 0x07E0, 0x07E0, 0x07E0,
    0x07E0, 0x07E0, 0x07E0, 0x07E0, 0x0000, 0x52AB, 0x52AC, 0x2841, 0x2841, 0x2841, 0x2020, 0x632D,
    0x0000, 0x07E0, 0x07E0, 0x07E0, 0x07E0, 0x07E0, 0x07E0, 0x07E0, 0x0000, 0x2105, 0x424A, 0x4A8B,
    0x4882, 0x4882, 0x4882, 0x632D, 0x0000, 0x07E0, 0x07E0, 0x07E0, 0x07E0, 0x07E0, 0x07E0, 0x07E0,
    0x0000, 0x2105, 0x424A, 0x4A8B, 0x4882, 0x4882, 0x4882, 0x632D, 0x0000, 0x07E0, 0x07E0, 0x07E0,
    0x07E0, 0x07E0, 0x07E0, 0x0000, 0x0000, 0x0000, 0x2105, 0x2105, 0x4882, 0x2105, 0x4882, 0x0000,
    0x0000, 0x07E0, 0x07E0, 0x07E0, 0x07E0, 0x0000, 0x0000, 0x7380, 0x0000, 0x0000, 0x0000, 0x0000,
    0x0000, 0x0000, 0x4882, 0x58E3, 0x0000, 0x07E0, 0x07E0, 0x07E0, 0x0000, 0x5AC0, 0x0000, 0x0000,
    0x0000, 0x58E3, 0x58E3, 0x0000, 0x2800, 0x2800, 0x0000, 0x4882, 0x58E3, 0x0000, 0x07E0, 0x07E0,
    0x0000, 0x0000, 0x0000, 0x4882, 0x58E3, 0x4882, 0x0000, 0x2800, 0x2105, 0x2800, 0x2800, 0x0000,
    0x4882, 0x0000, 0x07E0, 0x07E0, 0x07E0, 0x07E0, 0x0000, 0x4882, 0x4882, 0x0000, 0x0000, 0x2987,
    0x2987, 0x2105, 0x2800, 0x2800, 0x0000, 0x58E3, 0x0000, 0x07E0, 0x07E0, 0x07E0, 0x0000, 0x4882,
    0x0000, 0x4A8B, 0x2105, 0x2105, 0x2987, 0x2105, 0x2987, 0x2987, 0x0000, 0x4882, 0x0000, 0x07E0,
    0x07E0, 0x0000, 0x4882, 0x4882, 0x0000, 0x4A8B, 0x2987, 0x4A69, 0x0000, 0x2105, 0x0000, 0x0000,
    0x0000, 0x4882, 0x0000, 0x07E0, 0x07E0, 0x0000, 0x4882, 0x58E3, 0x0000, 0x0000, 0x7380, 0x0000,
    0x0000, 0x0000, 0x0000, 0x0000, 0x0000, 0x0000, 0x07E0, 0x5184, 0x0000, 0x58E3, 0x4882, 0x0000,
    0x0000, 0x4A69, 0x2800, 0x8C71, 0x9CF3, 0x2105, 0x2800, 0x0000, 0x07E0, 0x4228, 0x5184, 0x07E0,
    0x0000, 0x0000, 0x0000, 0x0000, 0x2105, 0x2800, 0x2105, 0x0000, 0x9CF3, 0x8C71, 0x9CF3, 0x9CF3,
    0x07E0, 0xAD95, 0x4228, 0x5184,
};

/* Timeline frame 64 */
static const uint16_t undying_player_dead_4[] = {
    0x07E0, 0x07E0, 0x07E0, 0x07E0, 0x07E0, 0x07E0, 0x07E0, 0x07E0, 0x07E0, 0x07E0, 0x07E0, 0x07E0,
    0x07E0, 0x07E0, 0x07E0, 0x07E0, 0x07E0, 0x07E0, 0x07E0, 0x07E0, 0x07E0, 0x0000, 0x0000, 0x0000,
    0x0000, 0x0000, 0x0000, 0x0000, 0x07E0, 0x07E0, 0x07E0, 0x07E0, 0x07E0, 0x07E0, 0x07E0, 0x07E0,
    0x07E0, 0x0000, 0x632D, 0x632D, 0x632D, 0x632D, 0x632D, 0x632D, 0x0000, 0x07E0, 0x07E0, 0x07E0,
    0x07E0, 0x07E0, 0x07E0, 0x07E0, 0x0000, 0x52AB, 0x52AC, 0x2841, 0x2841, 0x2020, 0x2020, 0x632D,
    0x0000, 0x07E0, 0x07E0, 0x07E0, 0x07E0, 0x07E0, 0x07E0, 0x07E0, 0x0000, 0x2105, 0x424A, 0x4A8B,
    0x4882, 0x4882, 0x4882, 0x632D, 0x0000, 0x07E0, 0x07E0, 0x07E0, 0x07E0, 0x07E0, 0x07E0, 0x07E0,
    0x0000, 0x2105, 0x424A, 0x4A8B, 0x4882, 0x4882, 0x4882, 0x632D, 0x0000, 0x07E0, 0x07E0, 0x07E0,
    0x07E0, 0x07E0, 0x07E0, 0x0000, 0x0000, 0x0000, 0x2105, 0x2105, 0x4882, 0x2105, 0x4882, 0x0000,
    0x0000, 0x07E0, 0x07E0, 0x07E0, 0x07E0, 0x0000, 0x0000, 0x7380, 0x0000, 0x0000, 0x0000, 0x0000,
    0x0000, 0x0000, 0x4882, 0x58E3, 0x0000, 0x07E0, 0x07E0, 0x07E0, 0x0000, 0x5AC0, 0x0000, 0x0000,
    0x0000, 0x58E3, 0x58E3, 0x0000, 0x1800, 0x2800, 0x0000, 0x4882, 0x58E3, 0x0000, 0x07E0, 0x07E0,
    0x0000, 0x0000, 0x0000, 0x4882, 0x58E3, 0x4882, 0x0000, 0x2800, 0x2800, 0x1800, 0x1800, 0x0000,
    0x4882, 0x0000, 0x07E0, 0x07E0, 0x07E0, 0x07E0, 0x0000, 0x4882, 0x4882, 0x0000, 0x4A8B, 0x4A8B,
    0x2987, 0x2800, 0x2800, 0x1800, 0x0000, 0x58E3, 0x0000, 0x07E0, 0x07E0, 0x07E0, 0x0000, 0x4882,
    0x0000, 0x2105, 0x4A69, 0x7380, 0x4A69, 0x2105, 0x2800, 0x0000, 0x0000, 0x58E3, 0x0000, 0x07E0,
    0x07E0, 0x0000, 0x4882, 0x4882, 0x0000, 0x2105, 0x0000, 0x8C71, 0x0000, 0x2105, 0x0000, 0x0000,
    0x0000, 0x58E3, 0x0000, 0x07E0, 0x07E0, 0x0000, 0x4882, 0x58E3, 0x0000, 0x0000, 0x0000, 0x9CF3,
    0x8C71, 0x0000, 0x0000, 0x0000, 0x0000, 0x0000, 0x07E0, 0x5184, 0x0000, 0x58E3, 0x4882, 0x0000,
    0x0000, 0x2800, 0x2800, 0x0000, 0x9CF3, 0x2800, 0x2800, 0x0000, 0x07E0, 0x4228, 0x5184, 0x07E0,
    0x0000, 0x0000, 0x0000, 0x0000, 0x2800, 0x0000, 0x2105, 0x0000, 0x8C71, 0x2105, 0x0000, 0x0000,
    0x07E0, 0xAD95, 0x4228, 0x5184,
};

/* Timeline frame 65 */
static const uint16_t undying_player_dead_5[] = {
    0x07E0, 0x07E0, 0x07E0, 0x07E0, 0x07E0, 0x0000, 0x0000, 0x0000, 0x0000, 0x0000, 0x0000, 0x0000,
    0x07E0, 0x07E0, 0x07E0, 0x07E0, 0x07E0, 0x07E0, 0x07E0, 0x07E0, 0x07E0, 0x0000, 0x632D, 0x632D,
    0x632D, 0x632D, 0x632D, 0x632D, 0x0000, 0x07E0, 0x07E0, 0x07E0, 0x07E0, 0x07E0, 0x07E0, 0x07E0,
    0x0000, 0x52AB, 0x52AC, 0x2841, 0x2841, 0x2020, 0x2841, 0x632D, 0x0000, 0x07E0, 0x07E0, 0x07E0,
    0x07E0, 0x07E0, 0x07E0, 0x07E0, 0x0000, 0x2105, 0x424A, 0x4A8B, 0x4882, 0x4882, 0x4882, 0x632D,
    0x0000, 0x07E0, 0x07E0, 0x07E0, 0x07E0, 0x07E0, 0x07E0, 0x07E0, 0x0000, 0x2105, 0x424A, 0x4A8B,
    0x4882, 0x4882, 0x4882, 0x632D, 0x0000, 0x07E0, 0x07E0, 0x07E0, 0x07E0, 0x07E0, 0x07E0, 0x0000,
    0x0000, 0x0000, 0x2105, 0x2105, 0x4882, 0x2105, 0x4882, 0x0000, 0x0000, 0x07E0, 0x07E0, 0x07E0,
    0x07E0, 0x0000, 0x0000, 0x7380, 0x0000, 0x0000, 0x0000, 0x0000, 0x0000, 0x0000, 0x4882, 0x58E3,
    0x0000, 0x07E0, 0x07E0, 0x07E0, 0x0000, 0x5AC0, 0x0000, 0x0000, 0x0000, 0x58E3, 0x58E3, 0x0000,
    0x1800, 0x2800, 0x0000, 0x4882, 0x58E3, 0x0000, 0x07E0, 0x07E0, 0x0000, 0x0000, 0x0000, 0x4882,
    0x58E3, 0x4882, 0x0000, 0x2800, 0x2800, 0x1800, 0x1800, 0x0000, 0x4882, 0x0000, 0x07E0, 0x07E0,
    0x07E0, 0x07E0, 0x0000, 0x4882, 0x4882, 0x0000, 0x1800, 0x2105, 0x2105, 0x1800, 0x1800, 0x1800,
    0x0000, 0x58E3, 0x0000, 0x07E0, 0x07E0, 0x07E0, 0x0000, 0x4882, 0x0000, 0x2105, 0x4A8B, 0x4A8B,
    0x2987, 0x2105, 0x2800, 0x0000, 0x0000, 0x58E3, 0x0000, 0x07E0, 0x07E0, 0x0000, 0x4882, 0x4882,
    0x0000, 0x2105, 0x4A69, 0x7380, 0x4A69, 0x2105, 0x2105, 0x0000, 0x0000, 0x58E3, 0x0000, 0x07E0,
    0x07E0, 0x0000, 0x4882, 0x58E3, 0x0000, 0x0000, 0x0000, 0x8C71, 0x0000, 0x2105, 0x0000, 0x0000,
    0x0000, 0x0000, 0x07E0, 0x07E0, 0x07E0, 0x0000, 0x4882, 0x0000, 0x0000, 0x0000, 0x0000, 0x9CF3,
    0x8C71, 0x0000, 0x0000, 0x0000, 0x07E0, 0x07E0, 0x07E0, 0x5184, 0x07E0, 0x0000, 0x4882, 0x0000,
    0x2800, 0x0000, 0x2800, 0x0000, 0x9CF3, 0x2800, 0x2800, 0x0000, 0x07E0, 0x4228, 0x5184, 0x07E0,
    0x07E0, 0x07E0, 0x0000, 0x07E0, 0x07E0, 0x0000, 0x2105, 0x0000, 0x8C71, 0x2105, 0x0000, 0x0000,
    0x07E0, 0xAD95, 0x4228, 0x5184,
};

/* Timeline frame 66 */
static const uint16_t undying_player_dead_6[] = {
    0x07E0, 0x07E0, 0x07E0, 0x07E0, 0x07E0, 0x07E0, 0x07E0, 0x07E0, 0x07E0, 0x07E0, 0x07E0, 0x07E0,
    0x07E0, 0x07E0, 0x07E0, 0x07E0, 0x07E0, 0x07E0, 0x07E0, 0x07E0, 0x07E0, 0x0000, 0x0000, 0x0000,
    0x0000, 0x0000, 0x0000, 0x0000, 0x07E0, 0x07E0, 0x07E0, 0x07E0, 0x07E0, 0x07E0, 0x07E0, 0x07E0,
    0x07E0, 0x0000, 0x632D, 0x632D, 0x632D, 0x632D, 0x632D, 0x632D, 0x0000, 0x07E0, 0x07E0, 0x07E0,
    0x07E0, 0x07E0, 0x07E0, 0x07E0, 0x0000, 0x52AB, 0x52AC, 0x2020, 0x2020, 0x1000, 0x1000, 0x632D,
    0x0000, 0x07E0, 0x07E0, 0x07E0, 0x07E0, 0x07E0, 0x07E0, 0x07E0, 0x0000, 0x2105, 0x424A, 0x4A8B,
    0x4061, 0x4061, 0x4061, 0x632D, 0x0000, 0x07E0, 0x07E0, 0x07E0, 0x07E0, 0x07E0, 0x07E0, 0x07E0,
    0x0000, 0x2105, 0x424A, 0x4A8B, 0x4061, 0x4882, 0x4882, 0x632D, 0x0000, 0x07E0, 0x07E0, 0x07E0,
    0x07E0, 0x07E0, 0x07E0, 0x0000, 0x0000, 0x0000, 0x2105, 0x2105, 0x4882, 0x2105, 0x4882, 0x0000,
    0x0000, 0x07E0, 0x07E0, 0x07E0, 0x07E0, 0x0000, 0x0000, 0x7380, 0x0000, 0x0000, 0x0000, 0x0000,
    0x0000, 0x0000, 0x4882, 0x58E3, 0x0000, 0x07E0, 0x07E0, 0x07E0, 0x0000, 0x5AC0, 0x0000, 0x0000,
    0x0000, 0x58E3, 0x58E3, 0x0000, 0x1800, 0x2800, 0x0000, 0x4882, 0x58E3, 0x0000, 0x07E0, 0x07E0,
    0x0000, 0x0000, 0x0000, 0x4882, 0x58E3, 0x4882, 0x0000, 0x2800, 0x2800, 0x1800, 0x1800, 0x0000,
    0x4882, 0x0000, 0x07E0, 0x07E0, 0x07E0, 0x07E0, 0x0000, 0x4882, 0x4882, 0x0000, 0x0000, 0x2987,
    0x2987, 0x2800, 0x2800, 0x1800, 0x0000, 0x58E3, 0x0000, 0x07E0, 0x07E0, 0x07E0, 0x0000, 0x4882,
    0x0000, 0x2800, 0x2105, 0x2105, 0x4882, 0x2105, 0x2800, 0x0000, 0x0000, 0x58E3, 0x0000, 0x07E0,
    0x07E0, 0x0000, 0x4882, 0x4882, 0x0000, 0x4A8B, 0x2105, 0x4A69, 0x4882, 0x2105, 0x0000, 0x0000,
    0x0000, 0x58E3, 0x0000, 0x07E0, 0x07E0, 0x0000, 0x4882, 0x58E3, 0x0000, 0x0000, 0x7380, 0x0000,
    0x0000, 0x0000, 0x0000, 0x0000, 0x0000, 0x0000, 0x07E0, 0x5184, 0x0000, 0x58E3, 0x4882, 0x0000,
    0x0000, 0x0000, 0x2800, 0x8C71, 0x7B0B, 0x2105, 0x2800, 0x0000, 0x07E0, 0x4228, 0x5184, 0x07E0,
    0x0000, 0x0000, 0x0000, 0x0000, 0x2800, 0x0000, 0x2105, 0x0000, 0x9CF3, 0x8C71, 0x7B0B, 0x9CF3,
    0x7B0B, 0xAD95, 0x4228, 0x5184,
};

/* Timeline frame 67 */
static const uint16_t undying_player_dead_7[] = {
    0x07E0, 0x07E0, 0x07E0, 0x07E0, 0x07E0, 0x07E0, 0x07E0, 0x07E0, 0x07E0, 0x07E0, 0x07E0, 0x07E0,
    0x07E0, 0x07E0, 0x07E0, 0x07E0, 0x07E0, 0x07E0, 0x07E0, 0x07E0, 0x07E0, 0x07E0, 0x07E0, 0x07E0,
    0x07E0, 0x07E0, 0x07E0, 0x07E0, 0x07E0, 0x07E0, 0x07E0, 0x07E0, 0x07E0, 0x07E0, 0x07E0, 0x07E0,
    0x07E0, 0x0000, 0x0000, 0x0000, 0x0000, 0x0000, 0x0000, 0x0000, 0x07E0, 0x07E0, 0x07E0, 0x07E0,
    0x07E0, 0x07E0, 0x07E0, 0x07E0, 0x0000, 0x2105, 0x52AC, 0x632D, 0x632D, 0x632D, 0x632D, 0x632D,
    0x0000, 0x07E0, 0x07E0, 0x07E0, 0x07E0, 0x07E0, 0x07E0, 0x07E0, 0x0000, 0x2105, 0x424A, 0x632D,
    0x632D, 0x632D, 0x632D, 0x632D, 0x0000, 0x07E0, 0x07E0, 0x07E0, 0x07E0, 0x07E0, 0x07E0, 0x07E0,
    0x0000, 0x2105, 0x424A, 0x1000, 0xAD95, 0x1000, 0x1000, 0x632D, 0x0000, 0x07E0, 0x07E0, 0x07E0,
    0x07E0, 0x07E0, 0x07E0, 0x0000, 0x0000, 0x0000, 0x2105, 0x2105, 0x4061, 0x4061, 0x4882, 0x0000,
    0x0000, 0x07E0, 0x07E0, 0x07E0, 0x07E0, 0x0000, 0x0000, 0x7380, 0x0000, 0x0000, 0x0000, 0x0000,
    0x0000, 0x4061, 0x4882, 0x58E3, 0x0000, 0x07E0, 0x07E0, 0x07E0, 0x0000, 0x5AC0, 0x0000, 0x0000,
    0x0000, 0x58E3, 0x58E3, 0x0000, 0x1800, 0x2800, 0x0000, 0x4882, 0x58E3, 0x0000, 0x07E0, 0x07E0,
    0x0000, 0x0000, 0x0000, 0x4882, 0x58E3, 0x4882, 0x0000, 0x2800, 0x2800, 0x1800, 0x1800, 0x0000,
    0x4882, 0x0000, 0x07E0, 0x07E0, 0x07E0, 0x07E0, 0x0000, 0x4882, 0x4882, 0x0000, 0x0000, 0x2987,
    0x2987, 0x2800, 0x2800, 0x1800, 0x0000, 0x58E3, 0x0000, 0x07E0, 0x07E0, 0x07E0, 0x0000, 0x4882,
    0x0000, 0x2800, 0x2105, 0x2105, 0x4882, 0x2105, 0x2800, 0x0000, 0x0000, 0x58E3, 0x0000, 0x07E0,
    0x07E0, 0x0000, 0x4882, 0x4882, 0x0000, 0x4A8B, 0x2105, 0x4A69, 0x4882, 0x2105, 0x0000, 0x0000,
    0x0000, 0x58E3, 0x0000, 0x07E0, 0x07E0, 0x0000, 0x4882, 0x58E3, 0x0000, 0x0000, 0x7380, 0x0000,
    0x0000, 0x0000, 0x0000, 0x0000, 0x0000, 0x0000, 0x07E0, 0x5184, 0x0000, 0x58E3, 0x4882, 0x0000,
    0x0000, 0x0000, 0x2800, 0x8C71, 0x7B0B, 0x2105, 0x2800, 0x0000, 0x07E0, 0x4228, 0x5184, 0x07E0,
    0x0000, 0x0000, 0x0000, 0x0000, 0x2800, 0x0000, 0x2105, 0x0000, 0x9CF3, 0x8C71, 0x7B0B, 0x9CF3,
    0x7B0B, 0xAD95, 0x4228, 0x5184,
};

/* Timeline frame 68 */
static const uint16_t undying_player_dead_8[] = {
    0x07E0, 0x07E0, 0x07E0, 0x07E0, 0x07E0, 0x07E0, 0x07E0, 0x07E0, 0x07E0, 0x07E0, 0x07E0, 0x07E0,
    0x07E0, 0x07E0, 0x07E0, 0x07E0, 0x07E0, 0x07E0, 0x07E0, 0x07E0, 0x07E0, 0x07E0, 0x07E0, 0x07E0,
    0x07E0, 0x07E0, 0x07E0, 0x07E0, 0x07E0, 0x07E0, 0x07E0, 0x07E0, 0x07E0, 0x07E0, 0x07E0, 0x07E0,
    0x07E0, 0x0000, 0x0000, 0x0000, 0x0000, 0x0000, 0x0000, 0x0000, 0x07E0, 0x07E0, 0x07E0, 0x07E0,
    0x07E0, 0x07E0, 0x07E0, 0x07E0, 0x0000, 0x2105, 0x52AC, 0x632D, 0x632D, 0x632D, 0x632D, 0x632D,
    0x0000, 0x07E0, 0x07E0, 0x07E0, 0x07E0, 0x07E0, 0x07E0, 0x07E0, 0x0000, 0x2105, 0x424A, 0x632D,
    0x632D, 0x632D, 0x632D, 0x632D, 0x0000, 0x07E0, 0x07E0, 0x07E0, 0x07E0, 0x07E0, 0x07E0, 0x07E0,
    0x0000, 0x2105, 0x424A, 0x1000, 0x1000, 0x1000, 0x1000, 0x632D, 0x0000, 0x07E0, 0x07E0, 0x07E0,
    0x07E0, 0x07E0, 0x07E0, 0x0000, 0x0000, 0x0000, 0x2105, 0x2105, 0x4061, 0x4061, 0x4061, 0x0000,
    0x0000, 0x07E0, 0x07E0, 0x07E0, 0x07E0, 0x0000, 0x0000, 0x7380, 0x0000, 0x0000, 0x0000, 0x0000,
    0x0000, 0x0000, 0x8C91, 0x0000, 0x0000, 0x07E0, 0x07E0, 0x07E0, 0x0000, 0x5AC0, 0x0000, 0x0000,
    0x0000, 0x58E3, 0x58E3, 0x0000, 0x1800, 0x2800, 0x4882, 0x4882, 0x58E3, 0x0000, 0x07E0, 0x07E0,
    0x0000, 0x0000, 0x0000, 0x4882, 0x58E3, 0x4882, 0x0000, 0x2800, 0x2800, 0x1800, 0x1800, 0x0000,
    0x4882, 0x0000, 0x07E0, 0x07E0, 0x07E0, 0x07E0, 0x0000, 0x4882, 0x4882, 0x0000, 0x0000, 0x2987,
    0x2800, 0x2800, 0x2800, 0x1800, 0x0000, 0x58E3, 0x0000, 0x07E0, 0x07E0, 0x07E0, 0x0000, 0x4882,
    0x0000, 0x2800, 0x2105, 0x2105, 0x4882, 0x2105, 0x2800, 0x0000, 0x0000, 0x58E3, 0x0000, 0x07E0,
    0x07E0, 0x0000, 0x4882, 0x4882, 0x0000, 0x4A8B, 0x2105, 0x4A69, 0x4882, 0x2105, 0x0000, 0x0000,
    0x0000, 0x58E3, 0x0000, 0x07E0, 0x07E0, 0x0000, 0x4882, 0x58E3, 0x0000, 0x0000, 0x7380, 0x0000,
    0x0000, 0x0000, 0x0000, 0x0000, 0x0000, 0x0000, 0x07E0, 0x5184, 0x0000, 0x58E3, 0x4882, 0x0000,
    0x0000, 0x0000, 0x2800, 0x8C71, 0x7B0B, 0x2105, 0x2800, 0x0000, 0x07E0, 0x4228, 0x5184, 0x07E0,
    0x0000, 0x0000, 0x0000, 0x0000, 0x2800, 0x0000, 0x2105, 0x0000, 0x9CF3, 0x8C71, 0x7B0B, 0x9CF3,
    0x7B0B, 0xAD95, 0x4228, 0x5184,
};

/* Timeline frame 69 */
static const uint16_t undying_player_dead_9[] = {
    0x07E0, 0x07E0, 0x07E0, 0x07E0, 0x07E0, 0x07E0, 0x07E0, 0x07E0, 0x07E0, 0x07E0, 0x07E0, 0x07E0,
    0x07E0, 0x07E0, 0x07E0, 0x07E0, 0x07E0, 0x07E0, 0x07E0, 0x07E0, 0x07E0, 0x07E0, 0x07E0, 0x07E0,
    0x07E0, 0x07E0, 0x07E0, 0x07E0, 0x07E0, 0x07E0, 0x07E0, 0x07E0, 0x07E0, 0x07E0, 0x07E0, 0x07E0,
    0x07E0, 0x0000, 0x0000, 0x0000, 0x0000, 0x0000, 0x0000, 0x0000, 0x07E0, 0x07E0, 0x07E0, 0x07E0,
    0x07E0, 0x07E0, 0x07E0, 0x07E0, 0x0000, 0x2105, 0x52AC, 0x632D, 0x632D, 0x632D, 0x632D, 0x632D,
    0x0000, 0x07E0, 0x07E0, 0x07E0, 0x07E0, 0x07E0, 0x07E0, 0x07E0, 0x0000, 0x2105, 0x424A, 0x632D,
    0x632D, 0x632D, 0x632D, 0x632D, 0x0000, 0x07E0, 0x07E0, 0x07E0, 0x07E0, 0x07E0, 0x07E0, 0x07E0,
    0x0000, 0x2105, 0x424A, 0x1000, 0x1000, 0x1000, 0x1000, 0x632D, 0x0000, 0x07E0, 0x07E0, 0x07E0,
    0x07E0, 0x07E0, 0x07E0, 0x0000, 0x0000, 0x0000, 0x2105, 0x2105, 0x4061, 0x4061, 0x4882, 0x632D,
    0x0000, 0x07E0, 0x07E0, 0x07E0, 0x07E0, 0x0000, 0x0000, 0x7380, 0x0000, 0x0000, 0x0000, 0x0000,
    0x0000, 0x4061, 0x4882, 0x0000, 0x0000, 0x07E0, 0x07E0, 0x07E0, 0x0000, 0x5AC0, 0x0000, 0x0000,
    0x0000, 0x58E3, 0x58E3, 0x0000, 0x1800, 0x2800, 0x0000, 0x4882, 0x58E3, 0x0000, 0x07E0, 0x07E0,
    0x0000, 0x0000, 0x0000, 0x4882, 0x58E3, 0x4882, 0x0000, 0x2800, 0x2800, 0x1800, 0x1800, 0x0000,
    0x4882, 0x0000, 0x07E0, 0x07E0, 0x07E0, 0x07E0, 0x0000, 0x4882, 0x4882, 0x0000, 0x0000, 0x4882,
    0x2800, 0x2800, 0x2800, 0x5B0B, 0x0000, 0x58E3, 0x0000, 0x07E0, 0x07E0, 0x07E0, 0x0000, 0x4882,
    0x0000, 0x2800, 0x4882, 0x2105, 0x4882, 0x2105, 0x2800, 0x0000, 0x0000, 0x58E3, 0x0000, 0x07E0,
    0x07E0, 0x0000, 0x4882, 0x4882, 0x0000, 0x4A8B, 0x2105, 0x4A69, 0x4882, 0x4882, 0x0000, 0x0000,
    0x0000, 0x58E3, 0x0000, 0x07E0, 0x07E0, 0x0000, 0x4882, 0x58E3, 0x0000, 0x0000, 0x7380, 0x0000,
    0x4882, 0x0000, 0x0000, 0x0000, 0x0000, 0x0000, 0x07E0, 0x5184, 0x0000, 0x58E3, 0x4882, 0x0000,
    0x0000, 0x0000, 0x2800, 0x8C71, 0x7B0B, 0x2105, 0x2800, 0x0000, 0x07E0, 0x4228, 0x5184, 0x07E0,
    0x0000, 0x0000, 0x0000, 0x0000, 0x2800, 0x0000, 0x2105, 0x0000, 0x9CF3, 0x8C71, 0x7B0B, 0x9CF3,
    0x7B0B, 0xAD95, 0x4228, 0x5184,
};

/* Timeline frame 70 */
static const uint16_t undying_player_dead_10[] = {
    0x07E0, 0x07E0, 0x07E0, 0x07E0, 0x07E0, 0x07E0, 0x07E0, 0x07E0, 0x07E0, 0x07E0, 0x07E0, 0x07E0,
    0x07E0, 0x07E0, 0x07E0, 0x07E0, 0x07E0, 0x07E0, 0x07E0, 0x07E0, 0x07E0, 0x07E0, 0x07E0, 0x07E0,
    0x07E0, 0x07E0, 0x07E0, 0x07E0, 0x07E0, 0x07E0, 0x07E0, 0x07E0, 0x07E0, 0x07E0, 0x07E0, 0x07E0,
    0x07E0, 0x0000, 0x0000, 0x0000, 0x0000, 0x0000, 0x0000, 0x0000, 0x07E0, 0x07E0, 0x07E0, 0x07E0,
    0x07E0, 0x07E0, 0x07E0, 0x07E0, 0x0000, 0x2105, 0x52AC, 0x632D, 0x632D, 0x632D, 0x632D, 0x632D,
    0x0000, 0x07E0, 0x07E0, 0x07E0, 0x07E0, 0x07E0, 0x07E0, 0x07E0, 0x0000, 0x2105, 0x424A, 0x632D,
    0x632D, 0x632D, 0x632D, 0x632D, 0x0000, 0x07E0, 0x07E0, 0x07E0, 0x07E0, 0x07E0, 0x07E0, 0x07E0,
    0x0000, 0x2105, 0x424A, 0x1000, 0x1000, 0x1000, 0x1000, 0x632D, 0x0000, 0x07E0, 0x07E0, 0x07E0,
    0x07E0, 0x07E0, 0x07E0, 0x0000, 0x0000, 0x0000, 0x2105, 0x2105, 0x4061, 0x4061, 0x4882, 0x632D,
    0x0000, 0x07E0, 0x07E0, 0x07E0, 0x07E0, 0x0000, 0x0000, 0x7380, 0x0000, 0x0000, 0x0000, 0x0000,
    0x0000, 0x4061, 0x4882, 0x0000, 0x0000, 0x07E0, 0x07E0, 0x07E0, 0x0000, 0x5AC0, 0x0000, 0x0000,
    0x0000, 0x58E3, 0x58E3, 0x0000, 0x1800, 0x2800, 0x0000, 0x4882, 0x58E3, 0x0000, 0x07E0, 0x07E0,
    0x0000, 0x0000, 0x0000, 0x4882, 0x58E3, 0x4882, 0x0000, 0x2800, 0x2800, 0x1800, 0x1800, 0x0000,
    0x4882, 0x0000, 0x07E0, 0x07E0, 0x07E0, 0x07E0, 0x0000, 0x4882, 0x4882, 0x0000, 0x0000, 0x4882,
    0x2800, 0x2800, 0x2800, 0x0000, 0x0000, 0x58E3, 0x0000, 0x07E0, 0x07E0, 0x07E0, 0x0000, 0x4882,
    0x0000, 0x2800, 0x4882, 0x2105, 0x4882, 0x2105, 0x2800, 0x0000, 0x0000, 0x58E3, 0x0000, 0x07E0,
    0x07E0, 0x0000, 0x4882, 0x4882, 0x0000, 0x4A8B, 0x2105, 0x4A69, 0x4882, 0x4882, 0x0000, 0x39C7,
    0x0000, 0x58E3, 0x0000, 0x07E0, 0x07E0, 0x0000, 0x4882, 0x58E3, 0x0000, 0x0000, 0x7380, 0x0000,
    0x4882, 0x0000, 0x0000, 0x0000, 0x0000, 0x0000, 0x07E0, 0x5184, 0x0000, 0x58E3, 0x4882, 0x0000,
    0x0000, 0x0000, 0x2800, 0x8C71, 0x7B0B, 0x2105, 0x2800, 0x0000, 0x07E0, 0x4228, 0x5184, 0x07E0,
    0x0000, 0x0000, 0x0000, 0x0000, 0x2800, 0x0000, 0x2105, 0x0000, 0x9CF3, 0x8C71, 0x7B0B, 0x9CF3,
    0x7B0B, 0xAD95, 0x4228, 0x5184,
};

/* Timeline frame 71 */
static const uint16_t undying_player_dead_true_end_1[] = {
    0x07E0, 0x07E0, 0x07E0, 0x07E0, 0x07E0, 0x0000, 0x0000, 0x0000, 0x0000, 0x0000, 0x0000, 0x0000,
    0x07E0, 0x07E0, 0x07E0, 0x07E0, 0x07E0, 0x07E0, 0x07E0, 0x07E0, 0x07E0, 0x0000, 0x632D, 0x632D,
    0x632D, 0x632D, 0x632D, 0x632D, 0x0000, 0x07E0, 0x07E0, 0x07E0, 0x07E0, 0x07E0, 0x07E0, 0x07E0,
    0x0000, 0x52AB, 0x52AC, 0x2841, 0x2841, 0x2841, 0x2841, 0x632D, 0x0000, 0x07E0, 0x07E0, 0x07E0,
    0x07E0, 0x07E0, 0x07E0, 0x07E0, 0x0000, 0x2105, 0x424A, 0x4A8B, 0x4882, 0x4A8B, 0x4882, 0x632D,
    0x0000, 0x07E0, 0x07E0, 0x07E0, 0x07E0, 0x07E0, 0x07E0, 0x07E0, 0x0000, 0x2105, 0x424A, 0x4A8B,
    0x4882, 0x4A8B, 0x4882, 0x632D, 0x0000, 0x07E0, 0x07E0, 0x07E0, 0x07E0, 0x07E0, 0x07E0, 0x0000,
    0x0000, 0x0000, 0x2105, 0x2105, 0x2105, 0x2105, 0x4882, 0x0000, 0x0000, 0x07E0, 0x07E0, 0x07E0,
    0x07E0, 0x0000, 0x0000, 0x7380, 0x0000, 0x0000, 0x0000, 0x0000, 0x0000, 0x0000, 0x0000, 0x58E3,
    0x0000, 0x07E0, 0x07E0, 0x07E0, 0x0000, 0x5AC0, 0x0000, 0x0000, 0x0000, 0x58E3, 0x58E3, 0x58E3,
    0x0000, 0x2987, 0x0000, 0x4882, 0x58E3, 0x0000, 0x07E0, 0x07E0, 0x0000, 0x0000, 0x0000, 0x4882,
    0x4882, 0x4882, 0x4882, 0x4882, 0x58E3, 0x0000, 0x2987, 0x0000, 0x0000, 0x0000, 0x07E0, 0x07E0,
    0x07E0, 0x07E0, 0x0000, 0x4882, 0x4882, 0x4882, 0x0000, 0x0000, 0x0000, 0x0000, 0x0000, 0x8C71,
    0x9CF3, 0x58E3, 0x0000, 0x07E0, 0x07E0, 0x07E0, 0x0000, 0x0000, 0x0000, 0x4A8B, 0x4A69, 0x0000,
    0x8C71, 0x9CF3, 0x8C71, 0x9CF3, 0x0000, 0x4882, 0x0000, 0x07E0, 0x07E0, 0x07E0, 0x07E0, 0x07E0,
    0x0000, 0x4A8B, 0x7380, 0x8C71, 0x9CF3, 0x8C71, 0x0000, 0x0000, 0x2105, 0x0000, 0x0000, 0x5184,
    0x07E0, 0x07E0, 0x07E0, 0x07E0, 0x0000, 0x0000, 0x4A69, 0x0000, 0x0000, 0x0000, 0x2105, 0x2105,
    0x5184, 0x0000, 0x5184, 0x07E0, 0x07E0, 0x07E0, 0x07E0, 0x07E0, 0x0000, 0x0000, 0x2105, 0x2105,
    0x2105, 0x2105, 0x2126, 0x0000, 0x07E0, 0x4228, 0x07E0, 0x07E0, 0x07E0, 0x07E0, 0x07E0, 0x07E0,
    0x07E0, 0x0000, 0x2105, 0x0000, 0x07E0, 0x0000, 0x2105, 0x07E0, 0x07E0, 0xAD95, 0x07E0, 0x07E0,
    0x07E0, 0x07E0, 0x07E0, 0x07E0, 0x07E0, 0x0000, 0x0000, 0x07E0, 0x07E0, 0x0000, 0x0000, 0x07E0,
    0x07E0, 0x07E0, 0x07E0, 0x07E0,
};

/* Timeline frame 72 */
static const uint16_t undying_player_dead_true_end_2[] = {
    0x07E0, 0x07E0, 0x07E0, 0x07E0, 0x07E0, 0x0000, 0x0000, 0x0000, 0x0000, 0x0000, 0x0000, 0x0000,
    0x07E0, 0x0000, 0x07E0, 0x07E0, 0x07E0, 0x07E0, 0x07E0, 0x07E0, 0x07E0, 0x0000, 0x632D, 0x632D,
    0x632D, 0x632D, 0x632D, 0x632D, 0x0000, 0x07E0, 0x07E0, 0x07E0, 0x07E0, 0x07E0, 0x07E0, 0x07E0,
    0x0000, 0x52AB, 0x52AC, 0x2841, 0x3861, 0x3861, 0x2841, 0x0000, 0x07E0, 0x07E0, 0x0000, 0x07E0,
    0x07E0, 0x07E0, 0x07E0, 0x07E0, 0x0000, 0x2105, 0x424A, 0x4A8B, 0x4882, 0x4A8B, 0x4882, 0x632D,
    0x0000, 0x07E0, 0x07E0, 0x07E0, 0x07E0, 0x07E0, 0x07E0, 0x07E0, 0x0000, 0x2105, 0x424A, 0x4A8B,
    0x4882, 0x4A8B, 0x4882, 0x632D, 0x0000, 0x07E0, 0x0000, 0x07E0, 0x07E0, 0x07E0, 0x07E0, 0x0000,
    0x0000, 0x0000, 0x2105, 0x4A8B, 0x2105, 0x2105, 0x4882, 0x0000, 0x0000, 0x07E0, 0x07E0, 0x07E0,
    0x07E0, 0x0000, 0x0000, 0x7380, 0x0000, 0x0000, 0x0000, 0x0000, 0x0000, 0x0000, 0x0000, 0x58E3,
    0x0000, 0x07E0, 0x58E3, 0x07E0, 0x0000, 0x5AC0, 0x0000, 0x0000, 0x0000, 0x58E3, 0x58E3, 0x58E3,
    0x0000, 0x2987, 0x0000, 0x4882, 0x58E3, 0x0000, 0x07E0, 0x07E0, 0x0000, 0x0000, 0x0000, 0x4882,
    0x4882, 0x4882, 0x4882, 0x4882, 0x58E3, 0x0000, 0x2987, 0x0000, 0x0000, 0x0000, 0x07E0, 0x0000,
    0x07E0, 0x07E0, 0x0000, 0x4882, 0x4882, 0x4882, 0x0000, 0x4A8B, 0x0000, 0x0000, 0x0000, 0x8C71,
    0x9CF3, 0x58E3, 0x0000, 0x07E0, 0x07E0, 0x07E0, 0x0000, 0x0000, 0x0000, 0x4A8B, 0x4A69, 0x0000,
    0x8C71, 0x9CF3, 0x8C71, 0x9CF3, 0x0000, 0x4882, 0x0000, 0x07E0, 0x07E0, 0x07E0, 0x07E0, 0x07E0,
    0x0000, 0x4A8B, 0x7380, 0x8C71, 0x9CF3, 0x8C71, 0x0000, 0x0000, 0x2105, 0x0000, 0x0000, 0x5184,
    0x07E0, 0x07E0, 0x07E0, 0x07E0, 0x0000, 0x0000, 0x4A69, 0x0000, 0x0000, 0x0000, 0x2105, 0x2105,
    0x5184, 0x0000, 0x5184, 0x07E0, 0x07E0, 0x07E0, 0x07E0, 0x07E0, 0x0000, 0x0000, 0x2105, 0x2105,
    0x2105, 0x2105, 0x2126, 0x0000, 0x07E0, 0x4228, 0x07E0, 0x07E0, 0x07E0, 0x07E0, 0x07E0, 0x07E0,
    0x07E0, 0x0000, 0x2105, 0x0000, 0x07E0, 0x0000, 0x2105, 0x07E0, 0x07E0, 0xAD95, 0x07E0, 0x07E0,
    0x07E0, 0x07E0, 0x07E0, 0x07E0, 0x07E0, 0x0000, 0x0000, 0x07E0, 0x07E0, 0x0000, 0x0000, 0x07E0,
    0x07E0, 0x07E0, 0x07E0, 0x07E0,
};

/* Timeline frame 73 */
static const uint16_t undying_player_dead_true_end_3[] = {
    0x07E0, 0x07E0, 0x07E0, 0x07E0, 0x07E0, 0x0000, 0x0000, 0x0000, 0x0000, 0x0000, 0x0000, 0x0000,
    0x0000, 0x07E0, 0x0000, 0x07E0, 0x07E0, 0x07E0, 0x07E0, 0x07E0, 0x07E0, 0x0000, 0x632D, 0x632D,
    0x632D, 0x632D, 0x632D, 0x632D, 0x07E0, 0x07E0, 0x07E0, 0x07E0, 0x07E0, 0x07E0, 0x07E0, 0x07E0,
    0x0000, 0x52AB, 0x52AC, 0x3861, 0x4924, 0x4924, 0x3861, 0x0000, 0x07E0, 0x07E0, 0x07E0, 0x0000,
    0x07E0, 0x07E0, 0x07E0, 0x07E0, 0x0000, 0x2105, 0x424A, 0x4A8B, 0x4882, 0x4A8B, 0x0000, 0x528B,
    0x0000, 0x07E0, 0x07E0, 0x07E0, 0x07E0, 0x07E0, 0x07E0, 0x07E0, 0x0000, 0x2105, 0x424A, 0x4A8B,
    0x2947, 0x0000, 0x528B, 0x632D, 0x0000, 0x528B, 0x0000, 0x07E0, 0x07E0, 0x07E0, 0x07E0, 0x0000,
    0x0000, 0x0000, 0x2105, 0x4A8B, 0x2105, 0x528B, 0x528B, 0x0000, 0x0000, 0x07E0, 0x07E0, 0x07E0,
    0x07E0, 0x0000, 0x0000, 0x7380, 0x0000, 0x0000, 0x0000, 0x0000, 0x0000, 0x0000, 0x0000, 0x58E3,
    0x0000, 0x07E0, 0x58E3, 0x07E0, 0x0000, 0x5AC0, 0x0000, 0x0000, 0x0000, 0x58E3, 0x58E3, 0x58E3,
    0x0000, 0x2987, 0x0000, 0x4882, 0x58E3, 0x0000, 0x07E0, 0x07E0, 0x0000, 0x0000, 0x0000, 0x4882,
    0x4882, 0x4882, 0x4882, 0x4882, 0x58E3, 0x0000, 0x2987, 0x0000, 0x0000, 0x0000, 0x07E0, 0x0000,
    0x07E0, 0x07E0, 0x0000, 0x4882, 0x4882, 0x4882, 0x0000, 0x4A8B, 0x0000, 0x0000, 0x0000, 0x8C71,
    0x9CF3, 0x58E3, 0x0000, 0x07E0, 0x07E0, 0x07E0, 0x0000, 0x0000, 0x0000, 0x4A8B, 0x4A69, 0x0000,
    0x8C71, 0x9CF3, 0x8C71, 0x9CF3, 0x0000, 0x4882, 0x0000, 0x07E0, 0x07E0, 0x07E0, 0x07E0, 0x07E0,
    0x0000, 0x4A8B, 0x7380, 0x0000, 0x9CF3, 0x8C71, 0x0000, 0x0000, 0x2105, 0x2126, 0x0000, 0x5184,
    0x07E0, 0x07E0, 0x07E0, 0x07E0, 0x07E0, 0x0000, 0x4A69, 0x0000, 0x0000, 0x0000, 0x2105, 0x0000,
    0x5184, 0x0000, 0x5184, 0x07E0, 0x07E0, 0x07E0, 0x07E0, 0x07E0, 0x0000, 0x0000, 0x2105, 0x2105,
    0x2105, 0x2105, 0x2126, 0x0000, 0x07E0, 0x4228, 0x07E0, 0x07E0, 0x07E0, 0x07E0, 0x07E0, 0x07E0,
    0x07E0, 0x0000, 0x2105, 0x0000, 0x07E0, 0x0000, 0x07E0, 0x07E0, 0x07E0, 0xAD95, 0x07E0, 0x07E0,
    0x07E0, 0x07E0, 0x07E0, 0x07E0, 0x07E0, 0x0000, 0x0000, 0x07E0, 0x07E0, 0x0000, 0x0000, 0x07E0,
    0x07E0, 0x07E0, 0x07E0, 0x07E0,
};

/* Timeline frame 74 */
static const uint16_t undying_player_dead_true_end_4[] = {
    0x07E0, 0x07E0, 0x07E0, 0x07E0, 0x07E0, 0x07E0, 0x07E0, 0x07E0, 0x07E0, 0x0000, 0x07E0, 0x07E0,
    0x07E0, 0x0000, 0x07E0, 0x07E0, 0x07E0, 0x07E0, 0x07E0, 0x07E0, 0x07E0, 0x0000, 0x0000, 0x0000,
    0x0000, 0x07E0, 0x0000, 0x0000, 0x07E0, 0x07E0, 0x07E0, 0x07E0, 0x07E0, 0x07E0, 0x07E0, 0x07E0,
    0x07E0, 0x0000, 0x632D, 0x632D, 0x632D, 0x0000, 0x632D, 0x0000, 0x07E0, 0x07E0, 0x07E0, 0x07E0,
    0x07E0, 0x07E0, 0x07E0, 0x07E0, 0x0000, 0x52AB, 0x52AC, 0x2841, 0x50C3, 0x7924, 0x50C3, 0x632D,
    0x0000, 0x07E0, 0x07E0, 0x07E0, 0x07E0, 0x07E0, 0x07E0, 0x07E0, 0x0000, 0x2105, 0x424A, 0x4A8B,
    0x528B, 0x528B, 0x0000, 0x07E0, 0x07E0, 0x07E0, 0x632D, 0x07E0, 0x07E0, 0x07E0, 0x07E0, 0x07E0,
    0x0000, 0x2105, 0x424A, 0x0000, 0x528B, 0x0000, 0x632D, 0x0000, 0x07E0, 0x07E0, 0x07E0, 0x07E0,
    0x07E0, 0x07E0, 0x07E0, 0x0000, 0x0000, 0x0000, 0x2105, 0x2105, 0x2905, 0x2105, 0x0000, 0x0000,
    0x0000, 0x07E0, 0x07E0, 0x632D, 0x07E0, 0x0000, 0x0000, 0x7380, 0x0000, 0x0000, 0x0000, 0x0000,
    0x0000, 0x0000, 0x4882, 0x58E3, 0x0000, 0x07E0, 0x07E0, 0x07E0, 0x0000, 0x5AC0, 0x0000, 0x0000,
    0x0000, 0x58E3, 0x58E3, 0x0000, 0x2105, 0x2105, 0x0000, 0x4882, 0x58E3, 0x0000, 0x07E0, 0x07E0,
    0x0000, 0x0000, 0x0000, 0x4882, 0x58E3, 0x4882, 0x0000, 0x5B0B, 0x2105, 0x5B0B, 0x2800, 0x0000,
    0x4882, 0x0000, 0x07E0, 0x07E0, 0x07E0, 0x07E0, 0x0000, 0x4882, 0x4882, 0x0000, 0x0000, 0x2987,
    0x2987, 0x2105, 0x2800, 0x2800, 0x0000, 0x58E3, 0x0000, 0x07E0, 0x07E0, 0x07E0, 0x0000, 0x4882,
    0x0000, 0x4209, 0x2105, 0x2105, 0x2987, 0x2987, 0x5B0B, 0x2987, 0x0000, 0x4882, 0x0000, 0x07E0,
    0x07E0, 0x0000, 0x4882, 0x4882, 0x0000, 0x4209, 0x2987, 0x4A69, 0x0000, 0x2105, 0x0000, 0x0000,
    0x0000, 0x4882, 0x0000, 0x07E0, 0x07E0, 0x0000, 0x4882, 0x58E3, 0x0000, 0x0000, 0x7380, 0x0000,
    0x0000, 0x0000, 0x0000, 0x0000, 0x0000, 0x0000, 0x07E0, 0x5184, 0x0000, 0x58E3, 0x4882, 0x0000,
    0x0000, 0x4A69, 0x2105, 0x8C71, 0x9CF3, 0x2105, 0x2800, 0x2800, 0x07E0, 0x4228, 0x5184, 0x07E0,
    0x0000, 0x0000, 0x0000, 0x0000, 0x2105, 0x2105, 0x2105, 0x0000, 0x9CF3, 0x8C71, 0x9CF3, 0x9CF3,
    0x07E0, 0xAD95, 0x4228, 0x5184,
};

/* Timeline frame 75 */
static const uint16_t undying_player_dead_true_end_5[] = {
    0x07E0, 0x07E0, 0x07E0, 0x07E0, 0x07E0, 0x07E0, 0x07E0, 0x07E0, 0x07E0, 0x0000, 0x07E0, 0x07E0,
    0x07E0, 0x0000, 0x07E0, 0x07E0, 0x07E0, 0x07E0, 0x07E0, 0x07E0, 0x07E0, 0x0000, 0x07E0, 0x0000,
    0x0000, 0x07E0, 0x07E0, 0x07E0, 0x07E0, 0x07E0, 0x07E0, 0x07E0, 0x07E0, 0x07E0, 0x07E0, 0x07E0,
    0x07E0, 0x0000, 0x632D, 0x632D, 0x0000, 0x0000, 0x632D, 0x07E0, 0x07E0, 0x07E0, 0x07E0, 0x07E0,
    0x07E0, 0x07E0, 0x07E0, 0x07E0, 0x0000, 0x52AB, 0x52AC, 0x2841, 0x50C3, 0xBACB, 0x07E0, 0x632D,
    0x0000, 0x07E0, 0x07E0, 0x07E0, 0x07E0, 0x07E0, 0x07E0, 0x07E0, 0x0000, 0x2105, 0x424A, 0x4A8B,
    0x528B, 0x528B, 0x0000, 0x07E0, 0x07E0, 0x07E0, 0x632D, 0x07E0, 0x07E0, 0x07E0, 0x07E0, 0x07E0,
    0x0000, 0x2105, 0x424A, 0x0000, 0x07E0, 0x0000, 0x07E0, 0x0000, 0x07E0, 0x07E0, 0x07E0, 0x07E0,
    0x07E0, 0x07E0, 0x07E0, 0x0000, 0x0000, 0x0000, 0x2105, 0x2105, 0x2905, 0x2105, 0x0000, 0x0000,
    0x0000, 0x07E0, 0x07E0, 0x632D, 0x07E0, 0x0000, 0x0000, 0x7380, 0x0000, 0x0000, 0x0000, 0x0000,
    0x0000, 0x0000, 0x4882, 0x58E3, 0x0000, 0x07E0, 0x07E0, 0x07E0, 0x0000, 0x5AC0, 0x0000, 0x0000,
    0x0000, 0x58E3, 0x58E3, 0x0000, 0x2105, 0x2105, 0x0000, 0x4882, 0x58E3, 0x0000, 0x07E0, 0x07E0,
    0x0000, 0x0000, 0x0000, 0x4882, 0x58E3, 0x4882, 0x0000, 0x5B0B, 0x2105, 0x5B0B, 0x2800, 0x0000,
    0x4882, 0x0000, 0x07E0, 0x07E0, 0x07E0, 0x07E0, 0x0000, 0x4882, 0x4882, 0x0000, 0x0000, 0x2987,
    0x2987, 0x2105, 0x07E0, 0x2800, 0x0000, 0x58E3, 0x0000, 0x07E0, 0x07E0, 0x07E0, 0x0000, 0x4882,
    0x0000, 0x4209, 0x2105, 0x5B0B, 0x2987, 0x2987, 0x5B0B, 0x2987, 0x0000, 0x4882, 0x0000, 0x07E0,
    0x07E0, 0x0000, 0x4882, 0x4882, 0x0000, 0x5B0B, 0x2987, 0x4A69, 0x0000, 0x2105, 0x0000, 0x0000,
    0x0000, 0x4882, 0x0000, 0x07E0, 0x07E0, 0x0000, 0x4882, 0x58E3, 0x0000, 0x0000, 0x7380, 0x0000,
    0x0000, 0x0000, 0x0000, 0x0000, 0x07E0, 0x07E0, 0x07E0, 0x5184, 0x0000, 0x58E3, 0x4882, 0x0000,
    0x0000, 0x4A69, 0x2105, 0x8C71, 0x9CF3, 0x2105, 0x2800, 0x2800, 0x0000, 0x4228, 0x5184, 0x07E0,
    0x0000, 0x0000, 0x0000, 0x0000, 0x2105, 0x2105, 0x5B0B, 0x0000, 0x9CF3, 0x8C71, 0x9CF3, 0x9CF3,
    0x07E0, 0xAD95, 0x4228, 0x5184,
};

/* Timeline frame 76 */
static const uint16_t undying_player_dead_true_end_6[] = {
    0x07E0, 0x07E0, 0x07E0, 0x07E0, 0x07E0, 0x07E0, 0x07E0, 0x07E0, 0x07E0, 0x0000, 0x07E0, 0x07E0,
    0x07E0, 0x0000, 0x07E0, 0x07E0, 0x07E0, 0x07E0, 0x07E0, 0x07E0, 0x07E0, 0x07E0, 0x07E0, 0x0000,
    0x0000, 0x07E0, 0x07E0, 0x07E0, 0x07E0, 0x07E0, 0x07E0, 0x07E0, 0x07E0, 0x07E0, 0x07E0, 0x07E0,
    0x07E0, 0x0000, 0x07E0, 0x632D, 0x0000, 0x0000, 0x632D, 0x07E0, 0x07E0, 0x07E0, 0x07E0, 0x07E0,
    0x07E0, 0x07E0, 0x07E0, 0x07E0, 0x0000, 0x52AB, 0x52AC, 0x2841, 0x50C3, 0xBC6C, 0x07E0, 0x632D,
    0x0000, 0x07E0, 0x07E0, 0x07E0, 0x07E0, 0x07E0, 0x07E0, 0x07E0, 0x0000, 0x2105, 0x424A, 0x07E0,
    0x528B, 0x07E0, 0x07E0, 0x07E0, 0x07E0, 0x07E0, 0x632D, 0x07E0, 0x07E0, 0x07E0, 0x07E0, 0x07E0,
    0x0000, 0x2105, 0x424A, 0x0000, 0x07E0, 0x0000, 0x07E0, 0x07E0, 0x07E0, 0x07E0, 0x07E0, 0x07E0,
    0x07E0, 0x07E0, 0x07E0, 0x0000, 0x0000, 0x0000, 0x2105, 0x2105, 0x2905, 0x2105, 0x0000, 0x0000,
    0x0000, 0x07E0, 0x07E0, 0x632D, 0x07E0, 0x0000, 0x0000, 0x7380, 0x0000, 0x0000, 0x0000, 0x0000,
    0x0000, 0x07E0, 0x4882, 0x58E3, 0x0000, 0x07E0, 0x07E0, 0x07E0, 0x0000, 0x5AC0, 0x0000, 0x0000,
    0x0000, 0x58E3, 0x58E3, 0x0000, 0x2105, 0x2105, 0x0000, 0x4882, 0x58E3, 0x0000, 0x07E0, 0x07E0,
    0x0000, 0x0000, 0x0000, 0x4882, 0x58E3, 0x4882, 0x0000, 0x5B0B, 0x2105, 0x5B0B, 0x2800, 0x0000,
    0x4882, 0x0000, 0x07E0, 0x07E0, 0x07E0, 0x07E0, 0x0000, 0x4882, 0x4882, 0x0000, 0x0000, 0x2987,
    0x2987, 0x2105, 0x07E0, 0x2800, 0x0000, 0x58E3, 0x0000, 0x07E0, 0x07E0, 0x07E0, 0x0000, 0x4882,
    0x0000, 0x4209, 0x2105, 0x5B0B, 0x2987, 0x2987, 0x5B0B, 0x2987, 0x0000, 0x4882, 0x0000, 0x07E0,
    0x07E0, 0x0000, 0x4882, 0x4882, 0x0000, 0x5B0B, 0x2987, 0x4A69, 0x0000, 0x2105, 0x0000, 0x0000,
    0x0000, 0x4882, 0x0000, 0x07E0, 0x07E0, 0x0000, 0x4882, 0x58E3, 0x0000, 0x0000, 0x7380, 0x0000,
    0x0000, 0x0000, 0x0000, 0x0000, 0x07E0, 0x07E0, 0x07E0, 0x07E0, 0x0000, 0x58E3, 0x4882, 0x0000,
    0x0000, 0x4A69, 0x2105, 0x8C71, 0x9CF3, 0x2105, 0x2800, 0x2800, 0x0000, 0x4228, 0x5184, 0x07E0,
    0x0000, 0x0000, 0x0000, 0x0000, 0x2105, 0x2105, 0x5B0B, 0x0000, 0x9CF3, 0x8C71, 0x9CF3, 0x9CF3,
    0x07E0, 0xAD95, 0x4228, 0x5184,
};

/* Timeline frame 77 */
static const uint16_t undying_player_dead_true_end_7[] = {
    0x07E0, 0x07E0, 0x07E0, 0x07E0, 0x07E0, 0x07E0, 0x07E0, 0x07E0, 0x07E0, 0x07E0, 0x0000, 0x07E0,
    0x07E0, 0x0000, 0x07E0, 0x07E0, 0x07E0, 0x07E0, 0x07E0, 0x07E0, 0x07E0, 0x07E0, 0x07E0, 0x07E0,
    0x0000, 0x07E0, 0x07E0, 0x07E0, 0x07E0, 0x07E0, 0x07E0, 0x07E0, 0x07E0, 0x07E0, 0x07E0, 0x07E0,
    0x07E0, 0x07E0, 0x0000, 0x07E0, 0x632D, 0x0000, 0xF7DE, 0x07E0, 0x07E0, 0x07E0, 0x07E0, 0x07E0,
    0x07E0, 0x07E0, 0x07E0, 0x07E0, 0x07E0, 0x0000, 0x07E0, 0x52AC, 0x2841, 0x50C3, 0xCE6B, 0x07E0,
    0x07E0, 0x0000, 0x07E0, 0x07E0, 0x07E0, 0x07E0, 0x07E0, 0x07E0, 0x07E0, 0x0000, 0x2105, 0x424A,
    0x07E0, 0x528B, 0x07E0, 0x07E0, 0x07E0, 0x07E0, 0x632D, 0x07E0, 0x07E0, 0x07E0, 0x07E0, 0x07E0,
    0x07E0, 0x0000, 0x2105, 0x424A, 0x0000, 0x07E0, 0x07E0, 0x07E0, 0x07E0, 0x07E0, 0x07E0, 0x07E0,
    0x07E0, 0x07E0, 0x07E0, 0x07E0, 0x07E0, 0x0000, 0x0000, 0x2105, 0x2105, 0x07E0, 0x07E0, 0x07E0,
    0x07E0, 0x07E0, 0x07E0, 0x632D, 0x07E0, 0x07E0, 0x07E0, 0x0000, 0x7380, 0x0000, 0x0000, 0x0000,
    0x0000, 0x07E0, 0x0000, 0x0000, 0x0000, 0x07E0, 0x07E0, 0x07E0, 0x07E0, 0x07E0, 0x0000, 0x0000,
    0x0000, 0x58E3, 0x58E3, 0x58E3, 0x0000, 0x0000, 0x0000, 0x4882, 0x58E3, 0x0000, 0x07E0, 0x07E0,
    0x07E0, 0x0000, 0x5AC0, 0x0000, 0x58E3, 0x4882, 0x4882, 0x0000, 0x2105, 0x0000, 0x2800, 0x0000,
    0x4882, 0x0000, 0x07E0, 0x07E0, 0x07E0, 0x0000, 0x0000, 0x0000, 0x4882, 0x4882, 0x0000, 0x2987,
    0x0000, 0x2105, 0x2105, 0x2800, 0x0000, 0x58E3, 0x0000, 0x07E0, 0x07E0, 0x0000, 0x0000, 0x4882,
    0x0000, 0x0000, 0x0000, 0x0000, 0x2987, 0x2987, 0x2987, 0x5B0B, 0x0000, 0x4882, 0x0000, 0x07E0,
    0x07E0, 0x07E0, 0x0000, 0x4882, 0x0000, 0x0000, 0x2987, 0x4A69, 0x0000, 0x2105, 0x0000, 0x0000,
    0x0000, 0x4882, 0x0000, 0x07E0, 0x07E0, 0x0000, 0x0000, 0x58E3, 0x0000, 0x0000, 0x7380, 0x0000,
    0x0000, 0x0000, 0x0000, 0x0000, 0x0000, 0x4882, 0x4882, 0x0000, 0x0000, 0x58E3, 0x4882, 0x0000,
    0x0000, 0x4A69, 0x2105, 0x8C71, 0x9CF3, 0x2105, 0x2800, 0x2800, 0x0000, 0x4228, 0x5184, 0x0000,
    0x0000, 0x0000, 0x0000, 0x0000, 0x2105, 0x2105, 0x5B0B, 0x0000, 0x9CF3, 0x8C71, 0x9CF3, 0x9CF3,
    0x07E0, 0xAD95, 0x4228, 0x5184,
};

/* Timeline frame 78 */
static const uint16_t undying_player_dead_true_end_8[] = {
    0x07E0, 0x07E0, 0x07E0, 0x07E0, 0x07E0, 0x07E0, 0x07E0, 0x07E0, 0x07E0, 0x07E0, 0x0000, 0x07E0,
    0x07E0, 0x07E0, 0x07E0, 0x07E0, 0x07E0, 0x07E0, 0x07E0, 0x07E0, 0x07E0, 0x07E0, 0x07E0, 0x07E0,
    0x07E0, 0x07E0, 0x07E0, 0xF7DE, 0x07E0, 0x07E0, 0x07E0, 0x07E0, 0x07E0, 0x07E0, 0x07E0, 0x07E0,
    0x07E0, 0x07E0, 0x0000, 0x07E0, 0x632D, 0x07E0, 0x07E0, 0xCE6B, 0xF7DE, 0x07E0, 0x07E0, 0x07E0,
    0x07E0, 0x07E0, 0x07E0, 0x07E0, 0x07E0, 0x0000, 0x52AB, 0x52AC, 0x2841, 0x07E0, 0x07E0, 0x07E0,
    0x07E0, 0x0000, 0x07E0, 0x07E0, 0x07E0, 0x07E0, 0x07E0, 0x07E0, 0x07E0, 0x0000, 0x2105, 0x424A,
    0x07E0, 0x528B, 0x07E0, 0x07E0, 0x07E0, 0x07E0, 0x07E0, 0x07E0, 0x07E0, 0x07E0, 0x07E0, 0x07E0,
    0x07E0, 0x07E0, 0x2105, 0x424A, 0x0000, 0x07E0, 0x07E0, 0x07E0, 0x07E0, 0x07E0, 0x528B, 0x07E0,
    0x07E0, 0x07E0, 0x07E0, 0x07E0, 0x07E0, 0x0000, 0x0000, 0x2105, 0x2105, 0x07E0, 0x07E0, 0x07E0,
    0x07E0, 0x07E0, 0x07E0, 0x07E0, 0x07E0, 0x07E0, 0x07E0, 0x0000, 0x7380, 0x0000, 0x0000, 0x0000,
    0x0000, 0x07E0, 0x0000, 0x0000, 0x0000, 0x528B, 0x07E0, 0x528B, 0x07E0, 0x07E0, 0x0000, 0x0000,
    0x0000, 0x58E3, 0x58E3, 0x58E3, 0x0000, 0x0000, 0x0000, 0x0000, 0x58E3, 0x0000, 0x07E0, 0x07E0,
    0x07E0, 0x0000, 0x5AC0, 0x0000, 0x58E3, 0x4882, 0x4882, 0x0000, 0x5B0B, 0x07E0, 0x2800, 0x0000,
    0x528B, 0x0000, 0x07E0, 0x0000, 0x07E0, 0x0000, 0x0000, 0x0000, 0x4882, 0x4882, 0x0000, 0x2987,
    0x0000, 0x2105, 0x2105, 0x2800, 0x0000, 0x58E3, 0x0000, 0x07E0, 0x07E0, 0x0000, 0x0000, 0x4882,
    0x0000, 0x0000, 0x0000, 0x0000, 0x2987, 0x07E0, 0x2987, 0x5B0B, 0x0000, 0x4882, 0x528B, 0x07E0,
    0x07E0, 0x07E0, 0x0000, 0x4882, 0x0000, 0x0000, 0x2987, 0x4A69, 0x0000, 0x2105, 0x0000, 0x0000,
    0x0000, 0x4882, 0x0000, 0x07E0, 0x07E0, 0x0000, 0x0000, 0x58E3, 0x0000, 0x0000, 0x7380, 0x0000,
    0x0000, 0x0000, 0x0000, 0x0000, 0x0000, 0x4882, 0x4882, 0x0000, 0x0000, 0x58E3, 0x4882, 0x0000,
    0x0000, 0x4A69, 0x2105, 0x8C71, 0x9CF3, 0x2105, 0x2800, 0x2800, 0x0000, 0x4228, 0x5184, 0x0000,
    0x0000, 0x0000, 0x0000, 0x0000, 0x2105, 0x2105, 0x5B0B, 0x0000, 0x9CF3, 0x8C71, 0x9CF3, 0x9CF3,
    0x0000, 0xAD95, 0x4228, 0x5184,
};

/* Timeline frame 79 */
static const uint16_t undying_player_dead_true_end_9[] = {
    0x07E0, 0x07E0, 0x07E0, 0x07E0, 0x07E0, 0x07E0, 0x07E0, 0x07E0, 0x07E0, 0x07E0, 0x0000, 0x07E0,
    0x07E0, 0x07E0, 0x07E0, 0x07E0, 0x07E0, 0x07E0, 0x07E0, 0x07E0, 0x07E0, 0x07E0, 0x07E0, 0x07E0,
    0x528B, 0x07E0, 0x07E0, 0x07E0, 0xF7DE, 0xCE6B, 0x07E0, 0x07E0, 0x07E0, 0x07E0, 0x07E0, 0x07E0,
    0x07E0, 0x07E0, 0x07E0, 0x07E0, 0x07E0, 0x07E0, 0x07E0, 0x07E0, 0x07E0, 0xF7DE, 0x07E0, 0x07E0,
    0x07E0, 0x07E0, 0x07E0, 0x07E0, 0x07E0, 0x07E0, 0x07E0, 0x0000, 0x07E0, 0x07E0, 0x07E0, 0x07E0,
    0x07E0, 0x0000, 0x07E0, 0x07E0, 0x07E0, 0x07E0, 0x07E0, 0x07E0, 0x07E0, 0x07E0, 0x07E0, 0x52AB,
    0x07E0, 0x2841, 0x07E0, 0x07E0, 0x07E0, 0x07E0, 0x07E0, 0x07E0, 0x07E0, 0x07E0, 0x07E0, 0x07E0,
    0x07E0, 0x07E0, 0x0000, 0x07E0, 0x424A, 0x07E0, 0x528B, 0x07E0, 0x07E0, 0x07E0, 0x07E0, 0x07E0,
    0x07E0, 0x07E0, 0x07E0, 0x07E0, 0x07E0, 0x07E0, 0x0000, 0x2126, 0x2105, 0x0000, 0x07E0, 0x07E0,
    0x07E0, 0x07E0, 0x528B, 0x07E0, 0x07E0, 0x07E0, 0x07E0, 0x07E0, 0x07E0, 0x0000, 0x7380, 0x0000,
    0x0000, 0x0000, 0x07E0, 0x07E0, 0x0000, 0x07E0, 0x07E0, 0x07E0, 0x07E0, 0x07E0, 0x07E0, 0x07E0,
    0x0000, 0x0000, 0x0000, 0x0000, 0x0000, 0x0000, 0x0000, 0x0000, 0x0000, 0x0000, 0x07E0, 0x0000,
    0x07E0, 0x07E0, 0x07E0, 0x0000, 0x5AC0, 0x0000, 0x0000, 0x4882, 0x4882, 0x0000, 0x2800, 0x4882,
    0x4882, 0x0000, 0x07E0, 0x07E0, 0x07E0, 0x07E0, 0x07E0, 0x0000, 0x0000, 0x58E3, 0x4882, 0x4882,
    0x0000, 0x0000, 0x0000, 0x0000, 0x0000, 0x58E3, 0x0000, 0x07E0, 0x07E0, 0x07E0, 0x07E0, 0x0000,
    0x58E3, 0x4882, 0x4882, 0x0000, 0x0000, 0x4A69, 0x07E0, 0x2987, 0x0000, 0x4882, 0x0000, 0x0000,
    0x07E0, 0x07E0, 0x0000, 0x58E3, 0x4882, 0x4882, 0x0000, 0x4A69, 0x0000, 0x2105, 0x2144, 0x2144,
    0x0000, 0x4882, 0x4882, 0x0000, 0x07E0, 0x0000, 0x58E3, 0x58E3, 0x0000, 0x0000, 0x7380, 0x0000,
    0x2144, 0x2144, 0x0000, 0x2144, 0x0000, 0x0000, 0x4882, 0x0000, 0x0000, 0x58E3, 0x4882, 0x0000,
    0x0000, 0x4A69, 0x2105, 0x8C71, 0x9CF3, 0x2105, 0x2800, 0x2800, 0x0000, 0x4228, 0x5184, 0x0000,
    0x0000, 0x0000, 0x0000, 0x0000, 0x2105, 0x2105, 0x5B0B, 0x0000, 0x9CF3, 0x8C71, 0x9CF3, 0x9CF3,
    0x8C71, 0xAD95, 0x4228, 0x5184,
};

/* Timeline frame 80 */
static const uint16_t undying_player_dead_true_end_10[] = {
    0x07E0, 0x07E0, 0x07E0, 0x07E0, 0x07E0, 0x07E0, 0x07E0, 0x07E0, 0x07E0, 0x07E0, 0x0000, 0x07E0,
    0x07E0, 0x07E0, 0x07E0, 0x07E0, 0x07E0, 0x07E0, 0x07E0, 0x07E0, 0x07E0, 0x07E0, 0x07E0, 0x528B,
    0x07E0, 0x07E0, 0x07E0, 0x07E0, 0xF7DE, 0xCE6B, 0x07E0, 0x07E0, 0x07E0, 0x07E0, 0x07E0, 0x07E0,
    0x07E0, 0x07E0, 0x07E0, 0x07E0, 0x07E0, 0x07E0, 0x07E0, 0x07E0, 0x07E0, 0xF7DE, 0x07E0, 0x07E0,
    0x07E0, 0x07E0, 0x07E0, 0x07E0, 0x07E0, 0x07E0, 0x07E0, 0x0000, 0x07E0, 0x07E0, 0x07E0, 0x07E0,
    0x07E0, 0x0000, 0x07E0, 0x07E0, 0x07E0, 0x07E0, 0x07E0, 0x07E0, 0x07E0, 0x07E0, 0x07E0, 0x52AB,
    0x07E0, 0x07E0, 0x07E0, 0x07E0, 0x07E0, 0x07E0, 0x07E0, 0x07E0, 0x07E0, 0x07E0, 0x07E0, 0x07E0,
    0x07E0, 0x07E0, 0x0000, 0x07E0, 0x424A, 0x07E0, 0x528B, 0x07E0, 0x07E0, 0x07E0, 0x528B, 0x07E0,
    0x07E0, 0x07E0, 0x07E0, 0x07E0, 0x07E0, 0x07E0, 0x07E0, 0x07E0, 0x2105, 0x0000, 0x07E0, 0x07E0,
    0x07E0, 0x07E0, 0x07E0, 0x07E0, 0x07E0, 0x07E0, 0x07E0, 0x07E0, 0x07E0, 0x07E0, 0x07E0, 0x0000,
    0x2126, 0x0000, 0x07E0, 0x07E0, 0x0000, 0x07E0, 0x528B, 0x07E0, 0x07E0, 0x07E0, 0x07E0, 0x07E0,
    0x07E0, 0x0000, 0x0000, 0x7380, 0x0000, 0x0000, 0x0000, 0x0000, 0x0000, 0x07E0, 0x07E0, 0x2104,
    0x07E0, 0x07E0, 0x07E0, 0x07E0, 0x0000, 0x5AC0, 0x0000, 0x0000, 0x4882, 0x4882, 0x2800, 0x4882,
    0x4882, 0x0000, 0x07E0, 0x07E0, 0x07E0, 0x07E0, 0x07E0, 0x0000, 0x0000, 0x0000, 0x4882, 0x4882,
    0x4882, 0x0000, 0x0000, 0x2800, 0x4882, 0x58E3, 0x0000, 0x07E0, 0x07E0, 0x07E0, 0x07E0, 0x0000,
    0x58E3, 0x4882, 0x4882, 0x4882, 0x0000, 0x0000, 0x0000, 0x0000, 0x0000, 0x4882, 0x0000, 0x0000,
    0x07E0, 0x07E0, 0x0000, 0x58E3, 0x4882, 0x4882, 0x0000, 0x0000, 0x0000, 0x2144, 0x2144, 0x0000,
    0x0000, 0x4882, 0x4882, 0x0000, 0x07E0, 0x0000, 0x58E3, 0x58E3, 0x4882, 0x0000, 0x7380, 0x0000,
    0x2144, 0x2144, 0x0000, 0x2144, 0x2144, 0x0000, 0x4882, 0x0000, 0x0000, 0x58E3, 0x4882, 0x0000,
    0x0000, 0x4A69, 0x2105, 0x8C71, 0x9CF3, 0x2105, 0x2800, 0x2800, 0x0000, 0x4228, 0x5184, 0x0000,
    0x0000, 0x0000, 0x0000, 0x0000, 0x2105, 0x2105, 0x5B0B, 0x0000, 0x9CF3, 0x8C71, 0x9CF3, 0x9CF3,
    0x07E0, 0xAD95, 0x4228, 0x5184,
};

/* Timeline frame 81 */
static const uint16_t undying_player_dead_true_end_11[] = {
    0x07E0, 0x07E0, 0x07E0, 0x07E0, 0x07E0, 0x07E0, 0x07E0, 0x07E0, 0x07E0, 0x07E0, 0x07E0, 0x07E0,
    0x07E0, 0x07E0, 0xF7DE, 0xCE6B, 0x07E0, 0x07E0, 0x07E0, 0x07E0, 0x07E0, 0x07E0, 0x07E0, 0x07E0,
    0x07E0, 0x07E0, 0x07E0, 0x07E0, 0x07E0, 0x07E0, 0x07E0, 0xF7DE, 0x07E0, 0x07E0, 0x07E0, 0x07E0,
    0x07E0, 0x07E0, 0x07E0, 0x07E0, 0x07E0, 0x07E0, 0x528B, 0x07E0, 0x07E0, 0x07E0, 0x07E0, 0x07E0,
    0x07E0, 0x07E0, 0x07E0, 0x07E0, 0x07E0, 0x07E0, 0x07E0, 0x07E0, 0x07E0, 0x07E0, 0x07E0, 0x07E0,
    0x07E0, 0x07E0, 0x07E0, 0x07E0, 0x07E0, 0x07E0, 0x07E0, 0x07E0, 0x07E0, 0x07E0, 0x07E0, 0x07E0,
    0x07E0, 0x07E0, 0x07E0, 0x07E0, 0x07E0, 0x07E0, 0x528B, 0x07E0, 0x07E0, 0x07E0, 0x07E0, 0x07E0,
    0x07E0, 0x07E0, 0x07E0, 0x07E0, 0x07E0, 0x07E0, 0x07E0, 0x07E0, 0x07E0, 0x07E0, 0x07E0, 0x07E0,
    0x07E0, 0x07E0, 0x07E0, 0x07E0, 0x07E0, 0x07E0, 0x07E0, 0x07E0, 0x07E0, 0x07E0, 0x07E0, 0x07E0,
    0x07E0, 0x07E0, 0x07E0, 0x07E0, 0x07E0, 0x07E0, 0x07E0, 0x07E0, 0x07E0, 0x07E0, 0x07E0, 0x07E0,
    0x07E0, 0x0000, 0x07E0, 0x07E0, 0x0000, 0x07E0, 0x07E0, 0x07E0, 0x07E0, 0x07E0, 0x07E0, 0x07E0,
    0x07E0, 0x07E0, 0x07E0, 0x0000, 0x0000, 0x0000, 0x0000, 0x0000, 0x0000, 0x07E0, 0x07E0, 0x2104,
    0x07E0, 0x07E0, 0x07E0, 0x07E0, 0x07E0, 0x0000, 0x0000, 0x7380, 0x0000, 0x0000, 0x0000, 0x0000,
    0x0000, 0x0000, 0x07E0, 0x07E0, 0x07E0, 0x07E0, 0x07E0, 0x07E0, 0x07E0, 0x5AC0, 0x0000, 0x0000,
    0x4882, 0x2800, 0x2800, 0x2800, 0x4882, 0x58E3, 0x0000, 0x07E0, 0x07E0, 0x07E0, 0x07E0, 0x07E0,
    0x0000, 0x0000, 0x4882, 0x4882, 0x4882, 0x0000, 0x0000, 0x0000, 0x4882, 0x4882, 0x0000, 0x0000,
    0x07E0, 0x07E0, 0x0000, 0x0000, 0x4882, 0x4882, 0x4882, 0x0000, 0x0000, 0x2144, 0x2144, 0x0000,
    0x0000, 0x4882, 0x4882, 0x0000, 0x07E0, 0x0000, 0x58E3, 0x58E3, 0x4882, 0x0000, 0x7380, 0x0000,
    0x2144, 0x2144, 0x0000, 0x2144, 0x2144, 0x0000, 0x4882, 0x0000, 0x0000, 0x4882, 0x4882, 0x0000,
    0x0000, 0x4A69, 0x2105, 0x8C71, 0x9CF3, 0x2105, 0x2800, 0x2800, 0x0000, 0x4228, 0x5184, 0x0000,
    0x0000, 0x0000, 0x0000, 0x0000, 0x2105, 0x2105, 0x5B0B, 0x0000, 0x9CF3, 0x8C71, 0x9CF3, 0x9CF3,
    0x07E0, 0xAD95, 0x4228, 0x5184,
};

/* Timeline frame 82 */
static const uint16_t undying_player_dead_true_end_12[] = {
    0x07E0, 0x07E0, 0x07E0, 0x07E0, 0x07E0, 0x07E0, 0x07E0, 0x07E0, 0x07E0, 0x07E0, 0x07E0, 0x07E0,
    0x07E0, 0x07E0, 0x07E0, 0x07E0, 0x07E0, 0x07E0, 0x07E0, 0x07E0, 0x07E0, 0x07E0, 0x07E0, 0x07E0,
    0x07E0, 0x07E0, 0x07E0, 0x07E0, 0x07E0, 0x07E0, 0x07E0, 0x07E0, 0x07E0, 0x07E0, 0x07E0, 0x07E0,
    0x07E0, 0x07E0, 0x07E0, 0x07E0, 0x07E0, 0x07E0, 0x07E0, 0x07E0, 0x07E0, 0x07E0, 0x07E0, 0x07E0,
    0x07E0, 0x07E0, 0x07E0, 0x07E0, 0x07E0, 0x07E0, 0x07E0, 0x07E0, 0x07E0, 0x07E0, 0x07E0, 0x07E0,
    0x07E0, 0x07E0, 0x07E0, 0x07E0, 0x07E0, 0x07E0, 0x07E0, 0x07E0, 0x07E0, 0x07E0, 0x07E0, 0x07E0,
    0x07E0, 0x07E0, 0x07E0, 0x07E0, 0x07E0, 0x07E0, 0x07E0, 0x07E0, 0x07E0, 0x07E0, 0x07E0, 0x07E0,
    0x07E0, 0x07E0, 0x07E0, 0x07E0, 0x07E0, 0x07E0, 0x07E0, 0x07E0, 0x07E0, 0x07E0, 0x07E0, 0x07E0,
    0x07E0, 0x07E0, 0x07E0, 0x07E0, 0x07E0, 0x07E0, 0x07E0, 0x07E0, 0x07E0, 0x07E0, 0x07E0, 0x07E0,
    0x07E0, 0x07E0, 0x07E0, 0x07E0, 0x07E0, 0x07E0, 0x07E0, 0x07E0, 0x07E0, 0x07E0, 0x07E0, 0x07E0,
    0x07E0, 0x07E0, 0x07E0, 0x07E0, 0x07E0, 0x07E0, 0x07E0, 0x07E0, 0x07E0, 0x07E0, 0x07E0, 0x07E0,
    0x07E0, 0x07E0, 0x07E0, 0x0000, 0x0000, 0x0000, 0x0000, 0x0000, 0x0000, 0x07E0, 0x07E0, 0x07E0,
    0x07E0, 0x07E0, 0x07E0, 0x07E0, 0x07E0, 0x0000, 0x0000, 0x7380, 0x0000, 0x0000, 0x0000, 0x0000,
    0x0000, 0x0000, 0x07E0, 0x07E0, 0x07E0, 0x07E0, 0x07E0, 0x07E0, 0x0000, 0x5AC0, 0x0000, 0x0000,
    0x4882, 0x2800, 0x2800, 0x2800, 0x4882, 0x58E3, 0x0000, 0x07E0, 0x07E0, 0x07E0, 0x07E0, 0x07E0,
    0x0000, 0x0000, 0x4882, 0x4882, 0x4882, 0x0000, 0x0000, 0x0000, 0x4882, 0x4882, 0x0000, 0x0000,
    0x07E0, 0x07E0, 0x0000, 0x0000, 0x4882, 0x4882, 0x4882, 0x0000, 0x0000, 0x2144, 0x2144, 0x0000,
    0x0000, 0x4882, 0x4882, 0x0000, 0x07E0, 0x0000, 0x58E3, 0x58E3, 0x4882, 0x0000, 0x7380, 0x0000,
    0x2144, 0x2144, 0x0000, 0x2144, 0x2144, 0x0000, 0x4882, 0x0000, 0x0000, 0x4882, 0x4882, 0x0000,
    0x0000, 0x4A69, 0x2105, 0x8C71, 0x9CF3, 0x2105, 0x2800, 0x2800, 0x0000, 0x4228, 0x5184, 0x0000,
    0x0000, 0x0000, 0x0000, 0x0000, 0x2105, 0x2105, 0x5B0B, 0x0000, 0x9CF3, 0x8C71, 0x9CF3, 0x9CF3,
    0x07E0, 0xAD95, 0x4228, 0x5184,
};

/* Timeline frame 83 */
static const uint16_t undying_player_dead_true_end_13[] = {
    0x07E0, 0x07E0, 0x07E0, 0x07E0, 0x07E0, 0x07E0, 0x07E0, 0x07E0, 0x07E0, 0x07E0, 0x07E0, 0x07E0,
    0x07E0, 0x07E0, 0x07E0, 0x07E0, 0x07E0, 0x07E0, 0x07E0, 0x07E0, 0x07E0, 0x07E0, 0x07E0, 0x07E0,
    0x07E0, 0x07E0, 0x07E0, 0x07E0, 0x07E0, 0x07E0, 0x07E0, 0x07E0, 0x07E0, 0x07E0, 0x07E0, 0x07E0,
    0x07E0, 0x07E0, 0x07E0, 0x07E0, 0x07E0, 0x07E0, 0x07E0, 0x07E0, 0x07E0, 0x07E0, 0x07E0, 0x07E0,
    0x07E0, 0x07E0, 0x07E0, 0x07E0, 0x07E0, 0x07E0, 0x07E0, 0x07E0, 0x07E0, 0x07E0, 0x07E0, 0x07E0,
    0x07E0, 0x07E0, 0x07E0, 0x07E0, 0x07E0, 0x07E0, 0x07E0, 0x07E0, 0x07E0, 0x07E0, 0x07E0, 0x07E0,
    0x07E0, 0x07E0, 0x07E0, 0x07E0, 0x07E0, 0x07E0, 0x07E0, 0x07E0, 0x07E0, 0x07E0, 0x07E0, 0x07E0,
    0x07E0, 0x07E0, 0x07E0, 0x07E0, 0x07E0, 0x07E0, 0x07E0, 0x07E0, 0x07E0, 0x07E0, 0x07E0, 0x07E0,
    0x07E0, 0x07E0, 0x07E0, 0x07E0, 0x07E0, 0x07E0, 0x07E0, 0x07E0, 0x07E0, 0x07E0, 0x07E0, 0x07E0,
    0x07E0, 0x07E0, 0x07E0, 0x07E0, 0x07E0, 0x07E0, 0x07E0, 0x07E0, 0x07E0, 0x07E0, 0x07E0, 0x07E0,
    0x07E0, 0x07E0, 0x3AC3, 0x07E0, 0x07E0, 0x07E0, 0x07E0, 0x07E0, 0x07E0, 0x07E0, 0x07E0, 0x07E0,
    0x07E0, 0x07E0, 0x07E0, 0x0000, 0x0000, 0x3AC3, 0x0000, 0x0000, 0x0000, 0x07E0, 0x07E0, 0x07E0,
    0x07E0, 0x07E0, 0x07E0, 0x07E0, 0x07E0, 0x0000, 0x0000, 0x7380, 0x0000, 0x0000, 0x0000, 0x0000,
    0x0000, 0x0000, 0x07E0, 0x07E0, 0x07E0, 0x07E0, 0x07E0, 0x07E0, 0x0000, 0x5AC0, 0x0000, 0x0000,
    0x4882, 0x2800, 0x2800, 0x2800, 0x4882, 0x58E3, 0x0000, 0x07E0, 0x07E0, 0x07E0, 0x07E0, 0x07E0,
    0x0000, 0x0000, 0x4882, 0x4882, 0x4882, 0x0000, 0x0000, 0x0000, 0x4882, 0x4882, 0x0000, 0x0000,
    0x07E0, 0x07E0, 0x0000, 0x0000, 0x4882, 0x4882, 0x4882, 0x0000, 0x0000, 0x2144, 0x2144, 0x0000,
    0x0000, 0x4882, 0x4882, 0x0000, 0x07E0, 0x0000, 0x58E3, 0x58E3, 0x4882, 0x0000, 0x7380, 0x0000,
    0x2144, 0x2144, 0x0000, 0x2144, 0x2144, 0x0000, 0x4882, 0x0000, 0x0000, 0x4882, 0x4882, 0x0000,
    0x0000, 0x4A69, 0x2105, 0x8C71, 0x9CF3, 0x2105, 0x2800, 0x2800, 0x0000, 0x4228, 0x5184, 0x0000,
    0x0000, 0x0000, 0x0000, 0x0000, 0x2105, 0x2105, 0x5B0B, 0x0000, 0x9CF3, 0x8C71, 0x9CF3, 0x9CF3,
    0x07E0, 0xAD95, 0x4228, 0x5184,
};

/* Timeline frame 84 */
static const uint16_t undying_player_dead_true_end_14[] = {
    0x07E0, 0x07E0, 0x07E0, 0x07E0, 0x07E0, 0x07E0, 0x07E0, 0x07E0, 0x07E0, 0x07E0, 0x07E0, 0x07E0,
    0x07E0, 0x07E0, 0x07E0, 0x07E0, 0x07E0, 0x07E0, 0x07E0, 0x07E0, 0x07E0, 0x07E0, 0x07E0, 0x07E0,
    0x07E0, 0x07E0, 0x07E0, 0x07E0, 0x07E0, 0x07E0, 0x07E0, 0x07E0, 0x07E0, 0x07E0, 0x07E0, 0x07E0,
    0x07E0, 0x07E0, 0x07E0, 0x07E0, 0x07E0, 0x07E0, 0x07E0, 0x07E0, 0x07E0, 0x07E0, 0x07E0, 0x07E0,
    0x07E0, 0x07E0, 0x07E0, 0x07E0, 0x07E0, 0x07E0, 0x07E0, 0x07E0, 0x07E0, 0x07E0, 0x07E0, 0x07E0,
    0x07E0, 0x07E0, 0x07E0, 0x07E0, 0x07E0, 0x07E0, 0x07E0, 0x07E0, 0x07E0, 0x07E0, 0x07E0, 0x07E0,
    0x07E0, 0x07E0, 0x07E0, 0x07E0, 0x07E0, 0x07E0, 0x07E0, 0x07E0, 0x07E0, 0x07E0, 0x07E0, 0x07E0,
    0x07E0, 0x07E0, 0x07E0, 0x07E0, 0x07E0, 0x3AC3, 0x07E0, 0x07E0, 0x07E0, 0x07E0, 0x07E0, 0x07E0,
    0x07E0, 0x07E0, 0x07E0, 0x07E0, 0x07E0, 0x07E0, 0x07E0, 0x07E0, 0x07E0, 0x07E0, 0x3AC3, 0x07E0,
    0x07E0, 0x07E0, 0x07E0, 0x07E0, 0x07E0, 0x07E0, 0x07E0, 0x07E0, 0x07E0, 0x07E0, 0x07E0, 0x07E0,
    0x07E0, 0x07E0, 0x3AC3, 0x07E0, 0x07E0, 0x07E0, 0x07E0, 0x07E0, 0x07E0, 0x07E0, 0x07E0, 0x07E0,
    0x07E0, 0x07E0, 0x07E0, 0x0000, 0x0000, 0x3AC3, 0x0000, 0x0000, 0x0000, 0x07E0, 0x07E0, 0x07E0,
    0x07E0, 0x07E0, 0x07E0, 0x07E0, 0x07E0, 0x0000, 0x0000, 0x7380, 0x0000, 0x0000, 0x0000, 0x0000,
    0x0000, 0x0000, 0x07E0, 0x07E0, 0x07E0, 0x07E0, 0x07E0, 0x07E0, 0x0000, 0x5AC0, 0x0000, 0x0000,
    0x4882, 0x2800, 0x2800, 0x2800, 0x4882, 0x58E3, 0x0000, 0x07E0, 0x07E0, 0x07E0, 0x07E0, 0x07E0,
    0x0000, 0x0000, 0x4882, 0x4882, 0x4882, 0x0000, 0x0000, 0x0000, 0x4882, 0x4882, 0x0000, 0x0000,
    0x07E0, 0x07E0, 0x0000, 0x0000, 0x4882, 0x4882, 0x4882, 0x0000, 0x0000, 0x2144, 0x2144, 0x0000,
    0x0000, 0x4882, 0x4882, 0x0000, 0x07E0, 0x0000, 0x58E3, 0x58E3, 0x4882, 0x0000, 0x7380, 0x0000,
    0x2144, 0x2144, 0x0000, 0x2144, 0x2144, 0x0000, 0x4882, 0x0000, 0x0000, 0x4882, 0x4882, 0x0000,
    0x0000, 0x4A69, 0x2105, 0x8C71, 0x9CF3, 0x2105, 0x2800, 0x2800, 0x0000, 0x4228, 0x5184, 0x0000,
    0x0000, 0x0000, 0x0000, 0x0000, 0x2105, 0x2105, 0x5B0B, 0x0000, 0x9CF3, 0x8C71, 0x9CF3, 0x9CF3,
    0x07E0, 0xAD95, 0x4228, 0x5184,
};

/* Timeline frame 85 */
static const uint16_t undying_player_dead_true_end_15[] = {
    0x07E0, 0x07E0, 0x07E0, 0x07E0, 0x07E0, 0x07E0, 0x07E0, 0x07E0, 0x07E0, 0x07E0, 0x07E0, 0x07E0,
    0x07E0, 0x07E0, 0x07E0, 0x07E0, 0x07E0, 0x07E0, 0x07E0, 0x07E0, 0x07E0, 0x07E0, 0x07E0, 0x07E0,
    0x07E0, 0x07E0, 0x07E0, 0x07E0, 0x07E0, 0x07E0, 0x07E0, 0x07E0, 0x07E0, 0x07E0, 0x07E0, 0x07E0,
    0x07E0, 0x07E0, 0x07E0, 0x07E0, 0x07E0, 0x07E0, 0x07E0, 0x07E0, 0x07E0, 0x07E0, 0x07E0, 0x07E0,
    0x07E0, 0x07E0, 0x07E0, 0x07E0, 0x07E0, 0x07E0, 0x07E0, 0x07E0, 0x07E0, 0x07E0, 0x07E0, 0x3AC3,
    0x07E0, 0x07E0, 0x07E0, 0x07E0, 0x07E0, 0x07E0, 0x07E0, 0x07E0, 0x07E0, 0x07E0, 0x07E0, 0x07E0,
    0x07E0, 0x07E0, 0x3AC3, 0x07E0, 0x07E0, 0x07E0, 0x07E0, 0x07E0, 0x07E0, 0x07E0, 0x07E0, 0x07E0,
    0x07E0, 0x07E0, 0x07E0, 0x07E0, 0x07E0, 0x3AC3, 0x07E0, 0x07E0, 0x07E0, 0x07E0, 0x07E0, 0x07E0,
    0x07E0, 0x07E0, 0x07E0, 0x07E0, 0x07E0, 0x07E0, 0x07E0, 0x07E0, 0x07E0, 0x07E0, 0x3AC3, 0x07E0,
    0x07E0, 0x07E0, 0x07E0, 0x07E0, 0x07E0, 0x07E0, 0x07E0, 0x07E0, 0x07E0, 0x07E0, 0x07E0, 0x07E0,
    0x07E0, 0x07E0, 0x3AC3, 0x07E0, 0x07E0, 0x07E0, 0x07E0, 0x07E0, 0x07E0, 0x07E0, 0x07E0, 0x07E0,
    0x07E0, 0x07E0, 0x07E0, 0x0000, 0x0000, 0x3AC3, 0x0000, 0x0000, 0x0000, 0x07E0, 0x07E0, 0x07E0,
    0x07E0, 0x07E0, 0x07E0, 0x07E0, 0x07E0, 0x0000, 0x0000, 0x7380, 0x0000, 0x0000, 0x3AC3, 0x0000,
    0x0000, 0x0000, 0x07E0, 0x07E0, 0x07E0, 0x07E0, 0x07E0, 0x07E0, 0x0000, 0x5AC0, 0x0000, 0x0000,
    0x4882, 0x2800, 0x2800, 0x2800, 0x4882, 0x58E3, 0x0000, 0x07E0, 0x07E0, 0x07E0, 0x07E0, 0x07E0,
    0x0000, 0x0000, 0x4882, 0x4882, 0x4882, 0x0000, 0x0000, 0x0000, 0x4882, 0x4882, 0x0000, 0x0000,
    0x07E0, 0x07E0, 0x0000, 0x0000, 0x4882, 0x4882, 0x4882, 0x0000, 0x0000, 0x2144, 0x2144, 0x0000,
    0x0000, 0x4882, 0x4882, 0x0000, 0x07E0, 0x0000, 0x58E3, 0x58E3, 0x4882, 0x0000, 0x7380, 0x0000,
    0x2144, 0x2144, 0x0000, 0x2144, 0x2144, 0x0000, 0x4882, 0x0000, 0x0000, 0x4882, 0x4882, 0x0000,
    0x0000, 0x4A69, 0x2105, 0x8C71, 0x9CF3, 0x2105, 0x2800, 0x2800, 0x0000, 0x4228, 0x5184, 0x0000,
    0x0000, 0x0000, 0x0000, 0x0000, 0x2105, 0x2105, 0x5B0B, 0x0000, 0x9CF3, 0x8C71, 0x9CF3, 0x9CF3,
    0x07E0, 0xAD95, 0x4228, 0x5184,
};

/* Timeline frame 86 */
static const uint16_t undying_player_dead_true_end_16[] = {
    0x07E0, 0x07E0, 0x07E0, 0x07E0, 0x07E0, 0x07E0, 0x07E0, 0x07E0, 0x07E0, 0x07E0, 0x07E0, 0x07E0,
    0x07E0, 0x07E0, 0x07E0, 0x07E0, 0x07E0, 0x07E0, 0x07E0, 0x07E0, 0x07E0, 0x07E0, 0x07E0, 0x07E0,
    0x07E0, 0x07E0, 0x07E0, 0xBDF7, 0x07E0, 0xBDF7, 0x07E0, 0x07E0, 0x07E0, 0x07E0, 0x07E0, 0x07E0,
    0x07E0, 0x07E0, 0x07E0, 0x07E0, 0x07E0, 0x07E0, 0x07E0, 0x07E0, 0xCE00, 0x07E0, 0x07E0, 0x07E0,
    0x07E0, 0x07E0, 0x07E0, 0x07E0, 0x07E0, 0x07E0, 0x07E0, 0x07E0, 0x07E0, 0x07E0, 0x07E0, 0xBDF7,
    0x07E0, 0xBDF7, 0x07E0, 0x07E0, 0x07E0, 0x07E0, 0x07E0, 0x07E0, 0x07E0, 0x07E0, 0x07E0, 0x07E0,
    0x07E0, 0x07E0, 0x3AC3, 0x07E0, 0x07E0, 0x07E0, 0x07E0, 0x07E0, 0x07E0, 0x07E0, 0x07E0, 0x07E0,
    0x07E0, 0x07E0, 0x07E0, 0x07E0, 0x07E0, 0x3AC3, 0x07E0, 0x07E0, 0x07E0, 0x07E0, 0x07E0, 0x07E0,
    0x07E0, 0x07E0, 0x07E0, 0x07E0, 0x07E0, 0x07E0, 0x07E0, 0x07E0, 0x07E0, 0x07E0, 0x3AC3, 0x07E0,
    0x07E0, 0x07E0, 0x07E0, 0x07E0, 0x07E0, 0x07E0, 0x07E0, 0x07E0, 0x07E0, 0x07E0, 0x07E0, 0x07E0,
    0x07E0, 0x07E0, 0x3AC3, 0x07E0, 0x07E0, 0x07E0, 0x07E0, 0x07E0, 0x07E0, 0x07E0, 0x07E0, 0x07E0,
    0x07E0, 0x07E0, 0x07E0, 0x0000, 0x0000, 0x3AC3, 0x0000, 0x0000, 0x0000, 0x07E0, 0x07E0, 0x07E0,
    0x07E0, 0x07E0, 0x07E0, 0x07E0, 0x07E0, 0x0000, 0x0000, 0x7380, 0x3AC3, 0x0000, 0x3AC3, 0x0000,
    0x0000, 0x0000, 0x07E0, 0x07E0, 0x07E0, 0x07E0, 0x07E0, 0x07E0, 0x0000, 0x5AC0, 0x0000, 0x0000,
    0x4882, 0x2800, 0x2800, 0x2800, 0x4882, 0x58E3, 0x0000, 0x07E0, 0x07E0, 0x07E0, 0x07E0, 0x07E0,
    0x0000, 0x0000, 0x4882, 0x4882, 0x4882, 0x0000, 0x0000, 0x0000, 0x4882, 0x4882, 0x0000, 0x0000,
    0x07E0, 0x07E0, 0x0000, 0x0000, 0x4882, 0x4882, 0x4882, 0x0000, 0x0000, 0x2144, 0x2144, 0x0000,
    0x0000, 0x4882, 0x4882, 0x0000, 0x07E0, 0x0000, 0x58E3, 0x58E3, 0x4882, 0x0000, 0x7380, 0x0000,
    0x2144, 0x2144, 0x0000, 0x2144, 0x2144, 0x0000, 0x4882, 0x0000, 0x0000, 0x4882, 0x4882, 0x0000,
    0x0000, 0x4A69, 0x2105, 0x8C71, 0x9CF3, 0x2105, 0x2800, 0x2800, 0x0000, 0x4228, 0x5184, 0x0000,
    0x0000, 0x0000, 0x0000, 0x0000, 0x2105, 0x2105, 0x5B0B, 0x0000, 0x9CF3, 0x8C71, 0x9CF3, 0x9CF3,
    0x07E0, 0xAD95, 0x4228, 0x5184,
};

#define UNDYING_PLAYER_FRAMES_COUNT 86
static const uint16_t * const undying_player_frames[] = {
    undying_player_melee_front_1,
    undying_player_melee_front_2,
    undying_player_melee_front_3,
    undying_player_melee_front_4,
    undying_player_melee_front_5,
    undying_player_range_front_1,
    undying_player_range_front_2,
    undying_player_range_front_3,
    undying_player_range_front_4,
    undying_player_range_front_5,
    undying_player_idle_front_1,
    undying_player_walk_front_1,
    undying_player_walk_front_2,
    undying_player_walk_front_3,
    undying_player_walk_front_4,
    undying_player_melee_right_1,
    undying_player_melee_right_2,
    undying_player_melee_right_3,
    undying_player_melee_right_4,
    undying_player_melee_right_5,
    undying_player_range_right_1,
    undying_player_range_right_2,
    undying_player_range_right_3,
    undying_player_range_right_4,
    undying_player_range_right_5,
    undying_player_idle_right_1,
    undying_player_walk_right_1,
    undying_player_walk_right_2,
    undying_player_walk_right_3,
    undying_player_walk_right_4,
    undying_player_melee_left_1,
    undying_player_melee_left_2,
    undying_player_melee_left_3,
    undying_player_melee_left_4,
    undying_player_melee_left_5,
    undying_player_range_left_1,
    undying_player_range_left_2,
    undying_player_range_left_3,
    undying_player_range_left_4,
    undying_player_range_left_5,
    undying_player_idle_left_1,
    undying_player_walk_left_1,
    undying_player_walk_left_2,
    undying_player_walk_left_3,
    undying_player_walk_left_4,
    undying_player_melee_back_1,
    undying_player_melee_back_2,
    undying_player_melee_back_3,
    undying_player_melee_back_4,
    undying_player_melee_back_5,
    undying_player_range_back_1,
    undying_player_range_back_2,
    undying_player_range_back_3,
    undying_player_range_back_4,
    undying_player_range_back_5,
    undying_player_idle_back_1,
    undying_player_walk_back_1,
    undying_player_walk_back_2,
    undying_player_walk_back_3,
    undying_player_walk_back_4,
    undying_player_dead_1,
    undying_player_dead_2,
    undying_player_dead_3,
    undying_player_dead_4,
    undying_player_dead_5,
    undying_player_dead_6,
    undying_player_dead_7,
    undying_player_dead_8,
    undying_player_dead_9,
    undying_player_dead_10,
    undying_player_dead_true_end_1,
    undying_player_dead_true_end_2,
    undying_player_dead_true_end_3,
    undying_player_dead_true_end_4,
    undying_player_dead_true_end_5,
    undying_player_dead_true_end_6,
    undying_player_dead_true_end_7,
    undying_player_dead_true_end_8,
    undying_player_dead_true_end_9,
    undying_player_dead_true_end_10,
    undying_player_dead_true_end_11,
    undying_player_dead_true_end_12,
    undying_player_dead_true_end_13,
    undying_player_dead_true_end_14,
    undying_player_dead_true_end_15,
    undying_player_dead_true_end_16,
};
static const uint32_t undying_player_frames_duration_ms[] = { 100, 100, 100, 100, 100, 100, 100, 100, 100, 100, 100, 100, 100, 100, 100, 100, 100, 100, 100, 100, 100, 100, 100, 100, 100, 100, 100, 100, 100, 100, 100, 100, 100, 100, 100, 100, 100, 100, 100, 100, 100, 100, 100, 100, 100, 100, 100, 100, 100, 100, 100, 100, 100, 100, 100, 100, 100, 100, 100, 100, 100, 100, 100, 100, 100, 100, 100, 100, 100, 100, 100, 100, 100, 100, 100, 100, 100, 100, 100, 100, 100, 100, 100, 100, 100, 100 };
static const uint32_t undying_player_frames_source_frames[] = { 1, 2, 3, 4, 5, 6, 7, 8, 9, 10, 11, 12, 13, 14, 15, 16, 17, 18, 19, 20, 21, 22, 23, 24, 25, 26, 27, 28, 29, 30, 31, 32, 33, 34, 35, 36, 37, 38, 39, 40, 41, 42, 43, 44, 45, 46, 47, 48, 49, 50, 51, 52, 53, 54, 55, 56, 57, 58, 59, 60, 61, 62, 63, 64, 65, 66, 67, 68, 69, 70, 71, 72, 73, 74, 75, 76, 77, 78, 79, 80, 81, 82, 83, 84, 85, 86 };

#define UNDYING_PLAYER_MELEE_FRONT_COUNT 5
static const uint16_t * const undying_player_melee_front[] = {
    undying_player_melee_front_1,
    undying_player_melee_front_2,
    undying_player_melee_front_3,
    undying_player_melee_front_4,
    undying_player_melee_front_5,
};
static const uint32_t undying_player_melee_front_duration_ms[] = { 100, 100, 100, 100, 100 };
static const uint32_t undying_player_melee_front_source_frames[] = { 1, 2, 3, 4, 5 };

#define UNDYING_PLAYER_RANGE_FRONT_COUNT 5
static const uint16_t * const undying_player_range_front[] = {
    undying_player_range_front_1,
    undying_player_range_front_2,
    undying_player_range_front_3,
    undying_player_range_front_4,
    undying_player_range_front_5,
};
static const uint32_t undying_player_range_front_duration_ms[] = { 100, 100, 100, 100, 100 };
static const uint32_t undying_player_range_front_source_frames[] = { 6, 7, 8, 9, 10 };

#define UNDYING_PLAYER_IDLE_FRONT_COUNT 1
static const uint16_t * const undying_player_idle_front[] = {
    undying_player_idle_front_1,
};
static const uint32_t undying_player_idle_front_duration_ms[] = { 100 };
static const uint32_t undying_player_idle_front_source_frames[] = { 11 };

#define UNDYING_PLAYER_WALK_FRONT_COUNT 4
static const uint16_t * const undying_player_walk_front[] = {
    undying_player_walk_front_1,
    undying_player_walk_front_2,
    undying_player_walk_front_3,
    undying_player_walk_front_4,
};
static const uint32_t undying_player_walk_front_duration_ms[] = { 100, 100, 100, 100 };
static const uint32_t undying_player_walk_front_source_frames[] = { 12, 13, 14, 15 };

#define UNDYING_PLAYER_MELEE_RIGHT_COUNT 5
static const uint16_t * const undying_player_melee_right[] = {
    undying_player_melee_right_1,
    undying_player_melee_right_2,
    undying_player_melee_right_3,
    undying_player_melee_right_4,
    undying_player_melee_right_5,
};
static const uint32_t undying_player_melee_right_duration_ms[] = { 100, 100, 100, 100, 100 };
static const uint32_t undying_player_melee_right_source_frames[] = { 16, 17, 18, 19, 20 };

#define UNDYING_PLAYER_RANGE_RIGHT_COUNT 5
static const uint16_t * const undying_player_range_right[] = {
    undying_player_range_right_1,
    undying_player_range_right_2,
    undying_player_range_right_3,
    undying_player_range_right_4,
    undying_player_range_right_5,
};
static const uint32_t undying_player_range_right_duration_ms[] = { 100, 100, 100, 100, 100 };
static const uint32_t undying_player_range_right_source_frames[] = { 21, 22, 23, 24, 25 };

#define UNDYING_PLAYER_IDLE_RIGHT_COUNT 1
static const uint16_t * const undying_player_idle_right[] = {
    undying_player_idle_right_1,
};
static const uint32_t undying_player_idle_right_duration_ms[] = { 100 };
static const uint32_t undying_player_idle_right_source_frames[] = { 26 };

#define UNDYING_PLAYER_WALK_RIGHT_COUNT 4
static const uint16_t * const undying_player_walk_right[] = {
    undying_player_walk_right_1,
    undying_player_walk_right_2,
    undying_player_walk_right_3,
    undying_player_walk_right_4,
};
static const uint32_t undying_player_walk_right_duration_ms[] = { 100, 100, 100, 100 };
static const uint32_t undying_player_walk_right_source_frames[] = { 27, 28, 29, 30 };

#define UNDYING_PLAYER_MELEE_LEFT_COUNT 5
static const uint16_t * const undying_player_melee_left[] = {
    undying_player_melee_left_1,
    undying_player_melee_left_2,
    undying_player_melee_left_3,
    undying_player_melee_left_4,
    undying_player_melee_left_5,
};
static const uint32_t undying_player_melee_left_duration_ms[] = { 100, 100, 100, 100, 100 };
static const uint32_t undying_player_melee_left_source_frames[] = { 31, 32, 33, 34, 35 };

#define UNDYING_PLAYER_RANGE_LEFT_COUNT 5
static const uint16_t * const undying_player_range_left[] = {
    undying_player_range_left_1,
    undying_player_range_left_2,
    undying_player_range_left_3,
    undying_player_range_left_4,
    undying_player_range_left_5,
};
static const uint32_t undying_player_range_left_duration_ms[] = { 100, 100, 100, 100, 100 };
static const uint32_t undying_player_range_left_source_frames[] = { 36, 37, 38, 39, 40 };

#define UNDYING_PLAYER_IDLE_LEFT_COUNT 1
static const uint16_t * const undying_player_idle_left[] = {
    undying_player_idle_left_1,
};
static const uint32_t undying_player_idle_left_duration_ms[] = { 100 };
static const uint32_t undying_player_idle_left_source_frames[] = { 41 };

#define UNDYING_PLAYER_WALK_LEFT_COUNT 4
static const uint16_t * const undying_player_walk_left[] = {
    undying_player_walk_left_1,
    undying_player_walk_left_2,
    undying_player_walk_left_3,
    undying_player_walk_left_4,
};
static const uint32_t undying_player_walk_left_duration_ms[] = { 100, 100, 100, 100 };
static const uint32_t undying_player_walk_left_source_frames[] = { 42, 43, 44, 45 };

#define UNDYING_PLAYER_MELEE_BACK_COUNT 5
static const uint16_t * const undying_player_melee_back[] = {
    undying_player_melee_back_1,
    undying_player_melee_back_2,
    undying_player_melee_back_3,
    undying_player_melee_back_4,
    undying_player_melee_back_5,
};
static const uint32_t undying_player_melee_back_duration_ms[] = { 100, 100, 100, 100, 100 };
static const uint32_t undying_player_melee_back_source_frames[] = { 46, 47, 48, 49, 50 };

#define UNDYING_PLAYER_RANGE_BACK_COUNT 5
static const uint16_t * const undying_player_range_back[] = {
    undying_player_range_back_1,
    undying_player_range_back_2,
    undying_player_range_back_3,
    undying_player_range_back_4,
    undying_player_range_back_5,
};
static const uint32_t undying_player_range_back_duration_ms[] = { 100, 100, 100, 100, 100 };
static const uint32_t undying_player_range_back_source_frames[] = { 51, 52, 53, 54, 55 };

#define UNDYING_PLAYER_IDLE_BACK_COUNT 1
static const uint16_t * const undying_player_idle_back[] = {
    undying_player_idle_back_1,
};
static const uint32_t undying_player_idle_back_duration_ms[] = { 100 };
static const uint32_t undying_player_idle_back_source_frames[] = { 56 };

#define UNDYING_PLAYER_WALK_BACK_COUNT 4
static const uint16_t * const undying_player_walk_back[] = {
    undying_player_walk_back_1,
    undying_player_walk_back_2,
    undying_player_walk_back_3,
    undying_player_walk_back_4,
};
static const uint32_t undying_player_walk_back_duration_ms[] = { 100, 100, 100, 100 };
static const uint32_t undying_player_walk_back_source_frames[] = { 57, 58, 59, 60 };

#define UNDYING_PLAYER_DEAD_COUNT 10
static const uint16_t * const undying_player_dead[] = {
    undying_player_dead_1,
    undying_player_dead_2,
    undying_player_dead_3,
    undying_player_dead_4,
    undying_player_dead_5,
    undying_player_dead_6,
    undying_player_dead_7,
    undying_player_dead_8,
    undying_player_dead_9,
    undying_player_dead_10,
};
static const uint32_t undying_player_dead_duration_ms[] = { 100, 100, 100, 100, 100, 100, 100, 100, 100, 100 };
static const uint32_t undying_player_dead_source_frames[] = { 61, 62, 63, 64, 65, 66, 67, 68, 69, 70 };

#define UNDYING_PLAYER_DEAD_TRUE_END_COUNT 16
static const uint16_t * const undying_player_dead_true_end[] = {
    undying_player_dead_true_end_1,
    undying_player_dead_true_end_2,
    undying_player_dead_true_end_3,
    undying_player_dead_true_end_4,
    undying_player_dead_true_end_5,
    undying_player_dead_true_end_6,
    undying_player_dead_true_end_7,
    undying_player_dead_true_end_8,
    undying_player_dead_true_end_9,
    undying_player_dead_true_end_10,
    undying_player_dead_true_end_11,
    undying_player_dead_true_end_12,
    undying_player_dead_true_end_13,
    undying_player_dead_true_end_14,
    undying_player_dead_true_end_15,
    undying_player_dead_true_end_16,
};
static const uint32_t undying_player_dead_true_end_duration_ms[] = { 100, 100, 100, 100, 100, 100, 100, 100, 100, 100, 100, 100, 100, 100, 100, 100 };
static const uint32_t undying_player_dead_true_end_source_frames[] = { 71, 72, 73, 74, 75, 76, 77, 78, 79, 80, 81, 82, 83, 84, 85, 86 };

#endif /* UNDYING_PLAYER_RGB565_H */
