/* Aseprite RGB565 export. Row-major: index = y * WIDTH + x. */
/* Tag arrays contain selected frames only; one loop, tag repeats ignored. */
/* Alpha=0 uses configured hex; partial alpha blends over black. */
#ifndef BROKEN_COFFIN_RGB565_H
#define BROKEN_COFFIN_RGB565_H
#include <stdint.h>

#define BROKEN_COFFIN_WIDTH 64
#define BROKEN_COFFIN_HEIGHT 64
#define BROKEN_COFFIN_PIXELS 4096

/* Timeline frame 1 */
static const uint16_t broken_coffin_frame_1[] = {
    0x07E0, 0x07E0, 0x07E0, 0x07E0, 0x07E0, 0x07E0, 0x07E0, 0x07E0, 0x07E0, 0x07E0, 0x07E0, 0x07E0,
    0x07E0, 0x07E0, 0x07E0, 0x07E0, 0x07E0, 0x07E0, 0x07E0, 0x07E0, 0x07E0, 0x07E0, 0x07E0, 0x07E0,
    0x07E0, 0x07E0, 0x07E0, 0x07E0, 0x07E0, 0x07E0, 0x07E0, 0x07E0, 0x07E0, 0x07E0, 0x07E0, 0x07E0,
    0x07E0, 0x07E0, 0x07E0, 0x07E0, 0x07E0, 0x07E0, 0x07E0, 0x07E0, 0x07E0, 0x07E0, 0x07E0, 0x07E0,
    0x07E0, 0x07E0, 0x07E0, 0x07E0, 0x07E0, 0x07E0, 0x07E0, 0x07E0, 0x07E0, 0x07E0, 0x07E0, 0x07E0,
    0x07E0, 0x07E0, 0x07E0, 0x07E0, 0x07E0, 0x07E0, 0x07E0, 0x07E0, 0x07E0, 0x07E0, 0x07E0, 0x07E0,
    0x07E0, 0x07E0, 0x07E0, 0x07E0, 0x07E0, 0x07E0, 0x07E0, 0x07E0, 0x07E0, 0x07E0, 0x07E0, 0x07E0,
    0x07E0, 0x07E0, 0x07E0, 0x07E0, 0x07E0, 0x07E0, 0x07E0, 0x07E0, 0x07E0, 0x07E0, 0x07E0, 0x07E0,
    0x07E0, 0x07E0, 0x07E0, 0x07E0, 0x07E0, 0x07E0, 0x07E0, 0x07E0, 0x07E0, 0x07E0, 0x07E0, 0x07E0,
    0x07E0, 0x07E0, 0x07E0, 0x07E0, 0x07E0, 0x07E0, 0x07E0, 0x07E0, 0x07E0, 0x07E0, 0x07E0, 0x07E0,
    0x07E0, 0x07E0, 0x07E0, 0x07E0, 0x07E0, 0x07E0, 0x07E0, 0x07E0, 0x07E0, 0x07E0, 0x07E0, 0x07E0,
    0x07E0, 0x07E0, 0x07E0, 0x07E0, 0x07E0, 0x07E0, 0x07E0, 0x07E0, 0x07E0, 0x07E0, 0x07E0, 0x07E0,
    0x07E0, 0x07E0, 0x07E0, 0x07E0, 0x07E0, 0x07E0, 0x07E0, 0x07E0, 0x07E0, 0x07E0, 0x07E0, 0x07E0,
    0x07E0, 0x07E0, 0x07E0, 0x07E0, 0x07E0, 0x07E0, 0x07E0, 0x07E0, 0x07E0, 0x07E0, 0x07E0, 0x07E0,
    0x07E0, 0x07E0, 0x07E0, 0x07E0, 0x07E0, 0x07E0, 0x07E0, 0x07E0, 0x07E0, 0x07E0, 0x07E0, 0x07E0,
    0x07E0, 0x07E0, 0x07E0, 0x07E0, 0x07E0, 0x07E0, 0x07E0, 0x07E0, 0x07E0, 0x07E0, 0x07E0, 0x07E0,
    0x07E0, 0x07E0, 0x07E0, 0x07E0, 0x07E0, 0x07E0, 0x07E0, 0x07E0, 0x07E0, 0x07E0, 0x07E0, 0x07E0,
    0x07E0, 0x07E0, 0x07E0, 0x07E0, 0x07E0, 0x07E0, 0x07E0, 0x07E0, 0x07E0, 0x07E0, 0x07E0, 0x07E0,
    0x07E0, 0x07E0, 0x07E0, 0x07E0, 0x07E0, 0x07E0, 0x07E0, 0x07E0, 0x07E0, 0x07E0, 0x07E0, 0x07E0,
    0x07E0, 0x07E0, 0x07E0, 0x07E0, 0x07E0, 0x07E0, 0x07E0, 0x07E0, 0x07E0, 0x07E0, 0x07E0, 0x07E0,
    0x07E0, 0x07E0, 0x07E0, 0x07E0, 0x07E0, 0x07E0, 0x07E0, 0x07E0, 0x07E0, 0x07E0, 0x07E0, 0x07E0,
    0x07E0, 0x07E0, 0x07E0, 0x07E0, 0x07E0, 0x07E0, 0x07E0, 0x07E0, 0x07E0, 0x07E0, 0x07E0, 0x07E0,
    0x07E0, 0x07E0, 0x07E0, 0x07E0, 0x07E0, 0x07E0, 0x07E0, 0x07E0, 0x07E0, 0x07E0, 0x07E0, 0x07E0,
    0x07E0, 0x07E0, 0x07E0, 0x07E0, 0x07E0, 0x07E0, 0x07E0, 0x07E0, 0x07E0, 0x07E0, 0x07E0, 0x07E0,
    0x07E0, 0x07E0, 0x07E0, 0x07E0, 0x07E0, 0x07E0, 0x07E0, 0x07E0, 0x07E0, 0x07E0, 0x07E0, 0x07E0,
    0x07E0, 0x07E0, 0x07E0, 0x07E0, 0x07E0, 0x07E0, 0x07E0, 0x07E0, 0x07E0, 0x07E0, 0x07E0, 0x07E0,
    0x07E0, 0x07E0, 0x07E0, 0x07E0, 0x07E0, 0x07E0, 0x07E0, 0x07E0, 0x07E0, 0x07E0, 0x07E0, 0x07E0,
    0x07E0, 0x07E0, 0x07E0, 0x07E0, 0x07E0, 0x07E0, 0x07E0, 0x07E0, 0x07E0, 0x07E0, 0x07E0, 0x07E0,
    0x07E0, 0x07E0, 0x07E0, 0x07E0, 0x07E0, 0x07E0, 0x07E0, 0x07E0, 0x07E0, 0x07E0, 0x07E0, 0x07E0,
    0x07E0, 0x07E0, 0x07E0, 0x07E0, 0x07E0, 0x07E0, 0x07E0, 0x07E0, 0x07E0, 0x07E0, 0x07E0, 0x07E0,
    0x07E0, 0x07E0, 0x07E0, 0x07E0, 0x07E0, 0x07E0, 0x07E0, 0x07E0, 0x07E0, 0x07E0, 0x07E0, 0x07E0,
    0x07E0, 0x07E0, 0x07E0, 0x07E0, 0x07E0, 0x07E0, 0x07E0, 0x07E0, 0x07E0, 0x07E0, 0x07E0, 0x07E0,
    0x07E0, 0x07E0, 0x07E0, 0x07E0, 0x07E0, 0x07E0, 0x07E0, 0x07E0, 0x07E0, 0x07E0, 0x07E0, 0x07E0,
    0x07E0, 0x07E0, 0x07E0, 0x07E0, 0x07E0, 0x07E0, 0x07E0, 0x07E0, 0x07E0, 0x07E0, 0x07E0, 0x07E0,
    0x07E0, 0x07E0, 0x07E0, 0x07E0, 0x07E0, 0x07E0, 0x07E0, 0x07E0, 0x07E0, 0x07E0, 0x07E0, 0x07E0,
    0x07E0, 0x07E0, 0x07E0, 0x07E0, 0x07E0, 0x07E0, 0x07E0, 0x07E0, 0x07E0, 0x07E0, 0x07E0, 0x07E0,
    0x07E0, 0x07E0, 0x07E0, 0x07E0, 0x07E0, 0x07E0, 0x07E0, 0x07E0, 0x07E0, 0x07E0, 0x07E0, 0x07E0,
    0x07E0, 0x07E0, 0x07E0, 0x07E0, 0x07E0, 0x07E0, 0x07E0, 0x07E0, 0x07E0, 0x07E0, 0x07E0, 0x07E0,
    0x07E0, 0x07E0, 0x07E0, 0x07E0, 0x07E0, 0x07E0, 0x07E0, 0x07E0, 0x07E0, 0x07E0, 0x07E0, 0x07E0,
    0x07E0, 0x07E0, 0x07E0, 0x07E0, 0x07E0, 0x07E0, 0x07E0, 0x07E0, 0x07E0, 0x07E0, 0x07E0, 0x07E0,
    0x07E0, 0x07E0, 0x07E0, 0x07E0, 0x07E0, 0x07E0, 0x07E0, 0x07E0, 0x07E0, 0x07E0, 0x07E0, 0x07E0,
    0x07E0, 0x07E0, 0x07E0, 0x07E0, 0x07E0, 0x07E0, 0x07E0, 0x07E0, 0x07E0, 0x07E0, 0x07E0, 0x07E0,
    0x07E0, 0x07E0, 0x07E0, 0x07E0, 0x07E0, 0x07E0, 0x07E0, 0x07E0, 0x07E0, 0x07E0, 0x07E0, 0x07E0,
    0x07E0, 0x07E0, 0x07E0, 0x07E0, 0x07E0, 0x07E0, 0x07E0, 0x07E0, 0x07E0, 0x07E0, 0x07E0, 0x07E0,
    0x07E0, 0x07E0, 0x07E0, 0x07E0, 0x07E0, 0x07E0, 0x07E0, 0x07E0, 0x07E0, 0x07E0, 0x07E0, 0x07E0,
    0x07E0, 0x07E0, 0x07E0, 0x07E0, 0x07E0, 0x07E0, 0x07E0, 0x07E0, 0x07E0, 0x07E0, 0x07E0, 0x07E0,
    0x07E0, 0x07E0, 0x07E0, 0x07E0, 0x07E0, 0x07E0, 0x07E0, 0x07E0, 0x07E0, 0x07E0, 0x07E0, 0x07E0,
    0x07E0, 0x07E0, 0x07E0, 0x07E0, 0x07E0, 0x07E0, 0x07E0, 0x07E0, 0x07E0, 0x07E0, 0x07E0, 0x07E0,
    0x07E0, 0x07E0, 0x07E0, 0x07E0, 0x07E0, 0x07E0, 0x07E0, 0x07E0, 0x07E0, 0x07E0, 0x07E0, 0x07E0,
    0x07E0, 0x07E0, 0x07E0, 0x07E0, 0x07E0, 0x07E0, 0x07E0, 0x07E0, 0x07E0, 0x07E0, 0x07E0, 0x07E0,
    0x07E0, 0x07E0, 0x07E0, 0x07E0, 0x07E0, 0x07E0, 0x07E0, 0x07E0, 0x07E0, 0x07E0, 0x07E0, 0x07E0,
    0x07E0, 0x07E0, 0x07E0, 0x07E0, 0x07E0, 0x07E0, 0x07E0, 0x07E0, 0x07E0, 0x07E0, 0x07E0, 0x07E0,
    0x07E0, 0x07E0, 0x07E0, 0x07E0, 0x07E0, 0x07E0, 0x07E0, 0x07E0, 0x07E0, 0x07E0, 0x07E0, 0x07E0,
    0x07E0, 0x07E0, 0x07E0, 0x07E0, 0x07E0, 0x07E0, 0x07E0, 0x07E0, 0x07E0, 0x07E0, 0x07E0, 0x07E0,
    0x07E0, 0x07E0, 0x07E0, 0x07E0, 0x07E0, 0x07E0, 0x07E0, 0x07E0, 0x07E0, 0x07E0, 0x07E0, 0x07E0,
    0x07E0, 0x07E0, 0x07E0, 0x07E0, 0x07E0, 0x07E0, 0x07E0, 0x07E0, 0x07E0, 0x07E0, 0x07E0, 0x07E0,
    0x07E0, 0x07E0, 0x07E0, 0x07E0, 0x07E0, 0x07E0, 0x07E0, 0x07E0, 0x07E0, 0x07E0, 0x07E0, 0x07E0,
    0x07E0, 0x07E0, 0x07E0, 0x07E0, 0x07E0, 0x07E0, 0x07E0, 0x07E0, 0x07E0, 0x07E0, 0x07E0, 0x07E0,
    0x07E0, 0x07E0, 0x07E0, 0x07E0, 0x07E0, 0x07E0, 0x07E0, 0x07E0, 0x07E0, 0x07E0, 0x07E0, 0x07E0,
    0x07E0, 0x07E0, 0x07E0, 0x07E0, 0x07E0, 0x07E0, 0x07E0, 0x07E0, 0x07E0, 0x07E0, 0x07E0, 0x07E0,
    0x07E0, 0x07E0, 0x07E0, 0x07E0, 0x07E0, 0x07E0, 0x07E0, 0x07E0, 0x07E0, 0x07E0, 0x07E0, 0x07E0,
    0x07E0, 0x07E0, 0x07E0, 0x07E0, 0x07E0, 0x07E0, 0x07E0, 0x07E0, 0x07E0, 0x07E0, 0x07E0, 0x07E0,
    0x07E0, 0x07E0, 0x07E0, 0x07E0, 0x07E0, 0x07E0, 0x07E0, 0x07E0, 0x07E0, 0x07E0, 0x07E0, 0x07E0,
    0x07E0, 0x07E0, 0x07E0, 0x07E0, 0x07E0, 0x07E0, 0x07E0, 0x07E0, 0x07E0, 0x07E0, 0x07E0, 0x07E0,
    0x07E0, 0x07E0, 0x07E0, 0x07E0, 0x07E0, 0x07E0, 0x07E0, 0x07E0, 0x07E0, 0x07E0, 0x07E0, 0x07E0,
    0x07E0, 0x07E0, 0x07E0, 0x07E0, 0x07E0, 0x07E0, 0x07E0, 0x07E0, 0x07E0, 0x07E0, 0x07E0, 0x07E0,
    0x07E0, 0x07E0, 0x07E0, 0x07E0, 0x07E0, 0x07E0, 0x07E0, 0x07E0, 0x07E0, 0x07E0, 0x07E0, 0x07E0,
    0x07E0, 0x07E0, 0x07E0, 0x07E0, 0x07E0, 0x07E0, 0x07E0, 0x07E0, 0x07E0, 0x07E0, 0x07E0, 0x07E0,
    0x07E0, 0x07E0, 0x07E0, 0x07E0, 0x07E0, 0x07E0, 0x07E0, 0x07E0, 0x07E0, 0x07E0, 0x07E0, 0x07E0,
    0x07E0, 0x07E0, 0x07E0, 0x07E0, 0x07E0, 0x07E0, 0x07E0, 0x07E0, 0x07E0, 0x07E0, 0x07E0, 0x07E0,
    0x07E0, 0x07E0, 0x07E0, 0x07E0, 0x07E0, 0x07E0, 0x07E0, 0x07E0, 0x07E0, 0x07E0, 0x07E0, 0x07E0,
    0x07E0, 0x07E0, 0x07E0, 0x07E0, 0x07E0, 0x07E0, 0x07E0, 0x07E0, 0x07E0, 0x07E0, 0x07E0, 0x07E0,
    0x07E0, 0x07E0, 0x07E0, 0x07E0, 0x07E0, 0x07E0, 0x07E0, 0x07E0, 0x07E0, 0x07E0, 0x07E0, 0x07E0,
    0x07E0, 0x07E0, 0x07E0, 0x07E0, 0x07E0, 0x07E0, 0x07E0, 0x07E0, 0x07E0, 0x07E0, 0x07E0, 0x07E0,
    0x07E0, 0x07E0, 0x07E0, 0x07E0, 0x07E0, 0x07E0, 0x07E0, 0x07E0, 0x07E0, 0x07E0, 0x07E0, 0x07E0,
    0x07E0, 0x07E0, 0x07E0, 0x07E0, 0x07E0, 0x07E0, 0x07E0, 0x07E0, 0x07E0, 0x07E0, 0x07E0, 0x07E0,
    0x07E0, 0x07E0, 0x07E0, 0x07E0, 0x07E0, 0x07E0, 0x07E0, 0x07E0, 0x07E0, 0x07E0, 0x07E0, 0x07E0,
    0x07E0, 0x07E0, 0x07E0, 0x07E0, 0x07E0, 0x07E0, 0x07E0, 0x07E0, 0x07E0, 0x07E0, 0x07E0, 0x07E0,
    0x07E0, 0x07E0, 0x07E0, 0x07E0, 0x07E0, 0x07E0, 0x07E0, 0x07E0, 0x07E0, 0x07E0, 0x07E0, 0x07E0,
    0x07E0, 0x07E0, 0x07E0, 0x07E0, 0x07E0, 0x07E0, 0x07E0, 0x07E0, 0x07E0, 0x07E0, 0x07E0, 0x07E0,
    0x07E0, 0x07E0, 0x07E0, 0x07E0, 0x07E0, 0x07E0, 0x07E0, 0x07E0, 0x07E0, 0x07E0, 0x07E0, 0x07E0,
    0x07E0, 0x07E0, 0x07E0, 0x07E0, 0x07E0, 0x07E0, 0x07E0, 0x07E0, 0x07E0, 0x07E0, 0x07E0, 0x07E0,
    0x07E0, 0x07E0, 0x07E0, 0x07E0, 0x07E0, 0x07E0, 0x07E0, 0x07E0, 0x07E0, 0x07E0, 0x07E0, 0x07E0,
    0x07E0, 0x07E0, 0x07E0, 0x07E0, 0x07E0, 0x07E0, 0x07E0, 0x07E0, 0x07E0, 0x07E0, 0x07E0, 0x07E0,
    0x07E0, 0x07E0, 0x07E0, 0x07E0, 0x07E0, 0x07E0, 0x07E0, 0x07E0, 0x07E0, 0x07E0, 0x07E0, 0x07E0,
    0x07E0, 0x07E0, 0x07E0, 0x07E0, 0x07E0, 0x07E0, 0x07E0, 0x07E0, 0x07E0, 0x07E0, 0x07E0, 0x07E0,
    0x07E0, 0x07E0, 0x07E0, 0x07E0, 0x07E0, 0x07E0, 0x07E0, 0x07E0, 0x07E0, 0x07E0, 0x07E0, 0x07E0,
    0x07E0, 0x07E0, 0x07E0, 0x07E0, 0x07E0, 0x07E0, 0x07E0, 0x07E0, 0x07E0, 0x07E0, 0x07E0, 0x07E0,
    0x07E0, 0x07E0, 0x07E0, 0x07E0, 0x07E0, 0x07E0, 0x07E0, 0x07E0, 0x07E0, 0x07E0, 0x07E0, 0x07E0,
    0x07E0, 0x07E0, 0x07E0, 0x07E0, 0x07E0, 0x07E0, 0x07E0, 0x07E0, 0x07E0, 0x07E0, 0x07E0, 0x07E0,
    0x07E0, 0x07E0, 0x07E0, 0x07E0, 0x07E0, 0x07E0, 0x07E0, 0x07E0, 0x07E0, 0x07E0, 0x07E0, 0x07E0,
    0x07E0, 0x07E0, 0x07E0, 0x07E0, 0x07E0, 0x07E0, 0x07E0, 0x07E0, 0x07E0, 0x07E0, 0x07E0, 0x07E0,
    0x07E0, 0x07E0, 0x07E0, 0x07E0, 0x07E0, 0x07E0, 0x07E0, 0x3165, 0x3165, 0x3165, 0x07E0, 0x07E0,
    0x07E0, 0x07E0, 0x07E0, 0x07E0, 0x07E0, 0x07E0, 0x07E0, 0x07E0, 0x07E0, 0x07E0, 0x07E0, 0x07E0,
    0x07E0, 0x07E0, 0x07E0, 0x07E0, 0x07E0, 0x07E0, 0x07E0, 0x07E0, 0x07E0, 0x07E0, 0x07E0, 0x07E0,
    0x07E0, 0x07E0, 0x07E0, 0x07E0, 0x07E0, 0x07E0, 0x07E0, 0x07E0, 0x07E0, 0x07E0, 0x07E0, 0x07E0,
    0x07E0, 0x07E0, 0x07E0, 0x07E0, 0x07E0, 0x07E0, 0x07E0, 0x07E0, 0x07E0, 0x07E0, 0x07E0, 0x07E0,
    0x07E0, 0x07E0, 0x07E0, 0x07E0, 0x07E0, 0x07E0, 0x07E0, 0x07E0, 0x07E0, 0x3165, 0x3165, 0x5AAA,
    0x5269, 0x4A08, 0x3165, 0x3165, 0x07E0, 0x07E0, 0x07E0, 0x07E0, 0x07E0, 0x07E0, 0x07E0, 0x07E0,
    0x07E0, 0x07E0, 0x07E0, 0x07E0, 0x07E0, 0x07E0, 0x07E0, 0x07E0, 0x07E0, 0x07E0, 0x07E0, 0x07E0,
    0x07E0, 0x07E0, 0x07E0, 0x07E0, 0x07E0, 0x07E0, 0x07E0, 0x07E0, 0x07E0, 0x07E0, 0x07E0, 0x07E0,
    0x07E0, 0x07E0, 0x07E0, 0x07E0, 0x07E0, 0x07E0, 0x07E0, 0x07E0, 0x07E0, 0x07E0, 0x07E0, 0x07E0,
    0x07E0, 0x07E0, 0x07E0, 0x07E0, 0x07E0, 0x07E0, 0x07E0, 0x07E0, 0x07E0, 0x07E0, 0x07E0, 0x3165,
    0x3165, 0x5AAA, 0x5AAA, 0x5269, 0x4A08, 0x28C3, 0x4208, 0x5AAA, 0x3165, 0x3165, 0x07E0, 0x07E0,
    0x07E0, 0x07E0, 0x07E0, 0x07E0, 0x07E0, 0x07E0, 0x07E0, 0x07E0, 0x07E0, 0x07E0, 0x07E0, 0x07E0,
    0x07E0, 0x07E0, 0x07E0, 0x07E0, 0x07E0, 0x07E0, 0x07E0, 0x07E0, 0x07E0, 0x07E0, 0x07E0, 0x07E0,
    0x07E0, 0x07E0, 0x07E0, 0x07E0, 0x07E0, 0x07E0, 0x07E0, 0x07E0, 0x07E0, 0x07E0, 0x07E0, 0x07E0,
    0x07E0, 0x07E0, 0x07E0, 0x07E0, 0x07E0, 0x07E0, 0x07E0, 0x07E0, 0x07E0, 0x07E0, 0x07E0, 0x07E0,
    0x07E0, 0x3165, 0x3165, 0x5AAA, 0x5AAA, 0x5AAA, 0x5AAA, 0x5AAA, 0x5269, 0x4A08, 0x28C3, 0x28C3,
    0x4208, 0x5AAA, 0x3165, 0x3165, 0x07E0, 0x07E0, 0x07E0, 0x07E0, 0x07E0, 0x07E0, 0x07E0, 0x07E0,
    0x07E0, 0x07E0, 0x07E0, 0x07E0, 0x07E0, 0x07E0, 0x07E0, 0x07E0, 0x07E0, 0x07E0, 0x07E0, 0x07E0,
    0x07E0, 0x07E0, 0x07E0, 0x07E0, 0x07E0, 0x07E0, 0x07E0, 0x07E0, 0x07E0, 0x07E0, 0x07E0, 0x07E0,
    0x07E0, 0x07E0, 0x07E0, 0x07E0, 0x07E0, 0x07E0, 0x07E0, 0x07E0, 0x07E0, 0x07E0, 0x07E0, 0x07E0,
    0x07E0, 0x07E0, 0x07E0, 0x07E0, 0x3165, 0x5AAA, 0x5AAA, 0x5AAA, 0x5AAA, 0x5AAA, 0x5AAA, 0x5AAA,
    0x5AAA, 0x5269, 0x4A08, 0x4A08, 0x28C3, 0x28C3, 0x4208, 0x5AAA, 0x3165, 0x07E0, 0x07E0, 0x07E0,
    0x07E0, 0x07E0, 0x07E0, 0x07E0, 0x07E0, 0x07E0, 0x07E0, 0x07E0, 0x07E0, 0x07E0, 0x07E0, 0x07E0,
    0x07E0, 0x07E0, 0x07E0, 0x07E0, 0x07E0, 0x07E0, 0x07E0, 0x07E0, 0x07E0, 0x07E0, 0x07E0, 0x07E0,
    0x07E0, 0x07E0, 0x07E0, 0x07E0, 0x07E0, 0x07E0, 0x07E0, 0x07E0, 0x07E0, 0x07E0, 0x07E0, 0x07E0,
    0x07E0, 0x07E0, 0x07E0, 0x07E0, 0x07E0, 0x07E0, 0x07E0, 0x3165, 0x5269, 0x5269, 0x5269, 0x5AAA,
    0x5AAA, 0x5AAA, 0x5AAA, 0x5AAA, 0x5AAA, 0x5AAA, 0x5269, 0x5269, 0x4A08, 0x4A08, 0x28C3, 0x4A08,
    0x5269, 0x3165, 0x07E0, 0x07E0, 0x07E0, 0x07E0, 0x07E0, 0x07E0, 0x07E0, 0x07E0, 0x07E0, 0x07E0,
    0x07E0, 0x07E0, 0x07E0, 0x07E0, 0x07E0, 0x07E0, 0x07E0, 0x07E0, 0x07E0, 0x07E0, 0x07E0, 0x07E0,
    0x07E0, 0x07E0, 0x07E0, 0x07E0, 0x07E0, 0x07E0, 0x07E0, 0x07E0, 0x07E0, 0x07E0, 0x07E0, 0x07E0,
    0x07E0, 0x07E0, 0x07E0, 0x07E0, 0x07E0, 0x07E0, 0x07E0, 0x07E0, 0x07E0, 0x07E0, 0x3165, 0x5269,
    0x4A08, 0x5269, 0x5AAA, 0x5AAA, 0x5AAA, 0x5AAA, 0x5AAA, 0x5AAA, 0x5AAA, 0x5AAA, 0x5AAA, 0x5AAA,
    0x5269, 0x5269, 0x4A08, 0x5AAA, 0x4A08, 0x5269, 0x3165, 0x07E0, 0x07E0, 0x07E0, 0x07E0, 0x07E0,
    0x07E0, 0x07E0, 0x07E0, 0x07E0, 0x07E0, 0x07E0, 0x07E0, 0x07E0, 0x07E0, 0x07E0, 0x07E0, 0x07E0,
    0x07E0, 0x07E0, 0x07E0, 0x07E0, 0x07E0, 0x07E0, 0x07E0, 0x07E0, 0x07E0, 0x07E0, 0x07E0, 0x07E0,
    0x07E0, 0x07E0, 0x07E0, 0x07E0, 0x07E0, 0x07E0, 0x07E0, 0x07E0, 0x07E0, 0x07E0, 0x07E0, 0x07E0,
    0x07E0, 0x3165, 0x5249, 0x4A08, 0x28C3, 0x4A08, 0x5269, 0x5AAA, 0x5AAA, 0x5AAA, 0x5AAA, 0x5AAA,
    0x5AAA, 0x5AAA, 0x5AAA, 0x5AAA, 0x5AAA, 0x5AAA, 0x5269, 0x4A08, 0x28C3, 0x4A08, 0x5269, 0x3165,
    0x07E0, 0x07E0, 0x07E0, 0x07E0, 0x07E0, 0x07E0, 0x07E0, 0x07E0, 0x07E0, 0x07E0, 0x07E0, 0x07E0,
    0x07E0, 0x07E0, 0x07E0, 0x07E0, 0x07E0, 0x07E0, 0x07E0, 0x07E0, 0x07E0, 0x07E0, 0x07E0, 0x07E0,
    0x07E0, 0x07E0, 0x07E0, 0x07E0, 0x07E0, 0x07E0, 0x07E0, 0x07E0, 0x07E0, 0x07E0, 0x07E0, 0x07E0,
    0x07E0, 0x07E0, 0x07E0, 0x07E0, 0x07E0, 0x3165, 0x5249, 0x4A08, 0x28C3, 0x4A08, 0x5269, 0x5AAA,
    0x5AAA, 0x5AAA, 0x5AAA, 0x5AAA, 0x5AAA, 0x5AAA, 0x5AAA, 0x5AAA, 0x5AAA, 0x5AAA, 0x5269, 0x4A08,
    0x28C3, 0x4A08, 0x5249, 0x3165, 0x07E0, 0x07E0, 0x07E0, 0x07E0, 0x07E0, 0x07E0, 0x07E0, 0x07E0,
    0x07E0, 0x07E0, 0x07E0, 0x07E0, 0x07E0, 0x07E0, 0x07E0, 0x07E0, 0x07E0, 0x07E0, 0x07E0, 0x07E0,
    0x07E0, 0x07E0, 0x07E0, 0x07E0, 0x07E0, 0x07E0, 0x07E0, 0x07E0, 0x07E0, 0x07E0, 0x07E0, 0x07E0,
    0x07E0, 0x07E0, 0x07E0, 0x07E0, 0x07E0, 0x07E0, 0x07E0, 0x07E0, 0x3165, 0x5249, 0x4A08, 0x28C3,
    0x4A08, 0x5269, 0x5AAA, 0x5AAA, 0x5AAA, 0x5AAA, 0x5AAA, 0x5AAA, 0x5AAA, 0x5AAA, 0x5AAA, 0x5AAA,
    0x5AAA, 0x5AAA, 0x528A, 0x5269, 0x4A08, 0x28C3, 0x4A08, 0x5249, 0x3165, 0x07E0, 0x07E0, 0x07E0,
    0x07E0, 0x07E0, 0x07E0, 0x07E0, 0x07E0, 0x07E0, 0x07E0, 0x07E0, 0x07E0, 0x07E0, 0x07E0, 0x07E0,
    0x07E0, 0x07E0, 0x07E0, 0x07E0, 0x07E0, 0x07E0, 0x07E0, 0x07E0, 0x07E0, 0x07E0, 0x07E0, 0x07E0,
    0x07E0, 0x07E0, 0x07E0, 0x07E0, 0x07E0, 0x07E0, 0x07E0, 0x07E0, 0x07E0, 0x07E0, 0x07E0, 0x07E0,
    0x3165, 0x5249, 0x4A08, 0x28C3, 0x4A08, 0x5269, 0x528A, 0x5AAA, 0x5AAA, 0x5AAA, 0x5AAA, 0x5AAA,
    0x5AAA, 0x5AAA, 0x5AAA, 0x5AAA, 0x5AAA, 0x5AAA, 0x528A, 0x5269, 0x4A08, 0x28C3, 0x4A08, 0x5249,
    0x3165, 0x07E0, 0x07E0, 0x07E0, 0x07E0, 0x07E0, 0x07E0, 0x07E0, 0x07E0, 0x07E0, 0x07E0, 0x07E0,
    0x07E0, 0x07E0, 0x07E0, 0x07E0, 0x07E0, 0x07E0, 0x07E0, 0x07E0, 0x07E0, 0x07E0, 0x07E0, 0x07E0,
    0x07E0, 0x07E0, 0x07E0, 0x07E0, 0x07E0, 0x07E0, 0x07E0, 0x07E0, 0x07E0, 0x07E0, 0x07E0, 0x07E0,
    0x07E0, 0x07E0, 0x07E0, 0x07E0, 0x3165, 0x5249, 0x4A08, 0x28C3, 0x4A08, 0x5269, 0x528A, 0x5AAA,
    0x5AAA, 0x5AAA, 0x5AAA, 0x5AAA, 0x5AAA, 0x5AAA, 0x5AAA, 0x5AAA, 0x5AAA, 0x528A, 0x528A, 0x5269,
    0x4A08, 0x28C3, 0x4A08, 0x5249, 0x3165, 0x07E0, 0x07E0, 0x07E0, 0x07E0, 0x07E0, 0x07E0, 0x07E0,
    0x07E0, 0x07E0, 0x07E0, 0x07E0, 0x07E0, 0x07E0, 0x07E0, 0x07E0, 0x07E0, 0x07E0, 0x07E0, 0x07E0,
    0x07E0, 0x07E0, 0x07E0, 0x07E0, 0x07E0, 0x07E0, 0x07E0, 0x07E0, 0x07E0, 0x07E0, 0x07E0, 0x07E0,
    0x07E0, 0x07E0, 0x07E0, 0x07E0, 0x07E0, 0x07E0, 0x07E0, 0x07E0, 0x3165, 0x5249, 0x4A08, 0x28C3,
    0x4A08, 0x5269, 0x528A, 0x528A, 0x5AAA, 0x5AAA, 0x5AAA, 0x5AAA, 0x5AAA, 0x5AAA, 0x5AAA, 0x5AAA,
    0x5AAA, 0x528A, 0x528A, 0x5269, 0x4A08, 0x28C3, 0x4A08, 0x5249, 0x3165, 0x07E0, 0x07E0, 0x07E0,
    0x07E0, 0x07E0, 0x07E0, 0x07E0, 0x07E0, 0x07E0, 0x07E0, 0x07E0, 0x07E0, 0x07E0, 0x07E0, 0x07E0,
    0x07E0, 0x07E0, 0x07E0, 0x07E0, 0x07E0, 0x07E0, 0x07E0, 0x07E0, 0x07E0, 0x07E0, 0x07E0, 0x07E0,
    0x07E0, 0x07E0, 0x07E0, 0x07E0, 0x07E0, 0x07E0, 0x07E0, 0x07E0, 0x07E0, 0x07E0, 0x07E0, 0x07E0,
    0x3165, 0x5249, 0x5249, 0x4A08, 0x28C3, 0x4A08, 0x5269, 0x528A, 0x5AAA, 0x5AAA, 0x5AAA, 0x5AAA,
    0x5AAA, 0x5AAA, 0x5AAA, 0x5AAA, 0x5AAA, 0x528A, 0x5269, 0x4A08, 0x28C3, 0x4A08, 0x5249, 0x5249,
    0x3165, 0x07E0, 0x07E0, 0x07E0, 0x07E0, 0x07E0, 0x07E0, 0x07E0, 0x07E0, 0x07E0, 0x07E0, 0x07E0,
    0x07E0, 0x07E0, 0x07E0, 0x07E0, 0x07E0, 0x07E0, 0x07E0, 0x07E0, 0x07E0, 0x07E0, 0x07E0, 0x07E0,
    0x07E0, 0x07E0, 0x07E0, 0x07E0, 0x07E0, 0x07E0, 0x07E0, 0x07E0, 0x07E0, 0x07E0, 0x07E0, 0x07E0,
    0x07E0, 0x07E0, 0x07E0, 0x07E0, 0x07E0, 0x3165, 0x5249, 0x4A08, 0x28C3, 0x4A08, 0x5269, 0x528A,
    0x528A, 0x5AAA, 0x5AAA, 0x5AAA, 0x5AAA, 0x5AAA, 0x5AAA, 0x528A, 0x528A, 0x5269, 0x5269, 0x4A08,
    0x28C3, 0x4A08, 0x5249, 0x3165, 0x07E0, 0x07E0, 0x07E0, 0x07E0, 0x07E0, 0x07E0, 0x07E0, 0x07E0,
    0x07E0, 0x07E0, 0x07E0, 0x07E0, 0x07E0, 0x07E0, 0x07E0, 0x07E0, 0x07E0, 0x07E0, 0x07E0, 0x07E0,
    0x07E0, 0x07E0, 0x07E0, 0x07E0, 0x07E0, 0x07E0, 0x07E0, 0x07E0, 0x07E0, 0x07E0, 0x07E0, 0x07E0,
    0x07E0, 0x07E0, 0x07E0, 0x07E0, 0x07E0, 0x07E0, 0x07E0, 0x07E0, 0x07E0, 0x3165, 0x5249, 0x5249,
    0x4A08, 0x28C3, 0x4A08, 0x5269, 0x528A, 0x5AAA, 0x5AAA, 0x5AAA, 0x5AAA, 0x5AAA, 0x5AAA, 0x528A,
    0x5AAA, 0x5269, 0x4A08, 0x28C3, 0x4A08, 0x5249, 0x5249, 0x3165, 0x07E0, 0x07E0, 0x07E0, 0x07E0,
    0x07E0, 0x07E0, 0x07E0, 0x07E0, 0x07E0, 0x07E0, 0x07E0, 0x07E0, 0x07E0, 0x07E0, 0x07E0, 0x07E0,
    0x07E0, 0x07E0, 0x07E0, 0x07E0, 0x07E0, 0x07E0, 0x07E0, 0x07E0, 0x07E0, 0x07E0, 0x07E0, 0x07E0,
    0x07E0, 0x07E0, 0x07E0, 0x07E0, 0x07E0, 0x07E0, 0x07E0, 0x07E0, 0x07E0, 0x07E0, 0x07E0, 0x07E0,
    0x07E0, 0x07E0, 0x3165, 0x5249, 0x5249, 0x4A08, 0x28C3, 0x4A08, 0x5269, 0x528A, 0x528A, 0x528A,
    0x528A, 0x528A, 0x528A, 0x5269, 0x5269, 0x4A08, 0x28C3, 0x4A08, 0x5249, 0x5249, 0x3165, 0x07E0,
    0x07E0, 0x07E0, 0x07E0, 0x07E0, 0x07E0, 0x07E0, 0x07E0, 0x07E0, 0x07E0, 0x07E0, 0x07E0, 0x07E0,
    0x07E0, 0x07E0, 0x07E0, 0x07E0, 0x07E0, 0x07E0, 0x07E0, 0x07E0, 0x07E0, 0x07E0, 0x07E0, 0x07E0,
    0x07E0, 0x07E0, 0x07E0, 0x07E0, 0x07E0, 0x07E0, 0x07E0, 0x07E0, 0x07E0, 0x07E0, 0x07E0, 0x07E0,
    0x07E0, 0x07E0, 0x07E0, 0x07E0, 0x07E0, 0x07E0, 0x3165, 0x3165, 0x5249, 0x5249, 0x4A08, 0x28C3,
    0x4A08, 0x5269, 0x5269, 0x528A, 0x528A, 0x5269, 0x528A, 0x5269, 0x4A08, 0x28C3, 0x4A08, 0x5249,
    0x5249, 0x3165, 0x3165, 0x07E0, 0x07E0, 0x07E0, 0x07E0, 0x07E0, 0x07E0, 0x07E0, 0x07E0, 0x07E0,
    0x07E0, 0x07E0, 0x07E0, 0x07E0, 0x07E0, 0x07E0, 0x07E0, 0x07E0, 0x07E0, 0x07E0, 0x07E0, 0x07E0,
    0x07E0, 0x07E0, 0x07E0, 0x07E0, 0x07E0, 0x07E0, 0x07E0, 0x07E0, 0x07E0, 0x07E0, 0x07E0, 0x07E0,
    0x07E0, 0x07E0, 0x07E0, 0x07E0, 0x07E0, 0x07E0, 0x07E0, 0x07E0, 0x07E0, 0x07E0, 0x3165, 0x3000,
    0x3165, 0x5249, 0x5249, 0x4A08, 0x5249, 0x5269, 0x5269, 0x5269, 0x5269, 0x5269, 0x5269, 0x5269,
    0x5249, 0x4A08, 0x5249, 0x5249, 0x3165, 0x3144, 0x3165, 0x07E0, 0x07E0, 0x07E0, 0x07E0, 0x07E0,
    0x07E0, 0x07E0, 0x07E0, 0x07E0, 0x07E0, 0x07E0, 0x07E0, 0x07E0, 0x07E0, 0x07E0, 0x07E0, 0x07E0,
    0x07E0, 0x07E0, 0x07E0, 0x07E0, 0x07E0, 0x07E0, 0x07E0, 0x07E0, 0x07E0, 0x07E0, 0x07E0, 0x07E0,
    0x07E0, 0x07E0, 0x07E0, 0x07E0, 0x07E0, 0x07E0, 0x07E0, 0x07E0, 0x07E0, 0x07E0, 0x07E0, 0x07E0,
    0x07E0, 0x07E0, 0x3165, 0x2904, 0x3000, 0x3165, 0x3165, 0x3165, 0x5249, 0x5249, 0x5249, 0x5269,
    0x5269, 0x5269, 0x5249, 0x5249, 0x5249, 0x3165, 0x3165, 0x3165, 0x3144, 0x3144, 0x3165, 0x07E0,
    0x07E0, 0x07E0, 0x07E0, 0x07E0, 0x07E0, 0x07E0, 0x07E0, 0x07E0, 0x07E0, 0x07E0, 0x07E0, 0x07E0,
    0x07E0, 0x07E0, 0x07E0, 0x07E0, 0x07E0, 0x07E0, 0x07E0, 0x07E0, 0x07E0, 0x07E0, 0x07E0, 0x07E0,
    0x07E0, 0x07E0, 0x07E0, 0x07E0, 0x07E0, 0x07E0, 0x07E0, 0x07E0, 0x07E0, 0x07E0, 0x07E0, 0x07E0,
    0x07E0, 0x07E0, 0x07E0, 0x07E0, 0x07E0, 0x07E0, 0x07E0, 0x3165, 0x2904, 0x3000, 0x3000, 0x3000,
    0x3165, 0x3165, 0x5249, 0x5249, 0x5249, 0x5249, 0x5249, 0x3165, 0x3165, 0x3000, 0x5800, 0x3144,
    0x3144, 0x3165, 0x07E0, 0x07E0, 0x07E0, 0x07E0, 0x07E0, 0x07E0, 0x07E0, 0x07E0, 0x07E0, 0x07E0,
    0x07E0, 0x07E0, 0x07E0, 0x07E0, 0x07E0, 0x07E0, 0x07E0, 0x07E0, 0x07E0, 0x07E0, 0x07E0, 0x07E0,
    0x07E0, 0x07E0, 0x07E0, 0x07E0, 0x07E0, 0x07E0, 0x07E0, 0x07E0, 0x07E0, 0x07E0, 0x07E0, 0x07E0,
    0x07E0, 0x07E0, 0x07E0, 0x07E0, 0x07E0, 0x07E0, 0x07E0, 0x07E0, 0x07E0, 0x07E0, 0x07E0, 0x3165,
    0x3144, 0x2904, 0x2904, 0x3000, 0x3000, 0x3000, 0x3165, 0x3165, 0x3165, 0x3165, 0x3165, 0x4000,
    0x3000, 0x2904, 0x2904, 0x3144, 0x3144, 0x3165, 0x07E0, 0x07E0, 0x07E0, 0x07E0, 0x07E0, 0x07E0,
    0x07E0, 0x07E0, 0x07E0, 0x07E0, 0x07E0, 0x07E0, 0x07E0, 0x07E0, 0x07E0, 0x07E0, 0x07E0, 0x07E0,
    0x07E0, 0x07E0, 0x07E0, 0x07E0, 0x07E0, 0x07E0, 0x07E0, 0x07E0, 0x07E0, 0x07E0, 0x07E0, 0x07E0,
    0x07E0, 0x07E0, 0x07E0, 0x07E0, 0x07E0, 0x07E0, 0x07E0, 0x07E0, 0x07E0, 0x07E0, 0x07E0, 0x07E0,
    0x07E0, 0x07E0, 0x07E0, 0x3165, 0x3965, 0x3144, 0x3144, 0x2904, 0x2904, 0x3000, 0x4000, 0x2904,
    0x2904, 0x2904, 0x2904, 0x2904, 0x2904, 0x3144, 0x3144, 0x3144, 0x3144, 0x3165, 0x07E0, 0x07E0,
    0x07E0, 0x07E0, 0x07E0, 0x07E0, 0x07E0, 0x07E0, 0x07E0, 0x07E0, 0x07E0, 0x07E0, 0x07E0, 0x07E0,
    0x07E0, 0x07E0, 0x07E0, 0x07E0, 0x07E0, 0x07E0, 0x07E0, 0x07E0, 0x07E0, 0x07E0, 0x07E0, 0x07E0,
    0x07E0, 0x07E0, 0x07E0, 0x07E0, 0x07E0, 0x07E0, 0x07E0, 0x07E0, 0x07E0, 0x07E0, 0x07E0, 0x07E0,
    0x07E0, 0x07E0, 0x07E0, 0x07E0, 0x07E0, 0x07E0, 0x07E0, 0x3165, 0x3965, 0x3965, 0x3144, 0x3144,
    0x3144, 0x4000, 0x4000, 0x3144, 0x3144, 0x3144, 0x3144, 0x3144, 0x3144, 0x3965, 0x3965, 0x3144,
    0x3165, 0x07E0, 0x07E0, 0x07E0, 0x07E0, 0x07E0, 0x07E0, 0x07E0, 0x07E0, 0x07E0, 0x07E0, 0x07E0,
    0x07E0, 0x07E0, 0x07E0, 0x07E0, 0x07E0, 0x07E0, 0x07E0, 0x07E0, 0x07E0, 0x07E0, 0x07E0, 0x07E0,
    0x07E0, 0x07E0, 0x07E0, 0x07E0, 0x07E0, 0x07E0, 0x07E0, 0x07E0, 0x07E0, 0x07E0, 0x07E0, 0x07E0,
    0x07E0, 0x07E0, 0x07E0, 0x07E0, 0x07E0, 0x07E0, 0x07E0, 0x07E0, 0x07E0, 0x07E0, 0x07E0, 0x07E0,
    0x3165, 0x3965, 0x3965, 0x3965, 0x3965, 0x4000, 0x3965, 0x3965, 0x3965, 0x3965, 0x3965, 0x3965,
    0x4165, 0x3965, 0x3965, 0x3144, 0x3165, 0x07E0, 0x07E0, 0x07E0, 0x07E0, 0x07E0, 0x07E0, 0x07E0,
    0x07E0, 0x07E0, 0x07E0, 0x07E0, 0x07E0, 0x07E0, 0x07E0, 0x07E0, 0x07E0, 0x07E0, 0x07E0, 0x07E0,
    0x07E0, 0x07E0, 0x07E0, 0x07E0, 0x07E0, 0x07E0, 0x07E0, 0x07E0, 0x07E0, 0x07E0, 0x07E0, 0x07E0,
    0x07E0, 0x07E0, 0x07E0, 0x07E0, 0x07E0, 0x07E0, 0x07E0, 0x07E0, 0x07E0, 0x07E0, 0x07E0, 0x07E0,
    0x07E0, 0x07E0, 0x07E0, 0x07E0, 0x3165, 0x3965, 0x4165, 0x4165, 0x4165, 0x4000, 0x4165, 0x4165,
    0x4165, 0x4165, 0x4165, 0x4165, 0x4165, 0x3965, 0x3965, 0x3144, 0x3165, 0x07E0, 0x07E0, 0x07E0,
    0x07E0, 0x07E0, 0x07E0, 0x07E0, 0x07E0, 0x07E0, 0x07E0, 0x07E0, 0x07E0, 0x07E0, 0x07E0, 0x07E0,
    0x07E0, 0x07E0, 0x07E0, 0x07E0, 0x07E0, 0x07E0, 0x07E0, 0x07E0, 0x07E0, 0x07E0, 0x07E0, 0x07E0,
    0x07E0, 0x07E0, 0x07E0, 0x07E0, 0x07E0, 0x07E0, 0x07E0, 0x07E0, 0x07E0, 0x07E0, 0x07E0, 0x07E0,
    0x07E0, 0x07E0, 0x07E0, 0x07E0, 0x07E0, 0x07E0, 0x07E0, 0x07E0, 0x3165, 0x3965, 0x4165, 0x4165,
    0x4165, 0x4165, 0x4165, 0x4165, 0x4165, 0x41A6, 0x4165, 0x4165, 0x4165, 0x3965, 0x3965, 0x3144,
    0x3165, 0x07E0, 0x07E0, 0x07E0, 0x07E0, 0x07E0, 0x07E0, 0x07E0, 0x07E0, 0x07E0, 0x07E0, 0x07E0,
    0x07E0, 0x07E0, 0x07E0, 0x07E0, 0x07E0, 0x07E0, 0x07E0, 0x07E0, 0x07E0, 0x07E0, 0x07E0, 0x07E0,
    0x07E0, 0x07E0, 0x07E0, 0x07E0, 0x07E0, 0x07E0, 0x07E0, 0x07E0, 0x07E0, 0x07E0, 0x07E0, 0x07E0,
    0x07E0, 0x07E0, 0x07E0, 0x07E0, 0x07E0, 0x07E0, 0x07E0, 0x07E0, 0x07E0, 0x07E0, 0x07E0, 0x07E0,
    0x3165, 0x3965, 0x3965, 0x4165, 0x4165, 0x28C3, 0x4165, 0x4186, 0x41A6, 0x41A6, 0x4165, 0x4165,
    0x3965, 0x3965, 0x3965, 0x3144, 0x3165, 0x07E0, 0x07E0, 0x07E0, 0x07E0, 0x07E0, 0x07E0, 0x07E0,
    0x07E0, 0x07E0, 0x07E0, 0x07E0, 0x07E0, 0x07E0, 0x07E0, 0x07E0, 0x07E0, 0x07E0, 0x07E0, 0x07E0,
    0x07E0, 0x07E0, 0x07E0, 0x07E0, 0x07E0, 0x07E0, 0x07E0, 0x07E0, 0x07E0, 0x07E0, 0x07E0, 0x07E0,
    0x07E0, 0x07E0, 0x07E0, 0x07E0, 0x07E0, 0x07E0, 0x07E0, 0x07E0, 0x07E0, 0x07E0, 0x07E0, 0x07E0,
    0x07E0, 0x07E0, 0x07E0, 0x07E0, 0x07E0, 0x3165, 0x3965, 0x3965, 0x28C3, 0x4165, 0x4186, 0x4186,
    0x41A6, 0x41A6, 0x4165, 0x3124, 0x3965, 0x3965, 0x3144, 0x3165, 0x07E0, 0x07E0, 0x07E0, 0x07E0,
    0x07E0, 0x07E0, 0x07E0, 0x07E0, 0x07E0, 0x07E0, 0x07E0, 0x07E0, 0x07E0, 0x07E0, 0x07E0, 0x07E0,
    0x07E0, 0x07E0, 0x07E0, 0x07E0, 0x07E0, 0x07E0, 0x07E0, 0x07E0, 0x07E0, 0x07E0, 0x07E0, 0x07E0,
    0x07E0, 0x07E0, 0x07E0, 0x07E0, 0x07E0, 0x07E0, 0x07E0, 0x07E0, 0x07E0, 0x07E0, 0x07E0, 0x07E0,
    0x07E0, 0x07E0, 0x07E0, 0x07E0, 0x07E0, 0x07E0, 0x07E0, 0x07E0, 0x07E0, 0x3165, 0x3965, 0x3965,
    0x28C3, 0x4165, 0x4186, 0x4186, 0x41A6, 0x4165, 0x3945, 0x18C3, 0x3124, 0x3965, 0x3144, 0x3165,
    0x07E0, 0x07E0, 0x07E0, 0x07E0, 0x07E0, 0x07E0, 0x07E0, 0x07E0, 0x07E0, 0x07E0, 0x07E0, 0x07E0,
    0x07E0, 0x07E0, 0x07E0, 0x07E0, 0x07E0, 0x07E0, 0x07E0, 0x07E0, 0x07E0, 0x07E0, 0x07E0, 0x07E0,
    0x07E0, 0x07E0, 0x07E0, 0x07E0, 0x07E0, 0x07E0, 0x07E0, 0x07E0, 0x07E0, 0x07E0, 0x07E0, 0x07E0,
    0x07E0, 0x07E0, 0x07E0, 0x07E0, 0x07E0, 0x07E0, 0x07E0, 0x07E0, 0x07E0, 0x07E0, 0x07E0, 0x07E0,
    0x07E0, 0x3165, 0x3965, 0x3965, 0x28C3, 0x4165, 0x4186, 0x4186, 0x41A6, 0x4165, 0x3945, 0x18C3,
    0x3124, 0x3965, 0x3144, 0x3165, 0x07E0, 0x07E0, 0x07E0, 0x07E0, 0x07E0, 0x07E0, 0x07E0, 0x07E0,
    0x07E0, 0x07E0, 0x07E0, 0x07E0, 0x07E0, 0x07E0, 0x07E0, 0x07E0, 0x07E0, 0x07E0, 0x07E0, 0x07E0,
    0x07E0, 0x07E0, 0x07E0, 0x07E0, 0x07E0, 0x07E0, 0x07E0, 0x07E0, 0x07E0, 0x07E0, 0x07E0, 0x07E0,
    0x07E0, 0x07E0, 0x07E0, 0x07E0, 0x07E0, 0x07E0, 0x07E0, 0x07E0, 0x07E0, 0x07E0, 0x07E0, 0x07E0,
    0x07E0, 0x07E0, 0x07E0, 0x07E0, 0x07E0, 0x3165, 0x3965, 0x3965, 0x28C3, 0x4165, 0x4186, 0x4186,
    0x41A6, 0x4165, 0x4165, 0x3124, 0x3965, 0x3965, 0x3144, 0x3165, 0x07E0, 0x07E0, 0x07E0, 0x07E0,
    0x07E0, 0x07E0, 0x07E0, 0x07E0, 0x07E0, 0x07E0, 0x07E0, 0x07E0, 0x07E0, 0x07E0, 0x07E0, 0x07E0,
    0x07E0, 0x07E0, 0x07E0, 0x07E0, 0x07E0, 0x07E0, 0x07E0, 0x07E0, 0x07E0, 0x07E0, 0x07E0, 0x07E0,
    0x07E0, 0x07E0, 0x07E0, 0x07E0, 0x07E0, 0x07E0, 0x07E0, 0x07E0, 0x07E0, 0x07E0, 0x07E0, 0x07E0,
    0x07E0, 0x07E0, 0x07E0, 0x07E0, 0x07E0, 0x07E0, 0x07E0, 0x07E0, 0x07E0, 0x3165, 0x3965, 0x3965,
    0x28C3, 0x4165, 0x4165, 0x4186, 0x4165, 0x4165, 0x4165, 0x3965, 0x3965, 0x3965, 0x3144, 0x3165,
    0x07E0, 0x07E0, 0x07E0, 0x07E0, 0x07E0, 0x07E0, 0x07E0, 0x07E0, 0x07E0, 0x07E0, 0x07E0, 0x07E0,
    0x07E0, 0x07E0, 0x07E0, 0x07E0, 0x07E0, 0x07E0, 0x07E0, 0x07E0, 0x07E0, 0x07E0, 0x07E0, 0x07E0,
    0x07E0, 0x07E0, 0x07E0, 0x07E0, 0x07E0, 0x07E0, 0x07E0, 0x07E0, 0x07E0, 0x07E0, 0x07E0, 0x07E0,
    0x07E0, 0x07E0, 0x07E0, 0x07E0, 0x07E0, 0x07E0, 0x07E0, 0x07E0, 0x07E0, 0x07E0, 0x07E0, 0x07E0,
    0x3165, 0x3144, 0x3144, 0x3965, 0x3965, 0x4165, 0x4165, 0x4165, 0x4165, 0x4165, 0x3965, 0x3965,
    0x3965, 0x3965, 0x3144, 0x3144, 0x3165, 0x07E0, 0x07E0, 0x07E0, 0x07E0, 0x07E0, 0x07E0, 0x07E0,
    0x07E0, 0x07E0, 0x07E0, 0x07E0, 0x07E0, 0x07E0, 0x07E0, 0x07E0, 0x07E0, 0x07E0, 0x07E0, 0x07E0,
    0x07E0, 0x07E0, 0x07E0, 0x07E0, 0x07E0, 0x07E0, 0x07E0, 0x07E0, 0x07E0, 0x07E0, 0x07E0, 0x07E0,
    0x07E0, 0x07E0, 0x07E0, 0x07E0, 0x07E0, 0x07E0, 0x07E0, 0x07E0, 0x07E0, 0x07E0, 0x07E0, 0x07E0,
    0x07E0, 0x07E0, 0x07E0, 0x07E0, 0x3165, 0x2904, 0x3144, 0x3144, 0x3965, 0x3965, 0x3965, 0x3965,
    0x3965, 0x3965, 0x3965, 0x3144, 0x3144, 0x2904, 0x3144, 0x3144, 0x3165, 0x07E0, 0x07E0, 0x07E0,
    0x07E0, 0x07E0, 0x07E0, 0x07E0, 0x07E0, 0x07E0, 0x07E0, 0x07E0, 0x07E0, 0x07E0, 0x07E0, 0x07E0,
    0x07E0, 0x07E0, 0x07E0, 0x07E0, 0x07E0, 0x07E0, 0x07E0, 0x07E0, 0x07E0, 0x07E0, 0x07E0, 0x07E0,
    0x07E0, 0x07E0, 0x07E0, 0x07E0, 0x07E0, 0x07E0, 0x07E0, 0x07E0, 0x07E0, 0x07E0, 0x07E0, 0x07E0,
    0x07E0, 0x07E0, 0x07E0, 0x07E0, 0x07E0, 0x07E0, 0x07E0, 0x07E0, 0x3165, 0x2904, 0x2904, 0x3144,
    0x3144, 0x3144, 0x3144, 0x3144, 0x3144, 0x3144, 0x3144, 0x3144, 0x2904, 0x2904, 0x3144, 0x3144,
    0x3165, 0x07E0, 0x07E0, 0x07E0, 0x07E0, 0x07E0, 0x07E0, 0x07E0, 0x07E0, 0x07E0, 0x07E0, 0x07E0,
    0x07E0, 0x07E0, 0x07E0, 0x07E0, 0x07E0, 0x07E0, 0x07E0, 0x07E0, 0x07E0, 0x07E0, 0x07E0, 0x07E0,
    0x07E0, 0x07E0, 0x07E0, 0x07E0, 0x07E0, 0x07E0, 0x07E0, 0x07E0, 0x07E0, 0x07E0, 0x07E0, 0x07E0,
    0x07E0, 0x07E0, 0x07E0, 0x07E0, 0x07E0, 0x07E0, 0x07E0, 0x07E0, 0x07E0, 0x07E0, 0x07E0, 0x07E0,
    0x07E0, 0x3165, 0x2904, 0x2904, 0x2904, 0x2904, 0x2904, 0x3144, 0x3144, 0x3144, 0x2904, 0x2904,
    0x2904, 0x3165, 0x3165, 0x3165, 0x07E0, 0x07E0, 0x07E0, 0x07E0, 0x07E0, 0x07E0, 0x07E0, 0x07E0,
    0x07E0, 0x07E0, 0x07E0, 0x07E0, 0x07E0, 0x07E0, 0x07E0, 0x07E0, 0x07E0, 0x07E0, 0x07E0, 0x07E0,
    0x07E0, 0x07E0, 0x07E0, 0x07E0, 0x07E0, 0x07E0, 0x07E0, 0x07E0, 0x07E0, 0x07E0, 0x07E0, 0x07E0,
    0x07E0, 0x07E0, 0x07E0, 0x07E0, 0x07E0, 0x07E0, 0x07E0, 0x07E0, 0x07E0, 0x07E0, 0x07E0, 0x07E0,
    0x07E0, 0x07E0, 0x07E0, 0x07E0, 0x07E0, 0x07E0, 0x3165, 0x3165, 0x2904, 0x2904, 0x2904, 0x2904,
    0x2904, 0x2904, 0x2904, 0x2904, 0x2904, 0x3165, 0x3165, 0x07E0, 0x07E0, 0x07E0, 0x07E0, 0x07E0,
    0x07E0, 0x07E0, 0x07E0, 0x07E0, 0x07E0, 0x07E0, 0x07E0, 0x07E0, 0x07E0, 0x07E0, 0x07E0, 0x07E0,
    0x07E0, 0x07E0, 0x07E0, 0x07E0, 0x07E0, 0x07E0, 0x07E0, 0x07E0, 0x07E0, 0x07E0, 0x07E0, 0x07E0,
    0x07E0, 0x07E0, 0x07E0, 0x07E0, 0x07E0, 0x07E0, 0x07E0, 0x07E0, 0x07E0, 0x07E0, 0x07E0, 0x07E0,
    0x07E0, 0x07E0, 0x07E0, 0x07E0, 0x07E0, 0x07E0, 0x07E0, 0x07E0, 0x07E0, 0x07E0, 0x07E0, 0x07E0,
    0x3165, 0x3165, 0x3165, 0x3165, 0x3165, 0x3165, 0x3165, 0x3165, 0x3165, 0x07E0, 0x07E0, 0x07E0,
    0x07E0, 0x07E0, 0x07E0, 0x07E0, 0x07E0, 0x07E0, 0x07E0, 0x07E0, 0x07E0, 0x07E0, 0x07E0, 0x07E0,
    0x07E0, 0x07E0, 0x07E0, 0x07E0, 0x07E0, 0x07E0, 0x07E0, 0x07E0, 0x07E0, 0x07E0, 0x07E0, 0x07E0,
    0x07E0, 0x07E0, 0x07E0, 0x07E0, 0x07E0, 0x07E0, 0x07E0, 0x07E0, 0x07E0, 0x07E0, 0x07E0, 0x07E0,
    0x07E0, 0x07E0, 0x07E0, 0x07E0, 0x07E0, 0x07E0, 0x07E0, 0x07E0, 0x07E0, 0x07E0, 0x07E0, 0x07E0,
    0x07E0, 0x07E0, 0x07E0, 0x07E0, 0x07E0, 0x07E0, 0x07E0, 0x07E0, 0x07E0, 0x07E0, 0x07E0, 0x07E0,
    0x07E0, 0x07E0, 0x07E0, 0x07E0, 0x07E0, 0x07E0, 0x07E0, 0x07E0, 0x07E0, 0x07E0, 0x07E0, 0x07E0,
    0x07E0, 0x07E0, 0x07E0, 0x07E0, 0x07E0, 0x07E0, 0x07E0, 0x07E0, 0x07E0, 0x07E0, 0x07E0, 0x07E0,
    0x07E0, 0x07E0, 0x07E0, 0x07E0, 0x07E0, 0x07E0, 0x07E0, 0x07E0, 0x07E0, 0x07E0, 0x07E0, 0x07E0,
    0x07E0, 0x07E0, 0x07E0, 0x07E0, 0x07E0, 0x07E0, 0x07E0, 0x07E0, 0x07E0, 0x07E0, 0x07E0, 0x07E0,
    0x07E0, 0x07E0, 0x07E0, 0x07E0, 0x07E0, 0x07E0, 0x07E0, 0x07E0, 0x07E0, 0x07E0, 0x07E0, 0x07E0,
    0x07E0, 0x07E0, 0x07E0, 0x07E0, 0x07E0, 0x07E0, 0x07E0, 0x07E0, 0x07E0, 0x07E0, 0x07E0, 0x07E0,
    0x07E0, 0x07E0, 0x07E0, 0x07E0, 0x07E0, 0x07E0, 0x07E0, 0x07E0, 0x07E0, 0x07E0, 0x07E0, 0x07E0,
    0x07E0, 0x07E0, 0x07E0, 0x07E0, 0x07E0, 0x07E0, 0x07E0, 0x07E0, 0x07E0, 0x07E0, 0x07E0, 0x07E0,
    0x07E0, 0x07E0, 0x07E0, 0x07E0, 0x07E0, 0x07E0, 0x07E0, 0x07E0, 0x07E0, 0x07E0, 0x07E0, 0x07E0,
    0x07E0, 0x07E0, 0x07E0, 0x07E0, 0x07E0, 0x07E0, 0x07E0, 0x07E0, 0x07E0, 0x07E0, 0x07E0, 0x07E0,
    0x07E0, 0x07E0, 0x07E0, 0x07E0, 0x07E0, 0x07E0, 0x07E0, 0x07E0, 0x07E0, 0x07E0, 0x07E0, 0x07E0,
    0x07E0, 0x07E0, 0x07E0, 0x07E0, 0x07E0, 0x07E0, 0x07E0, 0x07E0, 0x07E0, 0x07E0, 0x07E0, 0x07E0,
    0x07E0, 0x07E0, 0x07E0, 0x07E0, 0x07E0, 0x07E0, 0x07E0, 0x07E0, 0x07E0, 0x07E0, 0x07E0, 0x07E0,
    0x07E0, 0x07E0, 0x07E0, 0x07E0, 0x07E0, 0x07E0, 0x07E0, 0x07E0, 0x07E0, 0x07E0, 0x07E0, 0x07E0,
    0x07E0, 0x07E0, 0x07E0, 0x07E0, 0x07E0, 0x07E0, 0x07E0, 0x07E0, 0x07E0, 0x07E0, 0x07E0, 0x07E0,
    0x07E0, 0x07E0, 0x07E0, 0x07E0, 0x07E0, 0x07E0, 0x07E0, 0x07E0, 0x07E0, 0x07E0, 0x07E0, 0x07E0,
    0x07E0, 0x07E0, 0x07E0, 0x07E0, 0x07E0, 0x07E0, 0x07E0, 0x07E0, 0x07E0, 0x07E0, 0x07E0, 0x07E0,
    0x07E0, 0x07E0, 0x07E0, 0x07E0, 0x07E0, 0x07E0, 0x07E0, 0x07E0, 0x07E0, 0x07E0, 0x07E0, 0x07E0,
    0x07E0, 0x07E0, 0x07E0, 0x07E0, 0x07E0, 0x07E0, 0x07E0, 0x07E0, 0x07E0, 0x07E0, 0x07E0, 0x07E0,
    0x07E0, 0x07E0, 0x07E0, 0x07E0, 0x07E0, 0x07E0, 0x07E0, 0x07E0, 0x07E0, 0x07E0, 0x07E0, 0x07E0,
    0x07E0, 0x07E0, 0x07E0, 0x07E0, 0x07E0, 0x07E0, 0x07E0, 0x07E0, 0x07E0, 0x07E0, 0x07E0, 0x07E0,
    0x07E0, 0x07E0, 0x07E0, 0x07E0, 0x07E0, 0x07E0, 0x07E0, 0x07E0, 0x07E0, 0x07E0, 0x07E0, 0x07E0,
    0x07E0, 0x07E0, 0x07E0, 0x07E0, 0x07E0, 0x07E0, 0x07E0, 0x07E0, 0x07E0, 0x07E0, 0x07E0, 0x07E0,
    0x07E0, 0x07E0, 0x07E0, 0x07E0, 0x07E0, 0x07E0, 0x07E0, 0x07E0, 0x07E0, 0x07E0, 0x07E0, 0x07E0,
    0x07E0, 0x07E0, 0x07E0, 0x07E0, 0x07E0, 0x07E0, 0x07E0, 0x07E0, 0x07E0, 0x07E0, 0x07E0, 0x07E0,
    0x07E0, 0x07E0, 0x07E0, 0x07E0, 0x07E0, 0x07E0, 0x07E0, 0x07E0, 0x07E0, 0x07E0, 0x07E0, 0x07E0,
    0x07E0, 0x07E0, 0x07E0, 0x07E0, 0x07E0, 0x07E0, 0x07E0, 0x07E0, 0x07E0, 0x07E0, 0x07E0, 0x07E0,
    0x07E0, 0x07E0, 0x07E0, 0x07E0, 0x07E0, 0x07E0, 0x07E0, 0x07E0, 0x07E0, 0x07E0, 0x07E0, 0x07E0,
    0x07E0, 0x07E0, 0x07E0, 0x07E0, 0x07E0, 0x07E0, 0x07E0, 0x07E0, 0x07E0, 0x07E0, 0x07E0, 0x07E0,
    0x07E0, 0x07E0, 0x07E0, 0x07E0, 0x07E0, 0x07E0, 0x07E0, 0x07E0, 0x07E0, 0x07E0, 0x07E0, 0x07E0,
    0x07E0, 0x07E0, 0x07E0, 0x07E0, 0x07E0, 0x07E0, 0x07E0, 0x07E0, 0x07E0, 0x07E0, 0x07E0, 0x07E0,
    0x07E0, 0x07E0, 0x07E0, 0x07E0, 0x07E0, 0x07E0, 0x07E0, 0x07E0, 0x07E0, 0x07E0, 0x07E0, 0x07E0,
    0x07E0, 0x07E0, 0x07E0, 0x07E0, 0x07E0, 0x07E0, 0x07E0, 0x07E0, 0x07E0, 0x07E0, 0x07E0, 0x07E0,
    0x07E0, 0x07E0, 0x07E0, 0x07E0, 0x07E0, 0x07E0, 0x07E0, 0x07E0, 0x07E0, 0x07E0, 0x07E0, 0x07E0,
    0x07E0, 0x07E0, 0x07E0, 0x07E0, 0x07E0, 0x07E0, 0x07E0, 0x07E0, 0x07E0, 0x07E0, 0x07E0, 0x07E0,
    0x07E0, 0x07E0, 0x07E0, 0x07E0, 0x07E0, 0x07E0, 0x07E0, 0x07E0, 0x07E0, 0x07E0, 0x07E0, 0x07E0,
    0x07E0, 0x07E0, 0x07E0, 0x07E0, 0x07E0, 0x07E0, 0x07E0, 0x07E0, 0x07E0, 0x07E0, 0x07E0, 0x07E0,
    0x07E0, 0x07E0, 0x07E0, 0x07E0, 0x07E0, 0x07E0, 0x07E0, 0x07E0, 0x07E0, 0x07E0, 0x07E0, 0x07E0,
    0x07E0, 0x07E0, 0x07E0, 0x07E0, 0x07E0, 0x07E0, 0x07E0, 0x07E0, 0x07E0, 0x07E0, 0x07E0, 0x07E0,
    0x07E0, 0x07E0, 0x07E0, 0x07E0, 0x07E0, 0x07E0, 0x07E0, 0x07E0, 0x07E0, 0x07E0, 0x07E0, 0x07E0,
    0x07E0, 0x07E0, 0x07E0, 0x07E0,
};

/* Timeline frame 2 */
static const uint16_t broken_coffin_frame_2[] = {
    0x07E0, 0x07E0, 0x07E0, 0x07E0, 0x07E0, 0x07E0, 0x07E0, 0x07E0, 0x07E0, 0x07E0, 0x07E0, 0x07E0,
    0x07E0, 0x07E0, 0x07E0, 0x07E0, 0x07E0, 0x07E0, 0x07E0, 0x07E0, 0x07E0, 0x07E0, 0x07E0, 0x07E0,
    0x07E0, 0x07E0, 0x07E0, 0x07E0, 0x07E0, 0x07E0, 0x07E0, 0x07E0, 0x07E0, 0x07E0, 0x07E0, 0x07E0,
    0x07E0, 0x07E0, 0x07E0, 0x07E0, 0x07E0, 0x07E0, 0x07E0, 0x07E0, 0x07E0, 0x07E0, 0x07E0, 0x07E0,
    0x07E0, 0x07E0, 0x07E0, 0x07E0, 0x07E0, 0x07E0, 0x07E0, 0x07E0, 0x07E0, 0x07E0, 0x07E0, 0x07E0,
    0x07E0, 0x07E0, 0x07E0, 0x07E0, 0x07E0, 0x07E0, 0x07E0, 0x07E0, 0x07E0, 0x07E0, 0x07E0, 0x07E0,
    0x07E0, 0x07E0, 0x07E0, 0x07E0, 0x07E0, 0x07E0, 0x07E0, 0x07E0, 0x07E0, 0x07E0, 0x07E0, 0x07E0,
    0x07E0, 0x07E0, 0x07E0, 0x30E1, 0x07E0, 0x07E0, 0x07E0, 0x07E0, 0x07E0, 0x07E0, 0x07E0, 0x07E0,
    0x07E0, 0x07E0, 0x07E0, 0x07E0, 0x07E0, 0x07E0, 0x07E0, 0x07E0, 0x07E0, 0x07E0, 0x07E0, 0x07E0,
    0x07E0, 0x07E0, 0x07E0, 0x07E0, 0x07E0, 0x07E0, 0x07E0, 0x07E0, 0x07E0, 0x07E0, 0x07E0, 0x07E0,
    0x07E0, 0x07E0, 0x07E0, 0x07E0, 0x07E0, 0x07E0, 0x07E0, 0x07E0, 0x07E0, 0x07E0, 0x07E0, 0x07E0,
    0x07E0, 0x07E0, 0x07E0, 0x07E0, 0x07E0, 0x07E0, 0x07E0, 0x07E0, 0x07E0, 0x07E0, 0x07E0, 0x07E0,
    0x07E0, 0x07E0, 0x07E0, 0x07E0, 0x07E0, 0x07E0, 0x07E0, 0x30E1, 0x07E0, 0x07E0, 0x07E0, 0x07E0,
    0x07E0, 0x07E0, 0x07E0, 0x07E0, 0x07E0, 0x07E0, 0x07E0, 0x07E0, 0x07E0, 0x07E0, 0x07E0, 0x07E0,
    0x07E0, 0x07E0, 0x07E0, 0x07E0, 0x07E0, 0x07E0, 0x07E0, 0x07E0, 0x07E0, 0x07E0, 0x07E0, 0x07E0,
    0x07E0, 0x07E0, 0x07E0, 0x07E0, 0x07E0, 0x07E0, 0x07E0, 0x07E0, 0x07E0, 0x07E0, 0x07E0, 0x07E0,
    0x07E0, 0x07E0, 0x07E0, 0x07E0, 0x07E0, 0x07E0, 0x07E0, 0x07E0, 0x07E0, 0x07E0, 0x07E0, 0x07E0,
    0x07E0, 0x07E0, 0x07E0, 0x07E0, 0x07E0, 0x07E0, 0x07E0, 0x07E0, 0x07E0, 0x07E0, 0x07E0, 0x07E0,
    0x6AC9, 0x07E0, 0x07E0, 0x07E0, 0x07E0, 0x07E0, 0x07E0, 0x07E0, 0x07E0, 0x07E0, 0x07E0, 0x07E0,
    0x07E0, 0x07E0, 0x07E0, 0x07E0, 0x07E0, 0x07E0, 0x07E0, 0x07E0, 0x07E0, 0x07E0, 0x07E0, 0x07E0,
    0x07E0, 0x07E0, 0x07E0, 0x07E0, 0x07E0, 0x07E0, 0x07E0, 0x07E0, 0x07E0, 0x07E0, 0x07E0, 0x07E0,
    0x07E0, 0x07E0, 0x07E0, 0x07E0, 0x07E0, 0x07E0, 0x07E0, 0x07E0, 0x07E0, 0x07E0, 0x07E0, 0x07E0,
    0x07E0, 0x07E0, 0x07E0, 0x07E0, 0x07E0, 0x07E0, 0x07E0, 0x07E0, 0x07E0, 0x07E0, 0x07E0, 0x07E0,
    0x07E0, 0x07E0, 0x07E0, 0x07E0, 0x6AC9, 0x07E0, 0x07E0, 0x07E0, 0x07E0, 0x07E0, 0x07E0, 0x07E0,
    0x07E0, 0x07E0, 0x07E0, 0x07E0, 0x07E0, 0x07E0, 0x07E0, 0x07E0, 0x07E0, 0x07E0, 0x07E0, 0x07E0,
    0x07E0, 0x07E0, 0x07E0, 0x07E0, 0x07E0, 0x07E0, 0x07E0, 0x07E0, 0x07E0, 0x07E0, 0x07E0, 0x07E0,
    0x07E0, 0x07E0, 0x07E0, 0x07E0, 0x07E0, 0x07E0, 0x07E0, 0x07E0, 0x07E0, 0x07E0, 0x07E0, 0x07E0,
    0x07E0, 0x07E0, 0x07E0, 0x07E0, 0x07E0, 0x07E0, 0x07E0, 0x07E0, 0x07E0, 0x07E0, 0x07E0, 0x07E0,
    0x07E0, 0x07E0, 0x07E0, 0x07E0, 0x07E0, 0x07E0, 0x07E0, 0x30E1, 0x07E0, 0x07E0, 0x07E0, 0x07E0,
    0x07E0, 0x07E0, 0x07E0, 0x07E0, 0x07E0, 0x07E0, 0x07E0, 0x07E0, 0x07E0, 0x07E0, 0x07E0, 0x07E0,
    0x07E0, 0x07E0, 0x07E0, 0x07E0, 0x07E0, 0x07E0, 0x07E0, 0x07E0, 0x07E0, 0x07E0, 0x07E0, 0x07E0,
    0x07E0, 0x07E0, 0x07E0, 0x07E0, 0x07E0, 0x07E0, 0x07E0, 0x07E0, 0x07E0, 0x07E0, 0x07E0, 0x07E0,
    0x07E0, 0x07E0, 0x07E0, 0x07E0, 0x07E0, 0x07E0, 0x07E0, 0x07E0, 0x07E0, 0x07E0, 0x07E0, 0x07E0,
    0x07E0, 0x07E0, 0x07E0, 0x07E0, 0x07E0, 0x07E0, 0x07E0, 0x07E0, 0x07E0, 0x07E0, 0x07E0, 0x30E1,
    0x07E0, 0x07E0, 0x07E0, 0x07E0, 0x07E0, 0x07E0, 0x07E0, 0x07E0, 0x07E0, 0x07E0, 0x07E0, 0x07E0,
    0x07E0, 0x07E0, 0x07E0, 0x07E0, 0x07E0, 0x07E0, 0x07E0, 0x07E0, 0x07E0, 0x07E0, 0x07E0, 0x07E0,
    0x07E0, 0x07E0, 0x07E0, 0x07E0, 0x07E0, 0x07E0, 0x07E0, 0x07E0, 0x07E0, 0x07E0, 0x07E0, 0x07E0,
    0x07E0, 0x07E0, 0x07E0, 0x07E0, 0x07E0, 0x07E0, 0x07E0, 0x07E0, 0x07E0, 0x07E0, 0x07E0, 0x07E0,
    0x07E0, 0x07E0, 0x07E0, 0x07E0, 0x07E0, 0x07E0, 0x07E0, 0x07E0, 0x07E0, 0x07E0, 0x07E0, 0x07E0,
    0x07E0, 0x07E0, 0x07E0, 0x07E0, 0x6AC9, 0x07E0, 0x07E0, 0x07E0, 0x07E0, 0x07E0, 0x07E0, 0x07E0,
    0x07E0, 0x07E0, 0x07E0, 0x07E0, 0x07E0, 0x07E0, 0x07E0, 0x07E0, 0x07E0, 0x07E0, 0x07E0, 0x07E0,
    0x07E0, 0x07E0, 0x07E0, 0x07E0, 0x07E0, 0x07E0, 0x07E0, 0x07E0, 0x07E0, 0x07E0, 0x07E0, 0x07E0,
    0x07E0, 0x07E0, 0x07E0, 0x07E0, 0x07E0, 0x07E0, 0x07E0, 0x07E0, 0x07E0, 0x07E0, 0x07E0, 0x07E0,
    0x07E0, 0x07E0, 0x07E0, 0x07E0, 0x07E0, 0x07E0, 0x07E0, 0x07E0, 0x07E0, 0x07E0, 0x07E0, 0x07E0,
    0x07E0, 0x07E0, 0x07E0, 0x07E0, 0x07E0, 0x07E0, 0x07E0, 0x07E0, 0x6AC9, 0x07E0, 0x07E0, 0x07E0,
    0x07E0, 0x07E0, 0x07E0, 0x07E0, 0x07E0, 0x07E0, 0x07E0, 0x07E0, 0x07E0, 0x07E0, 0x07E0, 0x07E0,
    0x07E0, 0x07E0, 0x07E0, 0x07E0, 0x07E0, 0x07E0, 0x07E0, 0x07E0, 0x07E0, 0x07E0, 0x07E0, 0x07E0,
    0x07E0, 0x07E0, 0x07E0, 0x07E0, 0x07E0, 0x07E0, 0x07E0, 0x07E0, 0x07E0, 0x07E0, 0x07E0, 0x07E0,
    0x07E0, 0x07E0, 0x07E0, 0x07E0, 0x07E0, 0x07E0, 0x07E0, 0x07E0, 0x07E0, 0x07E0, 0x07E0, 0x07E0,
    0x07E0, 0x07E0, 0x07E0, 0x07E0, 0x07E0, 0x07E0, 0x07E0, 0x07E0, 0x07E0, 0x07E0, 0x07E0, 0x30E1,
    0x07E0, 0x07E0, 0x07E0, 0x07E0, 0x07E0, 0x07E0, 0x07E0, 0x07E0, 0x07E0, 0x07E0, 0x07E0, 0x07E0,
    0x07E0, 0x07E0, 0x07E0, 0x07E0, 0x07E0, 0x07E0, 0x07E0, 0x07E0, 0x07E0, 0x07E0, 0x07E0, 0x07E0,
    0x07E0, 0x07E0, 0x07E0, 0x07E0, 0x07E0, 0x07E0, 0x07E0, 0x07E0, 0x07E0, 0x07E0, 0x07E0, 0x07E0,
    0x07E0, 0x07E0, 0x07E0, 0x07E0, 0x07E0, 0x07E0, 0x07E0, 0x07E0, 0x07E0, 0x07E0, 0x07E0, 0x07E0,
    0x07E0, 0x07E0, 0x07E0, 0x07E0, 0x07E0, 0x07E0, 0x07E0, 0x07E0, 0x07E0, 0x07E0, 0x07E0, 0x07E0,
    0x07E0, 0x07E0, 0x07E0, 0x30E1, 0x07E0, 0x07E0, 0x07E0, 0x07E0, 0x07E0, 0x07E0, 0x07E0, 0x07E0,
    0x07E0, 0x07E0, 0x07E0, 0x07E0, 0x07E0, 0x07E0, 0x07E0, 0x07E0, 0x07E0, 0x07E0, 0x07E0, 0x07E0,
    0x07E0, 0x07E0, 0x07E0, 0x07E0, 0x07E0, 0x07E0, 0x07E0, 0x07E0, 0x07E0, 0x07E0, 0x07E0, 0x07E0,
    0x07E0, 0x07E0, 0x07E0, 0x07E0, 0x07E0, 0x07E0, 0x07E0, 0x07E0, 0x07E0, 0x07E0, 0x07E0, 0x07E0,
    0x07E0, 0x07E0, 0x07E0, 0x07E0, 0x07E0, 0x07E0, 0x07E0, 0x07E0, 0x07E0, 0x07E0, 0x07E0, 0x07E0,
    0x07E0, 0x07E0, 0x07E0, 0x07E0, 0x07E0, 0x07E0, 0x07E0, 0x07E0, 0x6AC9, 0x07E0, 0x07E0, 0x07E0,
    0x07E0, 0x07E0, 0x07E0, 0x07E0, 0x07E0, 0x07E0, 0x07E0, 0x07E0, 0x07E0, 0x07E0, 0x07E0, 0x07E0,
    0x07E0, 0x07E0, 0x07E0, 0x07E0, 0x07E0, 0x07E0, 0x07E0, 0x07E0, 0x07E0, 0x07E0, 0x07E0, 0x07E0,
    0x07E0, 0x07E0, 0x07E0, 0x07E0, 0x07E0, 0x07E0, 0x07E0, 0x07E0, 0x07E0, 0x07E0, 0x07E0, 0x07E0,
    0x07E0, 0x07E0, 0x07E0, 0x07E0, 0x07E0, 0x07E0, 0x07E0, 0x07E0, 0x07E0, 0x07E0, 0x07E0, 0x07E0,
    0x07E0, 0x07E0, 0x07E0, 0x07E0, 0x07E0, 0x07E0, 0x07E0, 0x07E0, 0x07E0, 0x07E0, 0x07E0, 0x07E0,
    0x6AC9, 0x07E0, 0x07E0, 0x07E0, 0x07E0, 0x07E0, 0x07E0, 0x07E0, 0x07E0, 0x07E0, 0x07E0, 0x07E0,
    0x07E0, 0x07E0, 0x07E0, 0x07E0, 0x07E0, 0x07E0, 0x07E0, 0x07E0, 0x07E0, 0x07E0, 0x07E0, 0x07E0,
    0x07E0, 0x07E0, 0x07E0, 0x07E0, 0x07E0, 0x07E0, 0x07E0, 0x07E0, 0x07E0, 0x07E0, 0x07E0, 0x07E0,
    0x07E0, 0x07E0, 0x07E0, 0x07E0, 0x07E0, 0x07E0, 0x07E0, 0x07E0, 0x07E0, 0x07E0, 0x07E0, 0x07E0,
    0x07E0, 0x07E0, 0x07E0, 0x07E0, 0x07E0, 0x07E0, 0x07E0, 0x07E0, 0x07E0, 0x07E0, 0x07E0, 0x07E0,
    0x07E0, 0x07E0, 0x07E0, 0x30E1, 0x07E0, 0x07E0, 0x07E0, 0x07E0, 0x07E0, 0x07E0, 0x07E0, 0x07E0,
    0x07E0, 0x07E0, 0x07E0, 0x07E0, 0x07E0, 0x07E0, 0x07E0, 0x07E0, 0x07E0, 0x07E0, 0x07E0, 0x07E0,
    0x07E0, 0x07E0, 0x07E0, 0x07E0, 0x07E0, 0x07E0, 0x07E0, 0x07E0, 0x07E0, 0x07E0, 0x07E0, 0x07E0,
    0x07E0, 0x07E0, 0x07E0, 0x07E0, 0x07E0, 0x07E0, 0x07E0, 0x07E0, 0x07E0, 0x07E0, 0x07E0, 0x07E0,
    0x07E0, 0x07E0, 0x07E0, 0x07E0, 0x07E0, 0x07E0, 0x07E0, 0x07E0, 0x07E0, 0x07E0, 0x07E0, 0x07E0,
    0x07E0, 0x07E0, 0x07E0, 0x07E0, 0x07E0, 0x07E0, 0x07E0, 0x30E1, 0x07E0, 0x07E0, 0x07E0, 0x07E0,
    0x07E0, 0x07E0, 0x07E0, 0x07E0, 0x07E0, 0x07E0, 0x07E0, 0x07E0, 0x07E0, 0x07E0, 0x07E0, 0x07E0,
    0x07E0, 0x07E0, 0x07E0, 0x07E0, 0x07E0, 0x07E0, 0x07E0, 0x07E0, 0x07E0, 0x07E0, 0x07E0, 0x07E0,
    0x07E0, 0x07E0, 0x07E0, 0x07E0, 0x07E0, 0x07E0, 0x07E0, 0x07E0, 0x07E0, 0x07E0, 0x07E0, 0x07E0,
    0x07E0, 0x07E0, 0x07E0, 0x07E0, 0x07E0, 0x07E0, 0x07E0, 0x07E0, 0x07E0, 0x07E0, 0x07E0, 0x07E0,
    0x07E0, 0x07E0, 0x07E0, 0x07E0, 0x07E0, 0x07E0, 0x07E0, 0x07E0, 0x07E0, 0x07E0, 0x07E0, 0x07E0,
    0x6AC9, 0x07E0, 0x07E0, 0x07E0, 0x07E0, 0x07E0, 0x07E0, 0x07E0, 0x07E0, 0x07E0, 0x07E0, 0x07E0,
    0x07E0, 0x07E0, 0x07E0, 0x07E0, 0x07E0, 0x07E0, 0x07E0, 0x07E0, 0x07E0, 0x07E0, 0x07E0, 0x07E0,
    0x07E0, 0x07E0, 0x07E0, 0x07E0, 0x07E0, 0x07E0, 0x07E0, 0x07E0, 0x07E0, 0x07E0, 0x07E0, 0x07E0,
    0x07E0, 0x07E0, 0x07E0, 0x07E0, 0x07E0, 0x07E0, 0x07E0, 0x07E0, 0x07E0, 0x07E0, 0x07E0, 0x07E0,
    0x07E0, 0x07E0, 0x07E0, 0x07E0, 0x07E0, 0x07E0, 0x07E0, 0x07E0, 0x07E0, 0x07E0, 0x07E0, 0x07E0,
    0x07E0, 0x07E0, 0x07E0, 0x30E1, 0x07E0, 0x07E0, 0x07E0, 0x07E0, 0x07E0, 0x07E0, 0x07E0, 0x07E0,
    0x07E0, 0x07E0, 0x07E0, 0x07E0, 0x07E0, 0x07E0, 0x07E0, 0x07E0, 0x07E0, 0x07E0, 0x07E0, 0x07E0,
    0x07E0, 0x07E0, 0x07E0, 0x07E0, 0x07E0, 0x07E0, 0x07E0, 0x07E0, 0x07E0, 0x07E0, 0x07E0, 0x07E0,
    0x07E0, 0x07E0, 0x07E0, 0x07E0, 0x07E0, 0x07E0, 0x07E0, 0x07E0, 0x07E0, 0x07E0, 0x07E0, 0x07E0,
    0x07E0, 0x07E0, 0x07E0, 0x07E0, 0x07E0, 0x07E0, 0x07E0, 0x07E0, 0x07E0, 0x07E0, 0x07E0, 0x07E0,
    0x07E0, 0x07E0, 0x07E0, 0x07E0, 0x07E0, 0x07E0, 0x07E0, 0x3165, 0x3165, 0x3165, 0x07E0, 0x07E0,
    0x07E0, 0x07E0, 0x07E0, 0x07E0, 0x07E0, 0x07E0, 0x07E0, 0x07E0, 0x07E0, 0x07E0, 0x07E0, 0x07E0,
    0x07E0, 0x07E0, 0x07E0, 0x07E0, 0x07E0, 0x07E0, 0x07E0, 0x07E0, 0x07E0, 0x07E0, 0x07E0, 0x07E0,
    0x07E0, 0x07E0, 0x07E0, 0x07E0, 0x07E0, 0x07E0, 0x07E0, 0x07E0, 0x07E0, 0x07E0, 0x07E0, 0x07E0,
    0x07E0, 0x07E0, 0x07E0, 0x07E0, 0x07E0, 0x07E0, 0x07E0, 0x07E0, 0x07E0, 0x07E0, 0x07E0, 0x07E0,
    0x07E0, 0x07E0, 0x07E0, 0x07E0, 0x07E0, 0x07E0, 0x07E0, 0x07E0, 0x07E0, 0x3165, 0x3165, 0x5AAA,
    0x5269, 0x4A08, 0x3165, 0x3165, 0x07E0, 0x07E0, 0x07E0, 0x07E0, 0x07E0, 0x07E0, 0x07E0, 0x07E0,
    0x07E0, 0x07E0, 0x07E0, 0x07E0, 0x07E0, 0x07E0, 0x07E0, 0x07E0, 0x07E0, 0x07E0, 0x07E0, 0x07E0,
    0x07E0, 0x07E0, 0x07E0, 0x07E0, 0x07E0, 0x07E0, 0x07E0, 0x07E0, 0x07E0, 0x07E0, 0x07E0, 0x07E0,
    0x07E0, 0x07E0, 0x07E0, 0x07E0, 0x07E0, 0x07E0, 0x07E0, 0x07E0, 0x07E0, 0x07E0, 0x07E0, 0x07E0,
    0x07E0, 0x07E0, 0x07E0, 0x07E0, 0x07E0, 0x07E0, 0x07E0, 0x07E0, 0x07E0, 0x07E0, 0x07E0, 0x3165,
    0x3165, 0x5AAA, 0x5AAA, 0x5269, 0x4A08, 0x28C3, 0x4208, 0x5AAA, 0x3165, 0x3165, 0x07E0, 0x07E0,
    0x07E0, 0x07E0, 0x07E0, 0x07E0, 0x07E0, 0x07E0, 0x07E0, 0x07E0, 0x07E0, 0x07E0, 0x07E0, 0x07E0,
    0x07E0, 0x07E0, 0x07E0, 0x07E0, 0x07E0, 0x07E0, 0x07E0, 0x07E0, 0x07E0, 0x07E0, 0x07E0, 0x07E0,
    0x07E0, 0x07E0, 0x07E0, 0x07E0, 0x07E0, 0x07E0, 0x07E0, 0x07E0, 0x07E0, 0x07E0, 0x07E0, 0x07E0,
    0x07E0, 0x07E0, 0x07E0, 0x07E0, 0x07E0, 0x07E0, 0x07E0, 0x07E0, 0x07E0, 0x07E0, 0x07E0, 0x07E0,
    0x07E0, 0x3165, 0x3165, 0x5AAA, 0x5AAA, 0x5AAA, 0x5AAA, 0x5AAA, 0x5269, 0x4A08, 0x28C3, 0x28C3,
    0x4208, 0x5AAA, 0x3165, 0x3165, 0x07E0, 0x07E0, 0x07E0, 0x07E0, 0x07E0, 0x07E0, 0x07E0, 0x07E0,
    0x07E0, 0x07E0, 0x07E0, 0x07E0, 0x07E0, 0x07E0, 0x07E0, 0x07E0, 0x07E0, 0x07E0, 0x07E0, 0x07E0,
    0x07E0, 0x07E0, 0x07E0, 0x07E0, 0x07E0, 0x07E0, 0x07E0, 0x07E0, 0x07E0, 0x07E0, 0x07E0, 0x07E0,
    0x07E0, 0x07E0, 0x07E0, 0x07E0, 0x07E0, 0x07E0, 0x07E0, 0x07E0, 0x07E0, 0x07E0, 0x07E0, 0x07E0,
    0x07E0, 0x07E0, 0x07E0, 0x07E0, 0x3165, 0x5AAA, 0x5AAA, 0x5AAA, 0x5AAA, 0x5AAA, 0x5AAA, 0x5AAA,
    0x5AAA, 0x5269, 0x4A08, 0x4A08, 0x28C3, 0x28C3, 0x4208, 0x5AAA, 0x3165, 0x07E0, 0x07E0, 0x07E0,
    0x07E0, 0x07E0, 0x07E0, 0x07E0, 0x07E0, 0x07E0, 0x07E0, 0x07E0, 0x07E0, 0x07E0, 0x07E0, 0x07E0,
    0x07E0, 0x07E0, 0x07E0, 0x07E0, 0x07E0, 0x07E0, 0x07E0, 0x07E0, 0x07E0, 0x07E0, 0x07E0, 0x07E0,
    0x07E0, 0x07E0, 0x07E0, 0x07E0, 0x07E0, 0x07E0, 0x07E0, 0x07E0, 0x07E0, 0x07E0, 0x07E0, 0x07E0,
    0x07E0, 0x07E0, 0x07E0, 0x07E0, 0x07E0, 0x07E0, 0x07E0, 0x3165, 0x5269, 0x5269, 0x5269, 0x5AAA,
    0x5AAA, 0x5AAA, 0x5AAA, 0x5AAA, 0x5AAA, 0x5AAA, 0x5269, 0x5269, 0x4A08, 0x4A08, 0x28C3, 0x4A08,
    0x5269, 0x3165, 0x07E0, 0x07E0, 0x07E0, 0x07E0, 0x07E0, 0x07E0, 0x07E0, 0x07E0, 0x07E0, 0x07E0,
    0x07E0, 0x07E0, 0x07E0, 0x07E0, 0x07E0, 0x07E0, 0x07E0, 0x07E0, 0x07E0, 0x07E0, 0x07E0, 0x07E0,
    0x07E0, 0x07E0, 0x07E0, 0x07E0, 0x07E0, 0x07E0, 0x07E0, 0x07E0, 0x07E0, 0x07E0, 0x07E0, 0x07E0,
    0x07E0, 0x07E0, 0x07E0, 0x07E0, 0x07E0, 0x07E0, 0x07E0, 0x07E0, 0x07E0, 0x07E0, 0x3165, 0x5269,
    0x4A08, 0x5269, 0x5AAA, 0x5AAA, 0x5AAA, 0x5AAA, 0x5AAA, 0x5AAA, 0x5AAA, 0x5AAA, 0x5AAA, 0x5AAA,
    0x5269, 0x5269, 0x4A08, 0x5AAA, 0x4A08, 0x5269, 0x3165, 0x07E0, 0x07E0, 0x07E0, 0x07E0, 0x07E0,
    0x07E0, 0x07E0, 0x07E0, 0x07E0, 0x07E0, 0x07E0, 0x07E0, 0x07E0, 0x07E0, 0x07E0, 0x07E0, 0x07E0,
    0x07E0, 0x07E0, 0x07E0, 0x07E0, 0x07E0, 0x07E0, 0x07E0, 0x07E0, 0x07E0, 0x07E0, 0x07E0, 0x07E0,
    0x07E0, 0x07E0, 0x07E0, 0x07E0, 0x07E0, 0x07E0, 0x07E0, 0x07E0, 0x07E0, 0x07E0, 0x07E0, 0x07E0,
    0x07E0, 0x3165, 0x5249, 0x4A08, 0x28C3, 0x4A08, 0x5269, 0x5AAA, 0x5AAA, 0x5AAA, 0x5AAA, 0x5AAA,
    0x5AAA, 0x5AAA, 0x5AAA, 0x5AAA, 0x5AAA, 0x5AAA, 0x5269, 0x4A08, 0x28C3, 0x4A08, 0x5269, 0x3165,
    0x07E0, 0x07E0, 0x07E0, 0x07E0, 0x07E0, 0x07E0, 0x07E0, 0x07E0, 0x07E0, 0x07E0, 0x07E0, 0x07E0,
    0x07E0, 0x07E0, 0x07E0, 0x07E0, 0x07E0, 0x07E0, 0x07E0, 0x07E0, 0x07E0, 0x07E0, 0x07E0, 0x07E0,
    0x07E0, 0x07E0, 0x07E0, 0x07E0, 0x07E0, 0x07E0, 0x07E0, 0x07E0, 0x07E0, 0x07E0, 0x07E0, 0x07E0,
    0x07E0, 0x07E0, 0x07E0, 0x07E0, 0x07E0, 0x3165, 0x5249, 0x4A08, 0x28C3, 0x4A08, 0x5269, 0x5AAA,
    0x5AAA, 0x5AAA, 0x5AAA, 0x5AAA, 0x5AAA, 0x5AAA, 0x5AAA, 0x5AAA, 0x5AAA, 0x5AAA, 0x5269, 0x4A08,
    0x28C3, 0x4A08, 0x5249, 0x3165, 0x07E0, 0x07E0, 0x07E0, 0x07E0, 0x07E0, 0x07E0, 0x07E0, 0x07E0,
    0x07E0, 0x07E0, 0x07E0, 0x07E0, 0x07E0, 0x07E0, 0x07E0, 0x07E0, 0x07E0, 0x07E0, 0x07E0, 0x07E0,
    0x07E0, 0x07E0, 0x07E0, 0x07E0, 0x07E0, 0x07E0, 0x07E0, 0x07E0, 0x07E0, 0x07E0, 0x07E0, 0x07E0,
    0x07E0, 0x07E0, 0x07E0, 0x07E0, 0x07E0, 0x07E0, 0x07E0, 0x07E0, 0x3165, 0x5249, 0x4A08, 0x28C3,
    0x4A08, 0x5269, 0x5AAA, 0x5AAA, 0x5AAA, 0x5AAA, 0x5AAA, 0x5AAA, 0x5AAA, 0x5AAA, 0x5AAA, 0x5AAA,
    0x5AAA, 0x5AAA, 0x528A, 0x5269, 0x4A08, 0x28C3, 0x4A08, 0x5249, 0x3165, 0x07E0, 0x07E0, 0x07E0,
    0x07E0, 0x07E0, 0x07E0, 0x07E0, 0x07E0, 0x07E0, 0x07E0, 0x07E0, 0x07E0, 0x07E0, 0x07E0, 0x07E0,
    0x07E0, 0x07E0, 0x07E0, 0x07E0, 0x07E0, 0x07E0, 0x07E0, 0x07E0, 0x07E0, 0x07E0, 0x07E0, 0x07E0,
    0x07E0, 0x07E0, 0x07E0, 0x07E0, 0x07E0, 0x07E0, 0x07E0, 0x07E0, 0x07E0, 0x07E0, 0x07E0, 0x07E0,
    0x3165, 0x5249, 0x4A08, 0x28C3, 0x4A08, 0x5269, 0x528A, 0x5AAA, 0x5AAA, 0x5AAA, 0x5AAA, 0x5AAA,
    0x5AAA, 0x5AAA, 0x5AAA, 0x5AAA, 0x5AAA, 0x5AAA, 0x528A, 0x5269, 0x4A08, 0x28C3, 0x4A08, 0x5249,
    0x3165, 0x07E0, 0x07E0, 0x07E0, 0x07E0, 0x07E0, 0x07E0, 0x07E0, 0x07E0, 0x07E0, 0x07E0, 0x07E0,
    0x07E0, 0x07E0, 0x07E0, 0x07E0, 0x07E0, 0x07E0, 0x07E0, 0x07E0, 0x07E0, 0x07E0, 0x07E0, 0x07E0,
    0x07E0, 0x07E0, 0x07E0, 0x07E0, 0x07E0, 0x07E0, 0x07E0, 0x07E0, 0x07E0, 0x07E0, 0x07E0, 0x07E0,
    0x07E0, 0x07E0, 0x07E0, 0x07E0, 0x3165, 0x5249, 0x4A08, 0x28C3, 0x4A08, 0x5269, 0x528A, 0x5AAA,
    0x5AAA, 0x5AAA, 0x5AAA, 0x5AAA, 0x5AAA, 0x5AAA, 0x5AAA, 0x5AAA, 0x5AAA, 0x528A, 0x528A, 0x5269,
    0x4A08, 0x28C3, 0x4A08, 0x5249, 0x3165, 0x07E0, 0x07E0, 0x07E0, 0x07E0, 0x07E0, 0x07E0, 0x07E0,
    0x07E0, 0x07E0, 0x07E0, 0x07E0, 0x07E0, 0x07E0, 0x07E0, 0x07E0, 0x07E0, 0x07E0, 0x07E0, 0x07E0,
    0x07E0, 0x07E0, 0x07E0, 0x07E0, 0x07E0, 0x07E0, 0x07E0, 0x07E0, 0x07E0, 0x07E0, 0x07E0, 0x07E0,
    0x07E0, 0x07E0, 0x07E0, 0x07E0, 0x07E0, 0x07E0, 0x07E0, 0x07E0, 0x3165, 0x5249, 0x4A08, 0x28C3,
    0x4A08, 0x5269, 0x528A, 0x528A, 0x5AAA, 0x5AAA, 0x5AAA, 0x5AAA, 0x5AAA, 0x5AAA, 0x5AAA, 0x5AAA,
    0x5AAA, 0x528A, 0x528A, 0x5269, 0x4A08, 0x28C3, 0x4A08, 0x5249, 0x3165, 0x07E0, 0x07E0, 0x07E0,
    0x07E0, 0x07E0, 0x07E0, 0x07E0, 0x07E0, 0x07E0, 0x07E0, 0x07E0, 0x07E0, 0x07E0, 0x07E0, 0x07E0,
    0x07E0, 0x07E0, 0x07E0, 0x07E0, 0x07E0, 0x07E0, 0x07E0, 0x07E0, 0x07E0, 0x07E0, 0x07E0, 0x07E0,
    0x07E0, 0x07E0, 0x07E0, 0x07E0, 0x07E0, 0x07E0, 0x07E0, 0x07E0, 0x07E0, 0x07E0, 0x07E0, 0x07E0,
    0x3165, 0x5249, 0x5249, 0x4A08, 0x28C3, 0x4A08, 0x5269, 0x528A, 0x5AAA, 0x5AAA, 0x5AAA, 0x5AAA,
    0x5AAA, 0x5AAA, 0x5AAA, 0x5AAA, 0x5AAA, 0x528A, 0x5269, 0x4A08, 0x28C3, 0x4A08, 0x5249, 0x5249,
    0x3165, 0x07E0, 0x07E0, 0x07E0, 0x07E0, 0x07E0, 0x07E0, 0x07E0, 0x07E0, 0x07E0, 0x07E0, 0x07E0,
    0x07E0, 0x07E0, 0x07E0, 0x07E0, 0x07E0, 0x07E0, 0x07E0, 0x07E0, 0x07E0, 0x07E0, 0x07E0, 0x07E0,
    0x07E0, 0x07E0, 0x07E0, 0x07E0, 0x07E0, 0x07E0, 0x07E0, 0x07E0, 0x07E0, 0x07E0, 0x07E0, 0x07E0,
    0x07E0, 0x07E0, 0x07E0, 0x07E0, 0x07E0, 0x3165, 0x5249, 0x4A08, 0x28C3, 0x4A08, 0x5269, 0x528A,
    0x528A, 0x5AAA, 0x5AAA, 0x5AAA, 0x5AAA, 0x5AAA, 0x5AAA, 0x528A, 0x528A, 0x5269, 0x5269, 0x4A08,
    0x28C3, 0x4A08, 0x5249, 0x3165, 0x07E0, 0x07E0, 0x07E0, 0x07E0, 0x07E0, 0x07E0, 0x07E0, 0x07E0,
    0x07E0, 0x07E0, 0x07E0, 0x07E0, 0x07E0, 0x07E0, 0x07E0, 0x07E0, 0x07E0, 0x07E0, 0x07E0, 0x07E0,
    0x07E0, 0x07E0, 0x07E0, 0x07E0, 0x07E0, 0x07E0, 0x07E0, 0x07E0, 0x07E0, 0x07E0, 0x07E0, 0x07E0,
    0x07E0, 0x07E0, 0x07E0, 0x07E0, 0x07E0, 0x07E0, 0x07E0, 0x07E0, 0x07E0, 0x3165, 0x5249, 0x5249,
    0x4A08, 0x28C3, 0x4A08, 0x5269, 0x528A, 0x5AAA, 0x5AAA, 0x5AAA, 0x5AAA, 0x5AAA, 0x5AAA, 0x528A,
    0x5AAA, 0x5269, 0x4A08, 0x28C3, 0x4A08, 0x5249, 0x5249, 0x3165, 0x07E0, 0x07E0, 0x07E0, 0x07E0,
    0x07E0, 0x07E0, 0x07E0, 0x07E0, 0x07E0, 0x07E0, 0x07E0, 0x07E0, 0x07E0, 0x07E0, 0x07E0, 0x07E0,
    0x07E0, 0x07E0, 0x07E0, 0x07E0, 0x07E0, 0x07E0, 0x07E0, 0x07E0, 0x07E0, 0x07E0, 0x07E0, 0x07E0,
    0x07E0, 0x07E0, 0x07E0, 0x07E0, 0x07E0, 0x07E0, 0x07E0, 0x07E0, 0x07E0, 0x07E0, 0x07E0, 0x07E0,
    0x07E0, 0x07E0, 0x3165, 0x5249, 0x5249, 0x4A08, 0x28C3, 0x4A08, 0x5269, 0x528A, 0x528A, 0x528A,
    0x528A, 0x528A, 0x528A, 0x5269, 0x5269, 0x4A08, 0x28C3, 0x4A08, 0x5249, 0x5249, 0x3165, 0x07E0,
    0x07E0, 0x07E0, 0x07E0, 0x07E0, 0x07E0, 0x07E0, 0x07E0, 0x07E0, 0x07E0, 0x07E0, 0x07E0, 0x07E0,
    0x07E0, 0x07E0, 0x07E0, 0x07E0, 0x07E0, 0x07E0, 0x07E0, 0x07E0, 0x07E0, 0x07E0, 0x07E0, 0x07E0,
    0x07E0, 0x07E0, 0x07E0, 0x07E0, 0x07E0, 0x07E0, 0x07E0, 0x07E0, 0x07E0, 0x07E0, 0x07E0, 0x07E0,
    0x07E0, 0x07E0, 0x07E0, 0x07E0, 0x07E0, 0x07E0, 0x3165, 0x3165, 0x5249, 0x5249, 0x4A08, 0x28C3,
    0x4A08, 0x5269, 0x5269, 0x528A, 0x528A, 0x5269, 0x528A, 0x5269, 0x4A08, 0x28C3, 0x4A08, 0x5249,
    0x5249, 0x3165, 0x3165, 0x07E0, 0x07E0, 0x07E0, 0x07E0, 0x07E0, 0x07E0, 0x07E0, 0x07E0, 0x07E0,
    0x07E0, 0x07E0, 0x07E0, 0x07E0, 0x07E0, 0x07E0, 0x07E0, 0x07E0, 0x07E0, 0x07E0, 0x07E0, 0x07E0,
    0x07E0, 0x07E0, 0x07E0, 0x07E0, 0x07E0, 0x07E0, 0x07E0, 0x07E0, 0x07E0, 0x07E0, 0x07E0, 0x07E0,
    0x07E0, 0x07E0, 0x07E0, 0x07E0, 0x07E0, 0x07E0, 0x07E0, 0x07E0, 0x07E0, 0x07E0, 0x3165, 0x3000,
    0x3165, 0x5249, 0x5249, 0x4A08, 0x5249, 0x5269, 0x5269, 0x5269, 0x5269, 0x5269, 0x5269, 0x5269,
    0x5249, 0x4A08, 0x5249, 0x5249, 0x3165, 0x3144, 0x3165, 0x07E0, 0x07E0, 0x07E0, 0x07E0, 0x07E0,
    0x07E0, 0x07E0, 0x07E0, 0x07E0, 0x07E0, 0x07E0, 0x07E0, 0x07E0, 0x07E0, 0x07E0, 0x07E0, 0x07E0,
    0x07E0, 0x07E0, 0x07E0, 0x07E0, 0x07E0, 0x07E0, 0x07E0, 0x07E0, 0x07E0, 0x07E0, 0x07E0, 0x07E0,
    0x07E0, 0x07E0, 0x07E0, 0x07E0, 0x07E0, 0x07E0, 0x07E0, 0x07E0, 0x07E0, 0x07E0, 0x07E0, 0x07E0,
    0x07E0, 0x07E0, 0x3165, 0x2904, 0x3000, 0x3165, 0x3165, 0x3165, 0x5249, 0x5249, 0x5249, 0x5269,
    0x5269, 0x5269, 0x5249, 0x5249, 0x5249, 0x3165, 0x3165, 0x3165, 0x3144, 0x3144, 0x3165, 0x07E0,
    0x07E0, 0x07E0, 0x07E0, 0x07E0, 0x07E0, 0x07E0, 0x07E0, 0x07E0, 0x07E0, 0x07E0, 0x07E0, 0x07E0,
    0x07E0, 0x07E0, 0x07E0, 0x07E0, 0x07E0, 0x07E0, 0x07E0, 0x07E0, 0x07E0, 0x07E0, 0x07E0, 0x07E0,
    0x07E0, 0x07E0, 0x07E0, 0x07E0, 0x07E0, 0x07E0, 0x07E0, 0x07E0, 0x07E0, 0x07E0, 0x07E0, 0x07E0,
    0x07E0, 0x07E0, 0x07E0, 0x07E0, 0x07E0, 0x07E0, 0x07E0, 0x3165, 0x2904, 0x3000, 0x3000, 0x3000,
    0x3165, 0x3165, 0x5249, 0x5249, 0x5249, 0x5249, 0x5249, 0x3165, 0x3165, 0x3000, 0x5800, 0x3144,
    0x3144, 0x3165, 0x07E0, 0x07E0, 0x07E0, 0x07E0, 0x07E0, 0x07E0, 0x07E0, 0x07E0, 0x07E0, 0x07E0,
    0x07E0, 0x07E0, 0x07E0, 0x07E0, 0x07E0, 0x07E0, 0x07E0, 0x07E0, 0x07E0, 0x07E0, 0x07E0, 0x07E0,
    0x07E0, 0x07E0, 0x07E0, 0x07E0, 0x07E0, 0x07E0, 0x07E0, 0x07E0, 0x07E0, 0x07E0, 0x07E0, 0x07E0,
    0x07E0, 0x07E0, 0x07E0, 0x07E0, 0x07E0, 0x07E0, 0x07E0, 0x07E0, 0x07E0, 0x07E0, 0x07E0, 0x3165,
    0x3144, 0x2904, 0x2904, 0x3000, 0x3000, 0x3000, 0x3165, 0x3165, 0x3165, 0x3165, 0x3165, 0x4000,
    0x3000, 0x2904, 0x2904, 0x3144, 0x3144, 0x3165, 0x07E0, 0x07E0, 0x07E0, 0x07E0, 0x07E0, 0x07E0,
    0x07E0, 0x07E0, 0x07E0, 0x07E0, 0x07E0, 0x07E0, 0x07E0, 0x07E0, 0x07E0, 0x07E0, 0x07E0, 0x07E0,
    0x07E0, 0x07E0, 0x07E0, 0x07E0, 0x07E0, 0x07E0, 0x07E0, 0x07E0, 0x07E0, 0x07E0, 0x07E0, 0x07E0,
    0x07E0, 0x07E0, 0x07E0, 0x07E0, 0x07E0, 0x07E0, 0x07E0, 0x07E0, 0x07E0, 0x07E0, 0x07E0, 0x07E0,
    0x07E0, 0x07E0, 0x07E0, 0x3165, 0x3965, 0x3144, 0x3144, 0x2904, 0x2904, 0x3000, 0x4000, 0x2904,
    0x2904, 0x2904, 0x2904, 0x2904, 0x2904, 0x3144, 0x3144, 0x3144, 0x3144, 0x3165, 0x07E0, 0x07E0,
    0x07E0, 0x07E0, 0x07E0, 0x07E0, 0x07E0, 0x07E0, 0x07E0, 0x07E0, 0x07E0, 0x07E0, 0x07E0, 0x07E0,
    0x07E0, 0x07E0, 0x07E0, 0x07E0, 0x07E0, 0x07E0, 0x07E0, 0x07E0, 0x07E0, 0x07E0, 0x07E0, 0x07E0,
    0x07E0, 0x07E0, 0x07E0, 0x07E0, 0x07E0, 0x07E0, 0x07E0, 0x07E0, 0x07E0, 0x07E0, 0x07E0, 0x07E0,
    0x07E0, 0x07E0, 0x07E0, 0x07E0, 0x07E0, 0x07E0, 0x07E0, 0x3165, 0x3965, 0x3965, 0x3144, 0x3144,
    0x3144, 0x4000, 0x4000, 0x3144, 0x3144, 0x3144, 0x3144, 0x3144, 0x3144, 0x3965, 0x3965, 0x3144,
    0x3165, 0x07E0, 0x07E0, 0x07E0, 0x07E0, 0x07E0, 0x07E0, 0x07E0, 0x07E0, 0x07E0, 0x07E0, 0x07E0,
    0x07E0, 0x07E0, 0x07E0, 0x07E0, 0x07E0, 0x07E0, 0x07E0, 0x07E0, 0x07E0, 0x07E0, 0x07E0, 0x07E0,
    0x07E0, 0x07E0, 0x07E0, 0x07E0, 0x07E0, 0x07E0, 0x07E0, 0x07E0, 0x07E0, 0x07E0, 0x07E0, 0x07E0,
    0x07E0, 0x07E0, 0x07E0, 0x07E0, 0x07E0, 0x07E0, 0x07E0, 0x07E0, 0x07E0, 0x07E0, 0x07E0, 0x07E0,
    0x3165, 0x3965, 0x3965, 0x3965, 0x3965, 0x4000, 0x3965, 0x3965, 0x3965, 0x3965, 0x3965, 0x3965,
    0x4165, 0x3965, 0x3965, 0x3144, 0x3165, 0x07E0, 0x07E0, 0x07E0, 0x07E0, 0x07E0, 0x07E0, 0x07E0,
    0x07E0, 0x07E0, 0x07E0, 0x07E0, 0x07E0, 0x07E0, 0x07E0, 0x07E0, 0x07E0, 0x07E0, 0x07E0, 0x07E0,
    0x07E0, 0x07E0, 0x07E0, 0x07E0, 0x07E0, 0x07E0, 0x07E0, 0x07E0, 0x07E0, 0x07E0, 0x07E0, 0x07E0,
    0x07E0, 0x07E0, 0x07E0, 0x07E0, 0x07E0, 0x07E0, 0x07E0, 0x07E0, 0x07E0, 0x07E0, 0x07E0, 0x07E0,
    0x07E0, 0x07E0, 0x07E0, 0x07E0, 0x3165, 0x3965, 0x4165, 0x4165, 0x4165, 0x4000, 0x4165, 0x4165,
    0x4165, 0x4165, 0x4165, 0x4165, 0x4165, 0x3965, 0x3965, 0x3144, 0x3165, 0x07E0, 0x07E0, 0x07E0,
    0x07E0, 0x07E0, 0x07E0, 0x07E0, 0x07E0, 0x07E0, 0x07E0, 0x07E0, 0x07E0, 0x07E0, 0x07E0, 0x07E0,
    0x07E0, 0x07E0, 0x07E0, 0x07E0, 0x07E0, 0x07E0, 0x07E0, 0x07E0, 0x07E0, 0x07E0, 0x07E0, 0x07E0,
    0x07E0, 0x07E0, 0x07E0, 0x07E0, 0x07E0, 0x07E0, 0x07E0, 0x07E0, 0x07E0, 0x07E0, 0x07E0, 0x07E0,
    0x07E0, 0x07E0, 0x07E0, 0x07E0, 0x07E0, 0x07E0, 0x07E0, 0x07E0, 0x3165, 0x3965, 0x4165, 0x4165,
    0x4165, 0x4165, 0x4165, 0x4165, 0x4165, 0x41A6, 0x4165, 0x4165, 0x4165, 0x3965, 0x3965, 0x3144,
    0x3165, 0x07E0, 0x07E0, 0x07E0, 0x07E0, 0x07E0, 0x07E0, 0x07E0, 0x07E0, 0x07E0, 0x07E0, 0x07E0,
    0x07E0, 0x07E0, 0x07E0, 0x07E0, 0x07E0, 0x07E0, 0x07E0, 0x07E0, 0x07E0, 0x07E0, 0x07E0, 0x07E0,
    0x07E0, 0x07E0, 0x07E0, 0x07E0, 0x07E0, 0x07E0, 0x07E0, 0x07E0, 0x07E0, 0x07E0, 0x07E0, 0x07E0,
    0x07E0, 0x07E0, 0x07E0, 0x07E0, 0x07E0, 0x07E0, 0x07E0, 0x07E0, 0x07E0, 0x07E0, 0x07E0, 0x07E0,
    0x3165, 0x3965, 0x3965, 0x4165, 0x4165, 0x28C3, 0x4165, 0x4186, 0x41A6, 0x41A6, 0x4165, 0x4165,
    0x3965, 0x3965, 0x3965, 0x3144, 0x3165, 0x07E0, 0x07E0, 0x07E0, 0x07E0, 0x07E0, 0x07E0, 0x07E0,
    0x07E0, 0x07E0, 0x07E0, 0x07E0, 0x07E0, 0x07E0, 0x07E0, 0x07E0, 0x07E0, 0x07E0, 0x07E0, 0x07E0,
    0x07E0, 0x07E0, 0x07E0, 0x07E0, 0x07E0, 0x07E0, 0x07E0, 0x07E0, 0x07E0, 0x07E0, 0x07E0, 0x07E0,
    0x07E0, 0x07E0, 0x07E0, 0x07E0, 0x07E0, 0x07E0, 0x07E0, 0x07E0, 0x07E0, 0x07E0, 0x07E0, 0x07E0,
    0x07E0, 0x07E0, 0x07E0, 0x07E0, 0x07E0, 0x3165, 0x3965, 0x3965, 0x28C3, 0x4165, 0x4186, 0x4186,
    0x41A6, 0x41A6, 0x4165, 0x3124, 0x3965, 0x3965, 0x3144, 0x3165, 0x07E0, 0x07E0, 0x07E0, 0x07E0,
    0x07E0, 0x07E0, 0x07E0, 0x07E0, 0x07E0, 0x07E0, 0x07E0, 0x07E0, 0x07E0, 0x07E0, 0x07E0, 0x07E0,
    0x07E0, 0x07E0, 0x07E0, 0x07E0, 0x07E0, 0x07E0, 0x07E0, 0x07E0, 0x07E0, 0x07E0, 0x07E0, 0x07E0,
    0x07E0, 0x07E0, 0x07E0, 0x07E0, 0x07E0, 0x07E0, 0x07E0, 0x07E0, 0x07E0, 0x07E0, 0x07E0, 0x07E0,
    0x07E0, 0x07E0, 0x07E0, 0x07E0, 0x07E0, 0x07E0, 0x07E0, 0x07E0, 0x07E0, 0x3165, 0x3965, 0x3965,
    0x28C3, 0x4165, 0x4186, 0x4186, 0x41A6, 0x4165, 0x3945, 0x18C3, 0x3124, 0x3965, 0x3144, 0x3165,
    0x07E0, 0x07E0, 0x07E0, 0x07E0, 0x07E0, 0x07E0, 0x07E0, 0x07E0, 0x07E0, 0x07E0, 0x07E0, 0x07E0,
    0x07E0, 0x07E0, 0x07E0, 0x07E0, 0x07E0, 0x07E0, 0x07E0, 0x07E0, 0x07E0, 0x07E0, 0x07E0, 0x07E0,
    0x07E0, 0x07E0, 0x07E0, 0x07E0, 0x07E0, 0x07E0, 0x07E0, 0x07E0, 0x07E0, 0x07E0, 0x07E0, 0x07E0,
    0x07E0, 0x07E0, 0x07E0, 0x07E0, 0x07E0, 0x07E0, 0x07E0, 0x07E0, 0x07E0, 0x07E0, 0x07E0, 0x07E0,
    0x07E0, 0x3165, 0x3965, 0x3965, 0x28C3, 0x4165, 0x4186, 0x4186, 0x41A6, 0x4165, 0x3945, 0x18C3,
    0x3124, 0x3965, 0x3144, 0x3165, 0x07E0, 0x07E0, 0x07E0, 0x07E0, 0x07E0, 0x07E0, 0x07E0, 0x07E0,
    0x07E0, 0x07E0, 0x07E0, 0x07E0, 0x07E0, 0x07E0, 0x07E0, 0x07E0, 0x07E0, 0x07E0, 0x07E0, 0x07E0,
    0x07E0, 0x07E0, 0x07E0, 0x07E0, 0x07E0, 0x07E0, 0x07E0, 0x07E0, 0x07E0, 0x07E0, 0x07E0, 0x07E0,
    0x07E0, 0x07E0, 0x07E0, 0x07E0, 0x07E0, 0x07E0, 0x07E0, 0x07E0, 0x07E0, 0x07E0, 0x07E0, 0x07E0,
    0x07E0, 0x07E0, 0x07E0, 0x07E0, 0x07E0, 0x3165, 0x3965, 0x3965, 0x28C3, 0x4165, 0x4186, 0x4186,
    0x41A6, 0x4165, 0x4165, 0x3124, 0x3965, 0x3965, 0x3144, 0x3165, 0x07E0, 0x07E0, 0x07E0, 0x07E0,
    0x07E0, 0x07E0, 0x07E0, 0x07E0, 0x07E0, 0x07E0, 0x07E0, 0x07E0, 0x07E0, 0x07E0, 0x07E0, 0x07E0,
    0x07E0, 0x07E0, 0x07E0, 0x07E0, 0x07E0, 0x07E0, 0x07E0, 0x07E0, 0x07E0, 0x07E0, 0x07E0, 0x07E0,
    0x07E0, 0x07E0, 0x07E0, 0x07E0, 0x07E0, 0x07E0, 0x07E0, 0x07E0, 0x07E0, 0x07E0, 0x07E0, 0x07E0,
    0x07E0, 0x07E0, 0x07E0, 0x07E0, 0x07E0, 0x07E0, 0x07E0, 0x07E0, 0x07E0, 0x3165, 0x3965, 0x3965,
    0x28C3, 0x4165, 0x4165, 0x4186, 0x4165, 0x4165, 0x4165, 0x3965, 0x3965, 0x3965, 0x3144, 0x3165,
    0x07E0, 0x07E0, 0x07E0, 0x07E0, 0x07E0, 0x07E0, 0x07E0, 0x07E0, 0x07E0, 0x07E0, 0x07E0, 0x07E0,
    0x07E0, 0x07E0, 0x07E0, 0x07E0, 0x07E0, 0x07E0, 0x07E0, 0x07E0, 0x07E0, 0x07E0, 0x07E0, 0x07E0,
    0x07E0, 0x07E0, 0x07E0, 0x07E0, 0x07E0, 0x07E0, 0x07E0, 0x07E0, 0x07E0, 0x07E0, 0x07E0, 0x07E0,
    0x07E0, 0x07E0, 0x07E0, 0x07E0, 0x07E0, 0x07E0, 0x07E0, 0x07E0, 0x07E0, 0x07E0, 0x07E0, 0x07E0,
    0x3165, 0x3144, 0x3144, 0x3965, 0x3965, 0x4165, 0x4165, 0x4165, 0x4165, 0x4165, 0x3965, 0x3965,
    0x3965, 0x3965, 0x3144, 0x3144, 0x3165, 0x07E0, 0x07E0, 0x07E0, 0x07E0, 0x07E0, 0x07E0, 0x07E0,
    0x07E0, 0x07E0, 0x07E0, 0x07E0, 0x07E0, 0x07E0, 0x07E0, 0x07E0, 0x07E0, 0x07E0, 0x07E0, 0x07E0,
    0x07E0, 0x07E0, 0x07E0, 0x07E0, 0x07E0, 0x07E0, 0x07E0, 0x07E0, 0x07E0, 0x07E0, 0x07E0, 0x07E0,
    0x07E0, 0x07E0, 0x07E0, 0x07E0, 0x07E0, 0x07E0, 0x07E0, 0x07E0, 0x07E0, 0x07E0, 0x07E0, 0x07E0,
    0x07E0, 0x07E0, 0x07E0, 0x07E0, 0x3165, 0x2904, 0x3144, 0x3144, 0x3965, 0x3965, 0x3965, 0x3965,
    0x3965, 0x3965, 0x3965, 0x3144, 0x3144, 0x2904, 0x3144, 0x3144, 0x3165, 0x07E0, 0x07E0, 0x07E0,
    0x07E0, 0x07E0, 0x07E0, 0x07E0, 0x07E0, 0x07E0, 0x07E0, 0x07E0, 0x07E0, 0x07E0, 0x07E0, 0x07E0,
    0x07E0, 0x07E0, 0x07E0, 0x07E0, 0x07E0, 0x07E0, 0x07E0, 0x07E0, 0x07E0, 0x07E0, 0x07E0, 0x07E0,
    0x07E0, 0x07E0, 0x07E0, 0x07E0, 0x07E0, 0x07E0, 0x07E0, 0x07E0, 0x07E0, 0x07E0, 0x07E0, 0x07E0,
    0x07E0, 0x07E0, 0x07E0, 0x07E0, 0x07E0, 0x07E0, 0x07E0, 0x07E0, 0x3165, 0x2904, 0x2904, 0x3144,
    0x3144, 0x3144, 0x3144, 0x3144, 0x3144, 0x3144, 0x3144, 0x3144, 0x2904, 0x2904, 0x3144, 0x3144,
    0x3165, 0x07E0, 0x07E0, 0x07E0, 0x07E0, 0x07E0, 0x07E0, 0x07E0, 0x07E0, 0x07E0, 0x07E0, 0x07E0,
    0x07E0, 0x07E0, 0x07E0, 0x07E0, 0x07E0, 0x07E0, 0x07E0, 0x07E0, 0x07E0, 0x07E0, 0x07E0, 0x07E0,
    0x07E0, 0x07E0, 0x07E0, 0x07E0, 0x07E0, 0x07E0, 0x07E0, 0x07E0, 0x07E0, 0x07E0, 0x07E0, 0x07E0,
    0x07E0, 0x07E0, 0x07E0, 0x07E0, 0x07E0, 0x07E0, 0x07E0, 0x07E0, 0x07E0, 0x07E0, 0x07E0, 0x07E0,
    0x07E0, 0x3165, 0x2904, 0x2904, 0x2904, 0x2904, 0x2904, 0x3144, 0x3144, 0x3144, 0x2904, 0x2904,
    0x2904, 0x3165, 0x3165, 0x3165, 0x07E0, 0x07E0, 0x07E0, 0x07E0, 0x07E0, 0x07E0, 0x07E0, 0x07E0,
    0x07E0, 0x07E0, 0x07E0, 0x07E0, 0x07E0, 0x07E0, 0x07E0, 0x07E0, 0x07E0, 0x07E0, 0x07E0, 0x07E0,
    0x07E0, 0x07E0, 0x07E0, 0x07E0, 0x07E0, 0x07E0, 0x07E0, 0x07E0, 0x07E0, 0x07E0, 0x07E0, 0x07E0,
    0x07E0, 0x07E0, 0x07E0, 0x07E0, 0x07E0, 0x07E0, 0x07E0, 0x07E0, 0x07E0, 0x07E0, 0x07E0, 0x07E0,
    0x07E0, 0x07E0, 0x07E0, 0x07E0, 0x07E0, 0x07E0, 0x3165, 0x3165, 0x2904, 0x2904, 0x2904, 0x2904,
    0x2904, 0x2904, 0x2904, 0x2904, 0x2904, 0x3165, 0x3165, 0x07E0, 0x07E0, 0x07E0, 0x07E0, 0x07E0,
    0x07E0, 0x07E0, 0x07E0, 0x07E0, 0x07E0, 0x07E0, 0x07E0, 0x07E0, 0x07E0, 0x07E0, 0x07E0, 0x07E0,
    0x07E0, 0x07E0, 0x07E0, 0x07E0, 0x07E0, 0x07E0, 0x07E0, 0x07E0, 0x07E0, 0x07E0, 0x07E0, 0x07E0,
    0x07E0, 0x07E0, 0x07E0, 0x07E0, 0x07E0, 0x07E0, 0x07E0, 0x07E0, 0x07E0, 0x07E0, 0x07E0, 0x07E0,
    0x07E0, 0x07E0, 0x07E0, 0x07E0, 0x07E0, 0x07E0, 0x07E0, 0x07E0, 0x07E0, 0x07E0, 0x07E0, 0x4000,
    0x3165, 0x3165, 0x3165, 0x3165, 0x3165, 0x3165, 0x3165, 0x3165, 0x3165, 0x07E0, 0x07E0, 0x4000,
    0x07E0, 0x07E0, 0x07E0, 0x07E0, 0x07E0, 0x07E0, 0x07E0, 0x07E0, 0x07E0, 0x07E0, 0x07E0, 0x07E0,
    0x07E0, 0x07E0, 0x07E0, 0x07E0, 0x07E0, 0x07E0, 0x07E0, 0x07E0, 0x07E0, 0x07E0, 0x07E0, 0x07E0,
    0x07E0, 0x07E0, 0x07E0, 0x07E0, 0x07E0, 0x07E0, 0x07E0, 0x07E0, 0x07E0, 0x07E0, 0x07E0, 0x07E0,
    0x07E0, 0x07E0, 0x07E0, 0x07E0, 0x07E0, 0x07E0, 0x07E0, 0x07E0, 0x07E0, 0x07E0, 0x07E0, 0x07E0,
    0x07E0, 0x07E0, 0x07E0, 0x07E0, 0x07E0, 0x07E0, 0x07E0, 0x07E0, 0x07E0, 0x4000, 0x07E0, 0x07E0,
    0x07E0, 0x07E0, 0x07E0, 0x07E0, 0x07E0, 0x07E0, 0x07E0, 0x07E0, 0x07E0, 0x07E0, 0x07E0, 0x07E0,
    0x07E0, 0x07E0, 0x07E0, 0x07E0, 0x07E0, 0x07E0, 0x07E0, 0x07E0, 0x07E0, 0x07E0, 0x07E0, 0x07E0,
    0x07E0, 0x07E0, 0x07E0, 0x07E0, 0x07E0, 0x07E0, 0x07E0, 0x07E0, 0x07E0, 0x07E0, 0x07E0, 0x07E0,
    0x07E0, 0x07E0, 0x07E0, 0x07E0, 0x07E0, 0x07E0, 0x07E0, 0x07E0, 0x07E0, 0x07E0, 0x07E0, 0x07E0,
    0x07E0, 0x07E0, 0x07E0, 0x07E0, 0x07E0, 0x07E0, 0x07E0, 0x4000, 0x07E0, 0x07E0, 0x07E0, 0x07E0,
    0x07E0, 0x07E0, 0x07E0, 0x07E0, 0x07E0, 0x07E0, 0x07E0, 0x07E0, 0x07E0, 0x07E0, 0x07E0, 0x07E0,
    0x07E0, 0x07E0, 0x07E0, 0x07E0, 0x07E0, 0x07E0, 0x07E0, 0x07E0, 0x07E0, 0x07E0, 0x07E0, 0x07E0,
    0x07E0, 0x07E0, 0x07E0, 0x07E0, 0x07E0, 0x07E0, 0x07E0, 0x07E0, 0x07E0, 0x07E0, 0x07E0, 0x07E0,
    0x07E0, 0x07E0, 0x07E0, 0x07E0, 0x07E0, 0x07E0, 0x07E0, 0x07E0, 0x07E0, 0x07E0, 0x07E0, 0x07E0,
    0x07E0, 0x07E0, 0x07E0, 0x07E0, 0x07E0, 0x07E0, 0x07E0, 0x07E0, 0x07E0, 0x07E0, 0x07E0, 0x07E0,
    0x07E0, 0x07E0, 0x07E0, 0x07E0, 0x07E0, 0x07E0, 0x4000, 0x07E0, 0x07E0, 0x07E0, 0x07E0, 0x07E0,
    0x07E0, 0x07E0, 0x07E0, 0x07E0, 0x07E0, 0x07E0, 0x07E0, 0x07E0, 0x07E0, 0x07E0, 0x07E0, 0x07E0,
    0x07E0, 0x07E0, 0x07E0, 0x07E0, 0x07E0, 0x07E0, 0x07E0, 0x07E0, 0x07E0, 0x07E0, 0x07E0, 0x07E0,
    0x07E0, 0x07E0, 0x07E0, 0x07E0, 0x07E0, 0x07E0, 0x07E0, 0x07E0, 0x07E0, 0x07E0, 0x07E0, 0x07E0,
    0x07E0, 0x07E0, 0x07E0, 0x07E0, 0x07E0, 0x07E0, 0x07E0, 0x07E0, 0x07E0, 0x07E0, 0x07E0, 0x07E0,
    0x07E0, 0x07E0, 0x07E0, 0x07E0, 0x07E0, 0x07E0, 0x07E0, 0x07E0, 0x07E0, 0x07E0, 0x4000, 0x07E0,
    0x07E0, 0x07E0, 0x07E0, 0x07E0, 0x07E0, 0x07E0, 0x07E0, 0x07E0, 0x07E0, 0x07E0, 0x07E0, 0x07E0,
    0x07E0, 0x07E0, 0x07E0, 0x07E0, 0x07E0, 0x07E0, 0x07E0, 0x07E0, 0x07E0, 0x07E0, 0x07E0, 0x07E0,
    0x07E0, 0x07E0, 0x07E0, 0x07E0, 0x07E0, 0x07E0, 0x07E0, 0x07E0, 0x07E0, 0x07E0, 0x07E0, 0x07E0,
    0x07E0, 0x07E0, 0x07E0, 0x07E0, 0x07E0, 0x07E0, 0x07E0, 0x07E0, 0x07E0, 0x07E0, 0x07E0, 0x07E0,
    0x07E0, 0x07E0, 0x07E0, 0x07E0, 0x07E0, 0x07E0, 0x07E0, 0x07E0, 0x07E0, 0x07E0, 0x07E0, 0x07E0,
    0x07E0, 0x07E0, 0x4000, 0x07E0, 0x07E0, 0x07E0, 0x07E0, 0x07E0, 0x07E0, 0x07E0, 0x07E0, 0x07E0,
    0x07E0, 0x07E0, 0x07E0, 0x07E0, 0x07E0, 0x07E0, 0x07E0, 0x07E0, 0x07E0, 0x07E0, 0x07E0, 0x07E0,
    0x07E0, 0x07E0, 0x07E0, 0x07E0, 0x07E0, 0x07E0, 0x07E0, 0x07E0, 0x07E0, 0x07E0, 0x07E0, 0x07E0,
    0x07E0, 0x07E0, 0x07E0, 0x07E0, 0x07E0, 0x07E0, 0x07E0, 0x07E0, 0x07E0, 0x07E0, 0x07E0, 0x07E0,
    0x07E0, 0x07E0, 0x07E0, 0x07E0, 0x07E0, 0x07E0, 0x07E0, 0x07E0, 0x07E0, 0x07E0, 0x07E0, 0x07E0,
    0x07E0, 0x07E0, 0x07E0, 0x07E0, 0x07E0, 0x07E0, 0x07E0, 0x07E0, 0x07E0, 0x07E0, 0x07E0, 0x07E0,
    0x07E0, 0x07E0, 0x07E0, 0x07E0, 0x07E0, 0x07E0, 0x07E0, 0x07E0, 0x07E0, 0x07E0, 0x07E0, 0x07E0,
    0x07E0, 0x07E0, 0x07E0, 0x07E0, 0x07E0, 0x07E0, 0x07E0, 0x07E0, 0x07E0, 0x07E0, 0x07E0, 0x07E0,
    0x07E0, 0x07E0, 0x07E0, 0x07E0, 0x07E0, 0x07E0, 0x07E0, 0x07E0, 0x07E0, 0x07E0, 0x07E0, 0x07E0,
    0x07E0, 0x07E0, 0x07E0, 0x07E0, 0x07E0, 0x07E0, 0x07E0, 0x07E0, 0x07E0, 0x07E0, 0x07E0, 0x07E0,
    0x07E0, 0x07E0, 0x07E0, 0x07E0, 0x07E0, 0x07E0, 0x07E0, 0x07E0, 0x07E0, 0x07E0, 0x07E0, 0x07E0,
    0x07E0, 0x07E0, 0x07E0, 0x07E0, 0x07E0, 0x07E0, 0x07E0, 0x07E0, 0x07E0, 0x07E0, 0x07E0, 0x07E0,
    0x07E0, 0x07E0, 0x07E0, 0x07E0, 0x07E0, 0x07E0, 0x07E0, 0x07E0, 0x07E0, 0x07E0, 0x07E0, 0x07E0,
    0x07E0, 0x07E0, 0x07E0, 0x07E0, 0x07E0, 0x07E0, 0x07E0, 0x07E0, 0x07E0, 0x07E0, 0x07E0, 0x07E0,
    0x07E0, 0x07E0, 0x07E0, 0x07E0, 0x07E0, 0x07E0, 0x07E0, 0x07E0, 0x07E0, 0x07E0, 0x07E0, 0x07E0,
    0x07E0, 0x07E0, 0x07E0, 0x07E0, 0x07E0, 0x07E0, 0x07E0, 0x07E0, 0x07E0, 0x07E0, 0x07E0, 0x07E0,
    0x07E0, 0x07E0, 0x07E0, 0x07E0, 0x07E0, 0x07E0, 0x07E0, 0x07E0, 0x07E0, 0x07E0, 0x07E0, 0x07E0,
    0x07E0, 0x07E0, 0x07E0, 0x07E0, 0x07E0, 0x07E0, 0x07E0, 0x07E0, 0x07E0, 0x07E0, 0x07E0, 0x07E0,
    0x07E0, 0x07E0, 0x07E0, 0x07E0, 0x07E0, 0x07E0, 0x07E0, 0x07E0, 0x07E0, 0x07E0, 0x07E0, 0x07E0,
    0x07E0, 0x07E0, 0x07E0, 0x07E0,
};

/* Timeline frame 3 */
static const uint16_t broken_coffin_frame_3[] = {
    0x07E0, 0x07E0, 0x07E0, 0x07E0, 0x07E0, 0x07E0, 0x07E0, 0x07E0, 0x07E0, 0x07E0, 0x07E0, 0x07E0,
    0x07E0, 0x07E0, 0x07E0, 0x07E0, 0x07E0, 0x07E0, 0x07E0, 0x07E0, 0x07E0, 0x07E0, 0x07E0, 0x07E0,
    0x07E0, 0x07E0, 0x07E0, 0x07E0, 0x07E0, 0x07E0, 0x07E0, 0x07E0, 0x07E0, 0x07E0, 0x07E0, 0x07E0,
    0x07E0, 0x07E0, 0x07E0, 0x07E0, 0x07E0, 0x07E0, 0x07E0, 0x07E0, 0x07E0, 0x07E0, 0x07E0, 0x07E0,
    0x07E0, 0x07E0, 0x07E0, 0x07E0, 0x07E0, 0x07E0, 0x07E0, 0x07E0, 0x07E0, 0x07E0, 0x07E0, 0x07E0,
    0x07E0, 0x07E0, 0x07E0, 0x07E0, 0x07E0, 0x07E0, 0x07E0, 0x07E0, 0x07E0, 0x07E0, 0x07E0, 0x07E0,
    0x07E0, 0x07E0, 0x07E0, 0x07E0, 0x07E0, 0x07E0, 0x07E0, 0x07E0, 0x07E0, 0x07E0, 0x07E0, 0x07E0,
    0x07E0, 0x07E0, 0x07E0, 0x07E0, 0x07E0, 0x07E0, 0x07E0, 0x07E0, 0x07E0, 0x07E0, 0x07E0, 0x07E0,
    0x07E0, 0x07E0, 0x07E0, 0x07E0, 0x07E0, 0x07E0, 0x07E0, 0x07E0, 0x07E0, 0x07E0, 0x07E0, 0x07E0,
    0x07E0, 0x07E0, 0x07E0, 0x07E0, 0x07E0, 0x07E0, 0x07E0, 0x07E0, 0x07E0, 0x07E0, 0x07E0, 0x07E0,
    0x07E0, 0x07E0, 0x07E0, 0x07E0, 0x07E0, 0x07E0, 0x07E0, 0x07E0, 0x07E0, 0x07E0, 0x07E0, 0x07E0,
    0x07E0, 0x07E0, 0x07E0, 0x07E0, 0x07E0, 0x07E0, 0x07E0, 0x07E0, 0x07E0, 0x07E0, 0x07E0, 0x07E0,
    0x07E0, 0x07E0, 0x07E0, 0x07E0, 0x07E0, 0x07E0, 0x07E0, 0x07E0, 0x07E0, 0x07E0, 0x07E0, 0x07E0,
    0x07E0, 0x07E0, 0x07E0, 0x07E0, 0x07E0, 0x07E0, 0x07E0, 0x07E0, 0x07E0, 0x07E0, 0x07E0, 0x07E0,
    0x07E0, 0x07E0, 0x07E0, 0x07E0, 0x07E0, 0x07E0, 0x07E0, 0x07E0, 0x07E0, 0x07E0, 0x07E0, 0x07E0,
    0x07E0, 0x07E0, 0x07E0, 0x07E0, 0x07E0, 0x07E0, 0x07E0, 0x07E0, 0x07E0, 0x07E0, 0x07E0, 0x07E0,
    0x07E0, 0x07E0, 0x07E0, 0x07E0, 0x07E0, 0x07E0, 0x07E0, 0x07E0, 0x07E0, 0x07E0, 0x07E0, 0x07E0,
    0x07E0, 0x07E0, 0x07E0, 0x07E0, 0x07E0, 0x07E0, 0x07E0, 0x07E0, 0x07E0, 0x07E0, 0x07E0, 0x07E0,
    0x07E0, 0x07E0, 0x07E0, 0x07E0, 0x07E0, 0x07E0, 0x07E0, 0x07E0, 0x07E0, 0x07E0, 0x07E0, 0x07E0,
    0x07E0, 0x07E0, 0x07E0, 0x07E0, 0x07E0, 0x07E0, 0x07E0, 0x07E0, 0x07E0, 0x07E0, 0x07E0, 0x07E0,
    0x07E0, 0x07E0, 0x07E0, 0x07E0, 0x07E0, 0x07E0, 0x07E0, 0x07E0, 0x07E0, 0x07E0, 0x07E0, 0x07E0,
    0x07E0, 0x07E0, 0x07E0, 0x07E0, 0x07E0, 0x07E0, 0x07E0, 0x07E0, 0x07E0, 0x07E0, 0x07E0, 0x07E0,
    0x07E0, 0x07E0, 0x07E0, 0x07E0, 0x07E0, 0x07E0, 0x07E0, 0x07E0, 0x07E0, 0x07E0, 0x07E0, 0x07E0,
    0x07E0, 0x07E0, 0x07E0, 0x07E0, 0x07E0, 0x07E0, 0x07E0, 0x07E0, 0x07E0, 0x07E0, 0x07E0, 0x07E0,
    0x07E0, 0x07E0, 0x07E0, 0x07E0, 0x07E0, 0x07E0, 0x07E0, 0x07E0, 0x07E0, 0x07E0, 0x07E0, 0x07E0,
    0x07E0, 0x07E0, 0x07E0, 0x07E0, 0x07E0, 0x07E0, 0x07E0, 0x07E0, 0x07E0, 0x07E0, 0x07E0, 0x07E0,
    0x07E0, 0x07E0, 0x07E0, 0x07E0, 0x07E0, 0x07E0, 0x07E0, 0x07E0, 0x07E0, 0x07E0, 0x07E0, 0x07E0,
    0x07E0, 0x07E0, 0x07E0, 0x07E0, 0x07E0, 0x07E0, 0x07E0, 0x07E0, 0x07E0, 0x07E0, 0x07E0, 0x07E0,
    0x07E0, 0x07E0, 0x07E0, 0x07E0, 0x07E0, 0x07E0, 0x07E0, 0x07E0, 0x07E0, 0x07E0, 0x07E0, 0x07E0,
    0x07E0, 0x07E0, 0x07E0, 0x07E0, 0x07E0, 0x07E0, 0x07E0, 0x07E0, 0x07E0, 0x07E0, 0x07E0, 0x07E0,
    0x07E0, 0x07E0, 0x07E0, 0x07E0, 0x07E0, 0x07E0, 0x07E0, 0x07E0, 0x07E0, 0x07E0, 0x07E0, 0x07E0,
    0x07E0, 0x07E0, 0x07E0, 0x07E0, 0x07E0, 0x07E0, 0x07E0, 0x07E0, 0x07E0, 0x07E0, 0x07E0, 0x07E0,
    0x07E0, 0x07E0, 0x07E0, 0x07E0, 0x07E0, 0x07E0, 0x07E0, 0x07E0, 0x07E0, 0x07E0, 0x07E0, 0x07E0,
    0x07E0, 0x07E0, 0x07E0, 0x07E0, 0x07E0, 0x07E0, 0x07E0, 0x07E0, 0x07E0, 0x07E0, 0x07E0, 0x07E0,
    0x07E0, 0x07E0, 0x07E0, 0x07E0, 0x07E0, 0x07E0, 0x07E0, 0x07E0, 0x07E0, 0x07E0, 0x07E0, 0x07E0,
    0x07E0, 0x07E0, 0x07E0, 0x07E0, 0x07E0, 0x07E0, 0x07E0, 0x07E0, 0x07E0, 0x07E0, 0x07E0, 0x07E0,
    0x07E0, 0x07E0, 0x07E0, 0x07E0, 0x07E0, 0x07E0, 0x07E0, 0x07E0, 0x07E0, 0x07E0, 0x07E0, 0x07E0,
    0x07E0, 0x07E0, 0x07E0, 0x07E0, 0x07E0, 0x07E0, 0x07E0, 0x07E0, 0x07E0, 0x07E0, 0x07E0, 0x07E0,
    0x07E0, 0x07E0, 0x07E0, 0x07E0, 0x07E0, 0x07E0, 0x07E0, 0x07E0, 0x07E0, 0x07E0, 0x07E0, 0x07E0,
    0x07E0, 0x07E0, 0x07E0, 0x07E0, 0x07E0, 0x07E0, 0x07E0, 0x07E0, 0x07E0, 0x07E0, 0x07E0, 0x07E0,
    0x07E0, 0x07E0, 0x07E0, 0x07E0, 0x07E0, 0x07E0, 0x07E0, 0x07E0, 0x07E0, 0x07E0, 0x07E0, 0x07E0,
    0x07E0, 0x07E0, 0x07E0, 0x07E0, 0x07E0, 0x07E0, 0x07E0, 0x07E0, 0x07E0, 0x07E0, 0x07E0, 0x07E0,
    0x07E0, 0x07E0, 0x07E0, 0x07E0, 0x07E0, 0x07E0, 0x07E0, 0x07E0, 0x07E0, 0x07E0, 0x07E0, 0x07E0,
    0x07E0, 0x07E0, 0x07E0, 0x07E0, 0x07E0, 0x07E0, 0x07E0, 0x07E0, 0x07E0, 0x07E0, 0x07E0, 0x07E0,
    0x07E0, 0x07E0, 0x07E0, 0x07E0, 0x07E0, 0x07E0, 0x07E0, 0x07E0, 0x07E0, 0x07E0, 0x07E0, 0x07E0,
    0x07E0, 0x07E0, 0x07E0, 0x07E0, 0x07E0, 0x07E0, 0x07E0, 0x07E0, 0x07E0, 0x07E0, 0x07E0, 0x07E0,
    0x07E0, 0x07E0, 0x07E0, 0x07E0, 0x07E0, 0x07E0, 0x07E0, 0x07E0, 0x07E0, 0x07E0, 0x07E0, 0x07E0,
    0x07E0, 0x07E0, 0x07E0, 0x07E0, 0x07E0, 0x07E0, 0x07E0, 0x07E0, 0x07E0, 0x07E0, 0x07E0, 0x07E0,
    0x07E0, 0x07E0, 0x07E0, 0x07E0, 0x07E0, 0x07E0, 0x07E0, 0x07E0, 0x07E0, 0x07E0, 0x07E0, 0x07E0,
    0x07E0, 0x07E0, 0x07E0, 0x07E0, 0x07E0, 0x07E0, 0x07E0, 0x07E0, 0x07E0, 0x07E0, 0x07E0, 0x07E0,
    0x07E0, 0x07E0, 0x07E0, 0x07E0, 0x07E0, 0x07E0, 0x07E0, 0x07E0, 0x07E0, 0x07E0, 0x07E0, 0x07E0,
    0x07E0, 0x07E0, 0x07E0, 0x07E0, 0x07E0, 0x07E0, 0x07E0, 0x07E0, 0x07E0, 0x07E0, 0x07E0, 0x07E0,
    0x07E0, 0x07E0, 0x07E0, 0x07E0, 0x07E0, 0x07E0, 0x07E0, 0x07E0, 0x07E0, 0x07E0, 0x07E0, 0x07E0,
    0x07E0, 0x07E0, 0x07E0, 0x07E0, 0x07E0, 0x07E0, 0x07E0, 0x07E0, 0x07E0, 0x07E0, 0x07E0, 0x07E0,
    0x07E0, 0x07E0, 0x07E0, 0x07E0, 0x07E0, 0x07E0, 0x07E0, 0x07E0, 0x07E0, 0x07E0, 0x07E0, 0x07E0,
    0x07E0, 0x07E0, 0x07E0, 0x07E0, 0x07E0, 0x07E0, 0x07E0, 0x07E0, 0x07E0, 0x07E0, 0x07E0, 0x07E0,
    0x07E0, 0x07E0, 0x07E0, 0x07E0, 0x07E0, 0x07E0, 0x07E0, 0x07E0, 0x07E0, 0x07E0, 0x07E0, 0x07E0,
    0x07E0, 0x07E0, 0x07E0, 0x07E0, 0x07E0, 0x07E0, 0x07E0, 0x07E0, 0x07E0, 0x07E0, 0x07E0, 0x07E0,
    0x07E0, 0x07E0, 0x07E0, 0x07E0, 0x07E0, 0x07E0, 0x07E0, 0x07E0, 0x07E0, 0x07E0, 0x07E0, 0x07E0,
    0x07E0, 0x07E0, 0x07E0, 0x07E0, 0x07E0, 0x07E0, 0x07E0, 0x07E0, 0x07E0, 0x07E0, 0x07E0, 0x07E0,
    0x07E0, 0x07E0, 0x07E0, 0x07E0, 0x07E0, 0x07E0, 0x07E0, 0x07E0, 0x07E0, 0x07E0, 0x07E0, 0x07E0,
    0x07E0, 0x07E0, 0x07E0, 0x07E0, 0x07E0, 0x07E0, 0x07E0, 0x07E0, 0x07E0, 0x07E0, 0x07E0, 0x07E0,
    0x07E0, 0x07E0, 0x07E0, 0x07E0, 0x07E0, 0x07E0, 0x07E0, 0x07E0, 0x07E0, 0x07E0, 0x07E0, 0x07E0,
    0x07E0, 0x07E0, 0x07E0, 0x07E0, 0x07E0, 0x07E0, 0x07E0, 0x07E0, 0x07E0, 0x07E0, 0x07E0, 0x07E0,
    0x07E0, 0x07E0, 0x07E0, 0x07E0, 0x07E0, 0x07E0, 0x07E0, 0x07E0, 0x07E0, 0x07E0, 0x07E0, 0x07E0,
    0x07E0, 0x07E0, 0x07E0, 0x07E0, 0x07E0, 0x07E0, 0x07E0, 0x07E0, 0x07E0, 0x07E0, 0x07E0, 0x07E0,
    0x07E0, 0x07E0, 0x07E0, 0x07E0, 0x07E0, 0x07E0, 0x07E0, 0x07E0, 0x07E0, 0x07E0, 0x07E0, 0x07E0,
    0x07E0, 0x07E0, 0x07E0, 0x07E0, 0x07E0, 0x07E0, 0x07E0, 0x07E0, 0x07E0, 0x07E0, 0x07E0, 0x07E0,
    0x07E0, 0x07E0, 0x07E0, 0x07E0, 0x07E0, 0x07E0, 0x07E0, 0x07E0, 0x07E0, 0x07E0, 0x07E0, 0x07E0,
    0x07E0, 0x07E0, 0x07E0, 0x07E0, 0x07E0, 0x07E0, 0x07E0, 0x07E0, 0x07E0, 0x07E0, 0x07E0, 0x07E0,
    0x07E0, 0x07E0, 0x07E0, 0x07E0, 0x07E0, 0x07E0, 0x07E0, 0x07E0, 0x07E0, 0x07E0, 0x07E0, 0x07E0,
    0x07E0, 0x07E0, 0x07E0, 0x07E0, 0x07E0, 0x07E0, 0x07E0, 0x07E0, 0x07E0, 0x07E0, 0x07E0, 0x07E0,
    0x07E0, 0x07E0, 0x07E0, 0x07E0, 0x07E0, 0x07E0, 0x07E0, 0x07E0, 0x07E0, 0x07E0, 0x07E0, 0x07E0,
    0x07E0, 0x07E0, 0x07E0, 0x07E0, 0x07E0, 0x07E0, 0x07E0, 0x07E0, 0x07E0, 0x07E0, 0x07E0, 0x07E0,
    0x07E0, 0x07E0, 0x07E0, 0x07E0, 0x07E0, 0x07E0, 0x07E0, 0x07E0, 0x07E0, 0x07E0, 0x07E0, 0x07E0,
    0x07E0, 0x07E0, 0x07E0, 0x07E0, 0x07E0, 0x07E0, 0x07E0, 0x07E0, 0x07E0, 0x07E0, 0x07E0, 0x07E0,
    0x07E0, 0x07E0, 0x07E0, 0x07E0, 0x07E0, 0x07E0, 0x07E0, 0x07E0, 0x07E0, 0x07E0, 0x07E0, 0x07E0,
    0x07E0, 0x07E0, 0x07E0, 0x07E0, 0x07E0, 0x07E0, 0x07E0, 0x07E0, 0x07E0, 0x07E0, 0x07E0, 0x07E0,
    0x07E0, 0x07E0, 0x07E0, 0x07E0, 0x07E0, 0x07E0, 0x07E0, 0x07E0, 0x07E0, 0x07E0, 0x07E0, 0x07E0,
    0x07E0, 0x07E0, 0x07E0, 0x07E0, 0x07E0, 0x07E0, 0x07E0, 0x07E0, 0x07E0, 0x07E0, 0x07E0, 0x07E0,
    0x07E0, 0x07E0, 0x07E0, 0x07E0, 0x07E0, 0x07E0, 0x07E0, 0x07E0, 0x07E0, 0x07E0, 0x07E0, 0x07E0,
    0x07E0, 0x07E0, 0x07E0, 0x07E0, 0x07E0, 0x07E0, 0x07E0, 0x07E0, 0x07E0, 0x07E0, 0x07E0, 0x07E0,
    0x07E0, 0x07E0, 0x07E0, 0x07E0, 0x07E0, 0x07E0, 0x07E0, 0x07E0, 0x07E0, 0x07E0, 0x07E0, 0x07E0,
    0x07E0, 0x07E0, 0x07E0, 0x07E0, 0x07E0, 0x07E0, 0x07E0, 0x07E0, 0x07E0, 0x07E0, 0x07E0, 0x07E0,
    0x07E0, 0x07E0, 0x07E0, 0x07E0, 0x07E0, 0x07E0, 0x07E0, 0x07E0, 0x07E0, 0x07E0, 0x07E0, 0x07E0,
    0x07E0, 0x07E0, 0x07E0, 0x07E0, 0x07E0, 0x07E0, 0x07E0, 0x07E0, 0x07E0, 0x07E0, 0x07E0, 0x07E0,
    0x07E0, 0x07E0, 0x07E0, 0x07E0, 0x07E0, 0x07E0, 0x07E0, 0x07E0, 0x07E0, 0x07E0, 0x07E0, 0x07E0,
    0x07E0, 0x07E0, 0x07E0, 0x07E0, 0x07E0, 0x07E0, 0x07E0, 0x07E0, 0x07E0, 0x07E0, 0x07E0, 0x07E0,
    0x07E0, 0x07E0, 0x07E0, 0x07E0, 0x07E0, 0x07E0, 0x07E0, 0x07E0, 0x07E0, 0x07E0, 0x07E0, 0x07E0,
    0x07E0, 0x07E0, 0x07E0, 0x07E0, 0x07E0, 0x07E0, 0x07E0, 0x07E0, 0x07E0, 0x07E0, 0x07E0, 0x07E0,
    0x07E0, 0x07E0, 0x07E0, 0x07E0, 0x07E0, 0x07E0, 0x07E0, 0x07E0, 0x07E0, 0x07E0, 0x07E0, 0x07E0,
    0x07E0, 0x07E0, 0x07E0, 0x07E0, 0x07E0, 0x07E0, 0x07E0, 0x07E0, 0x07E0, 0x07E0, 0x07E0, 0x07E0,
    0x07E0, 0x07E0, 0x07E0, 0x07E0, 0x07E0, 0x07E0, 0x07E0, 0x3165, 0x3165, 0x3165, 0x07E0, 0x07E0,
    0x07E0, 0x07E0, 0x07E0, 0x07E0, 0x07E0, 0x07E0, 0x07E0, 0x07E0, 0x07E0, 0x07E0, 0x07E0, 0x07E0,
    0x07E0, 0x07E0, 0x07E0, 0x07E0, 0x07E0, 0x07E0, 0x07E0, 0x07E0, 0x07E0, 0x07E0, 0x07E0, 0x07E0,
    0x07E0, 0x07E0, 0x07E0, 0x07E0, 0x07E0, 0x07E0, 0x07E0, 0x07E0, 0x07E0, 0x07E0, 0x07E0, 0x07E0,
    0x07E0, 0x07E0, 0x07E0, 0x07E0, 0x07E0, 0x07E0, 0x07E0, 0x07E0, 0x07E0, 0x07E0, 0x07E0, 0x07E0,
    0x07E0, 0x07E0, 0x07E0, 0x07E0, 0x07E0, 0x07E0, 0x07E0, 0x07E0, 0x07E0, 0x3165, 0x3165, 0x5AAA,
    0x5269, 0x4A08, 0x3165, 0x3165, 0x07E0, 0x07E0, 0x07E0, 0x07E0, 0x07E0, 0x07E0, 0x07E0, 0x07E0,
    0x07E0, 0x07E0, 0x07E0, 0x07E0, 0x07E0, 0x07E0, 0x07E0, 0x07E0, 0x07E0, 0x07E0, 0x07E0, 0x07E0,
    0x07E0, 0x07E0, 0x07E0, 0x07E0, 0x07E0, 0x07E0, 0x07E0, 0x07E0, 0x07E0, 0x07E0, 0x07E0, 0x07E0,
    0x07E0, 0x07E0, 0x07E0, 0x07E0, 0x07E0, 0x07E0, 0x07E0, 0x07E0, 0x07E0, 0x07E0, 0x07E0, 0x07E0,
    0x07E0, 0x07E0, 0x07E0, 0x07E0, 0x07E0, 0x07E0, 0x07E0, 0x07E0, 0x07E0, 0x07E0, 0x07E0, 0x3165,
    0x3165, 0x5AAA, 0x5AAA, 0x5269, 0x4A08, 0x28C3, 0x4208, 0x5AAA, 0x3165, 0x3165, 0x07E0, 0x07E0,
    0x07E0, 0x07E0, 0x07E0, 0x07E0, 0x07E0, 0x07E0, 0x07E0, 0x07E0, 0x07E0, 0x07E0, 0x07E0, 0x07E0,
    0x07E0, 0x07E0, 0x07E0, 0x07E0, 0x07E0, 0x07E0, 0x07E0, 0x07E0, 0x07E0, 0x07E0, 0x07E0, 0x07E0,
    0x07E0, 0x07E0, 0x07E0, 0x07E0, 0x07E0, 0x07E0, 0x07E0, 0x07E0, 0x07E0, 0x07E0, 0x07E0, 0x07E0,
    0x07E0, 0x07E0, 0x07E0, 0x07E0, 0x07E0, 0x07E0, 0x07E0, 0x07E0, 0x07E0, 0x07E0, 0x07E0, 0x07E0,
    0x07E0, 0x3165, 0x3165, 0x5AAA, 0x5AAA, 0x5AAA, 0x5AAA, 0x5AAA, 0x5269, 0x4A08, 0x28C3, 0x28C3,
    0x4208, 0x5AAA, 0x3165, 0x3165, 0x07E0, 0x07E0, 0x07E0, 0x07E0, 0x07E0, 0x07E0, 0x07E0, 0x07E0,
    0x07E0, 0x07E0, 0x07E0, 0x07E0, 0x07E0, 0x07E0, 0x07E0, 0x07E0, 0x07E0, 0x07E0, 0x07E0, 0x07E0,
    0x07E0, 0x07E0, 0x07E0, 0x07E0, 0x07E0, 0x07E0, 0x07E0, 0x07E0, 0x07E0, 0x07E0, 0x07E0, 0x07E0,
    0x07E0, 0x07E0, 0x07E0, 0x07E0, 0x07E0, 0x07E0, 0x07E0, 0x07E0, 0x07E0, 0x07E0, 0x07E0, 0x07E0,
    0x07E0, 0x07E0, 0x07E0, 0x07E0, 0x3165, 0x5AAA, 0x5AAA, 0x5AAA, 0x5AAA, 0x5AAA, 0x5AAA, 0x5AAA,
    0x5AAA, 0x5269, 0x4A08, 0x4A08, 0x28C3, 0x28C3, 0x4208, 0x5AAA, 0x3165, 0x07E0, 0x07E0, 0x07E0,
    0x07E0, 0x07E0, 0x07E0, 0x07E0, 0x07E0, 0x07E0, 0x07E0, 0x07E0, 0x07E0, 0x07E0, 0x07E0, 0x07E0,
    0x07E0, 0x07E0, 0x07E0, 0x07E0, 0x07E0, 0x07E0, 0x07E0, 0x07E0, 0x07E0, 0x07E0, 0x07E0, 0x07E0,
    0x07E0, 0x07E0, 0x07E0, 0x07E0, 0x07E0, 0x07E0, 0x07E0, 0x07E0, 0x07E0, 0x07E0, 0x07E0, 0x07E0,
    0x07E0, 0x07E0, 0x07E0, 0x07E0, 0x07E0, 0x07E0, 0x07E0, 0x3165, 0x5269, 0x5269, 0x5269, 0x5AAA,
    0x5AAA, 0x5AAA, 0x5AAA, 0x5AAA, 0x5AAA, 0x5AAA, 0x5269, 0x5269, 0x4A08, 0x4A08, 0x28C3, 0x4A08,
    0x5269, 0x3165, 0x07E0, 0x07E0, 0x07E0, 0x07E0, 0x07E0, 0x07E0, 0x07E0, 0x07E0, 0x07E0, 0x07E0,
    0x07E0, 0x07E0, 0x07E0, 0x07E0, 0x07E0, 0x07E0, 0x07E0, 0x07E0, 0x07E0, 0x07E0, 0x07E0, 0x07E0,
    0x07E0, 0x07E0, 0x07E0, 0x07E0, 0x07E0, 0x07E0, 0x07E0, 0x07E0, 0x07E0, 0x07E0, 0x07E0, 0x07E0,
    0x07E0, 0x07E0, 0x07E0, 0x07E0, 0x07E0, 0x07E0, 0x07E0, 0x07E0, 0x07E0, 0x07E0, 0x3165, 0x5269,
    0x4A08, 0x5269, 0x5AAA, 0x5AAA, 0x5AAA, 0x5AAA, 0x5AAA, 0x5AAA, 0x5AAA, 0x5AAA, 0x5AAA, 0x5AAA,
    0x5269, 0x5269, 0x4A08, 0x5AAA, 0x4A08, 0x5269, 0x3165, 0x07E0, 0x07E0, 0x07E0, 0x07E0, 0x07E0,
    0x07E0, 0x07E0, 0x07E0, 0x07E0, 0x07E0, 0x07E0, 0x07E0, 0x07E0, 0x07E0, 0x07E0, 0x07E0, 0x07E0,
    0x07E0, 0x07E0, 0x07E0, 0x07E0, 0x07E0, 0x07E0, 0x07E0, 0x07E0, 0x07E0, 0x07E0, 0x07E0, 0x07E0,
    0x07E0, 0x07E0, 0x07E0, 0x07E0, 0x07E0, 0x07E0, 0x07E0, 0x07E0, 0x07E0, 0x07E0, 0x07E0, 0x07E0,
    0x07E0, 0x3165, 0x5249, 0x4A08, 0x28C3, 0x4A08, 0x5269, 0x5AAA, 0x5AAA, 0x5AAA, 0x5AAA, 0x5AAA,
    0x5AAA, 0x5AAA, 0x5AAA, 0x5AAA, 0x5AAA, 0x5AAA, 0x5269, 0x4A08, 0x28C3, 0x4A08, 0x5269, 0x3165,
    0x07E0, 0x07E0, 0x07E0, 0x07E0, 0x07E0, 0x07E0, 0x07E0, 0x07E0, 0x07E0, 0x07E0, 0x07E0, 0x07E0,
    0x07E0, 0x07E0, 0x07E0, 0x07E0, 0x07E0, 0x07E0, 0x07E0, 0x07E0, 0x07E0, 0x07E0, 0x07E0, 0x07E0,
    0x07E0, 0x07E0, 0x07E0, 0x07E0, 0x07E0, 0x07E0, 0x07E0, 0x07E0, 0x07E0, 0x07E0, 0x07E0, 0x07E0,
    0x07E0, 0x07E0, 0x07E0, 0x07E0, 0x07E0, 0x3165, 0x5249, 0x4A08, 0x28C3, 0x4A08, 0x5269, 0x5AAA,
    0x5AAA, 0x5AAA, 0x5AAA, 0x5AAA, 0x5AAA, 0x5AAA, 0x5AAA, 0x5AAA, 0x5AAA, 0x5AAA, 0x5269, 0x4A08,
    0x28C3, 0x4A08, 0x5249, 0x3165, 0x07E0, 0x07E0, 0x07E0, 0x07E0, 0x07E0, 0x07E0, 0x07E0, 0x07E0,
    0x07E0, 0x07E0, 0x07E0, 0x07E0, 0x07E0, 0x07E0, 0x07E0, 0x07E0, 0x07E0, 0x07E0, 0x07E0, 0x07E0,
    0x07E0, 0x07E0, 0x07E0, 0x07E0, 0x07E0, 0x07E0, 0x07E0, 0x07E0, 0x07E0, 0x07E0, 0x07E0, 0x07E0,
    0x07E0, 0x07E0, 0x07E0, 0x07E0, 0x07E0, 0x07E0, 0x07E0, 0x07E0, 0x3165, 0x5249, 0x4A08, 0x28C3,
    0x4A08, 0x5269, 0x5AAA, 0x5AAA, 0x5AAA, 0x5AAA, 0x5AAA, 0x5AAA, 0x5AAA, 0x5AAA, 0x5AAA, 0x5AAA,
    0x5AAA, 0x5AAA, 0x528A, 0x5269, 0x4A08, 0x28C3, 0x4A08, 0x5249, 0x3165, 0x07E0, 0x07E0, 0x07E0,
    0x07E0, 0x07E0, 0x07E0, 0x07E0, 0x07E0, 0x07E0, 0x07E0, 0x07E0, 0x07E0, 0x07E0, 0x07E0, 0x07E0,
    0x07E0, 0x07E0, 0x07E0, 0x07E0, 0x07E0, 0x07E0, 0x07E0, 0x07E0, 0x07E0, 0x07E0, 0x07E0, 0x07E0,
    0x07E0, 0x07E0, 0x07E0, 0x07E0, 0x07E0, 0x07E0, 0x07E0, 0x07E0, 0x07E0, 0x07E0, 0x07E0, 0x07E0,
    0x3165, 0x5249, 0x4A08, 0x28C3, 0x4A08, 0x5269, 0x528A, 0x5AAA, 0x5AAA, 0x5AAA, 0x5AAA, 0x5AAA,
    0x5AAA, 0x5AAA, 0x5AAA, 0x5AAA, 0x5AAA, 0x5AAA, 0x528A, 0x5269, 0x4A08, 0x28C3, 0x4A08, 0x5249,
    0x3165, 0x07E0, 0x07E0, 0x07E0, 0x07E0, 0x07E0, 0x07E0, 0x07E0, 0x07E0, 0x07E0, 0x07E0, 0x07E0,
    0x07E0, 0x07E0, 0x07E0, 0x07E0, 0x07E0, 0x07E0, 0x07E0, 0x07E0, 0x07E0, 0x07E0, 0x07E0, 0x07E0,
    0x07E0, 0x07E0, 0x07E0, 0x07E0, 0x07E0, 0x07E0, 0x07E0, 0x07E0, 0x07E0, 0x07E0, 0x07E0, 0x07E0,
    0x07E0, 0x07E0, 0x07E0, 0x07E0, 0x3165, 0x5249, 0x4A08, 0x28C3, 0x4A08, 0x5269, 0x528A, 0x5AAA,
    0x5AAA, 0x5AAA, 0x5AAA, 0x5AAA, 0x5AAA, 0x5AAA, 0x5AAA, 0x5AAA, 0x5AAA, 0x528A, 0x528A, 0x5269,
    0x4A08, 0x28C3, 0x4A08, 0x5249, 0x3165, 0x07E0, 0x07E0, 0x07E0, 0x07E0, 0x07E0, 0x07E0, 0x07E0,
    0x07E0, 0x07E0, 0x07E0, 0x07E0, 0x07E0, 0x07E0, 0x07E0, 0x07E0, 0x07E0, 0x07E0, 0x07E0, 0x07E0,
    0x07E0, 0x07E0, 0x07E0, 0x07E0, 0x07E0, 0x07E0, 0x07E0, 0x07E0, 0x07E0, 0x07E0, 0x07E0, 0x07E0,
    0x07E0, 0x07E0, 0x07E0, 0x07E0, 0x07E0, 0x07E0, 0x07E0, 0x07E0, 0x3165, 0x5249, 0x4A08, 0x28C3,
    0x4A08, 0x5269, 0x528A, 0x528A, 0x5AAA, 0x5AAA, 0x5AAA, 0x5AAA, 0x5AAA, 0x5AAA, 0x5AAA, 0x5AAA,
    0x5AAA, 0x528A, 0x528A, 0x5269, 0x4A08, 0x28C3, 0x4A08, 0x5249, 0x3165, 0x07E0, 0x07E0, 0x07E0,
    0x07E0, 0x07E0, 0x07E0, 0x07E0, 0x07E0, 0x07E0, 0x07E0, 0x07E0, 0x07E0, 0x07E0, 0x07E0, 0x07E0,
    0x07E0, 0x07E0, 0x07E0, 0x07E0, 0x07E0, 0x07E0, 0x07E0, 0x07E0, 0x07E0, 0x07E0, 0x07E0, 0x07E0,
    0x07E0, 0x07E0, 0x07E0, 0x07E0, 0x07E0, 0x07E0, 0x07E0, 0x07E0, 0x07E0, 0x07E0, 0x07E0, 0x07E0,
    0x07E0, 0x3165, 0x5249, 0x4A08, 0x28C3, 0x4A08, 0x5269, 0x528A, 0x528A, 0x5AAA, 0x5AAA, 0x5AAA,
    0x5AAA, 0x5AAA, 0x5AAA, 0x5AAA, 0x5AAA, 0x528A, 0x5269, 0x4A08, 0x28C3, 0x4A08, 0x5249, 0x5249,
    0x3165, 0x07E0, 0x07E0, 0x07E0, 0x07E0, 0x07E0, 0x07E0, 0x07E0, 0x07E0, 0x07E0, 0x07E0, 0x07E0,
    0x07E0, 0x07E0, 0x07E0, 0x07E0, 0x07E0, 0x07E0, 0x07E0, 0x07E0, 0x07E0, 0x07E0, 0x07E0, 0x07E0,
    0x07E0, 0x07E0, 0x07E0, 0x07E0, 0x07E0, 0x07E0, 0x07E0, 0x07E0, 0x07E0, 0x07E0, 0x07E0, 0x07E0,
    0x07E0, 0x07E0, 0x07E0, 0x07E0, 0x07E0, 0x3165, 0x5249, 0x5249, 0x4A08, 0x28C3, 0x4A08, 0x5269,
    0x528A, 0x5AAA, 0x5AAA, 0x5AAA, 0x5AAA, 0x5AAA, 0x5AAA, 0x528A, 0x528A, 0x5269, 0x5269, 0x4A08,
    0x28C3, 0x4A08, 0x5249, 0x3165, 0x07E0, 0x07E0, 0x07E0, 0x07E0, 0x07E0, 0x07E0, 0x07E0, 0x07E0,
    0x07E0, 0x07E0, 0x07E0, 0x07E0, 0x07E0, 0x07E0, 0x07E0, 0x07E0, 0x07E0, 0x07E0, 0x07E0, 0x07E0,
    0x07E0, 0x07E0, 0x07E0, 0x07E0, 0x07E0, 0x07E0, 0x07E0, 0x07E0, 0x07E0, 0x07E0, 0x07E0, 0x07E0,
    0x07E0, 0x07E0, 0x07E0, 0x07E0, 0x07E0, 0x07E0, 0x07E0, 0x07E0, 0x07E0, 0x07E0, 0x3165, 0x5249,
    0x5249, 0x28C3, 0x28C3, 0x4A08, 0x5269, 0x528A, 0x5AAA, 0x5AAA, 0x5AAA, 0x5AAA, 0x528A, 0x528A,
    0x5AAA, 0x5269, 0x28C3, 0x28C3, 0x5249, 0x5249, 0x5249, 0x3165, 0x07E0, 0x07E0, 0x07E0, 0x07E0,
    0x07E0, 0x07E0, 0x07E0, 0x07E0, 0x07E0, 0x07E0, 0x07E0, 0x07E0, 0x07E0, 0x07E0, 0x07E0, 0x07E0,
    0x07E0, 0x07E0, 0x07E0, 0x07E0, 0x07E0, 0x07E0, 0x07E0, 0x07E0, 0x07E0, 0x07E0, 0x07E0, 0x07E0,
    0x07E0, 0x07E0, 0x07E0, 0x07E0, 0x07E0, 0x07E0, 0x07E0, 0x07E0, 0x07E0, 0x07E0, 0x07E0, 0x07E0,
    0x07E0, 0x07E0, 0x3165, 0x3165, 0x5249, 0x5249, 0x28C3, 0x28C3, 0x4A08, 0x5269, 0x528A, 0x528A,
    0x528A, 0x528A, 0x528A, 0x5269, 0x5269, 0x4A08, 0x28C3, 0x5249, 0x5249, 0x5249, 0x3165, 0x07E0,
    0x07E0, 0x07E0, 0x07E0, 0x07E0, 0x07E0, 0x07E0, 0x07E0, 0x07E0, 0x07E0, 0x07E0, 0x07E0, 0x07E0,
    0x07E0, 0x07E0, 0x07E0, 0x07E0, 0x07E0, 0x07E0, 0x07E0, 0x07E0, 0x07E0, 0x07E0, 0x07E0, 0x07E0,
    0x07E0, 0x07E0, 0x07E0, 0x07E0, 0x07E0, 0x07E0, 0x07E0, 0x07E0, 0x07E0, 0x07E0, 0x07E0, 0x07E0,
    0x07E0, 0x07E0, 0x07E0, 0x07E0, 0x07E0, 0x07E0, 0x3165, 0x3165, 0x3165, 0x5249, 0x5249, 0x28C3,
    0x4A08, 0x5269, 0x5269, 0x5269, 0x5269, 0x5269, 0x528A, 0x5269, 0x4A08, 0x28C3, 0x5249, 0x5249,
    0x3165, 0x3165, 0x3165, 0x07E0, 0x07E0, 0x07E0, 0x07E0, 0x07E0, 0x07E0, 0x07E0, 0x07E0, 0x07E0,
    0x07E0, 0x07E0, 0x07E0, 0x07E0, 0x07E0, 0x07E0, 0x07E0, 0x07E0, 0x07E0, 0x07E0, 0x07E0, 0x07E0,
    0x07E0, 0x07E0, 0x07E0, 0x07E0, 0x07E0, 0x07E0, 0x07E0, 0x07E0, 0x07E0, 0x07E0, 0x07E0, 0x07E0,
    0x07E0, 0x07E0, 0x07E0, 0x07E0, 0x07E0, 0x07E0, 0x07E0, 0x07E0, 0x07E0, 0x07E0, 0x3165, 0x3000,
    0x3000, 0x3165, 0x5249, 0x4A08, 0x5249, 0x5249, 0x5269, 0x5269, 0x5269, 0x5269, 0x5269, 0x5249,
    0x5249, 0x4A08, 0x5249, 0x3165, 0x3165, 0x4000, 0x3165, 0x07E0, 0x07E0, 0x07E0, 0x07E0, 0x07E0,
    0x07E0, 0x07E0, 0x07E0, 0x07E0, 0x07E0, 0x07E0, 0x07E0, 0x07E0, 0x07E0, 0x07E0, 0x07E0, 0x07E0,
    0x07E0, 0x07E0, 0x07E0, 0x07E0, 0x07E0, 0x07E0, 0x07E0, 0x07E0, 0x07E0, 0x07E0, 0x07E0, 0x07E0,
    0x07E0, 0x07E0, 0x07E0, 0x07E0, 0x07E0, 0x07E0, 0x07E0, 0x07E0, 0x07E0, 0x07E0, 0x07E0, 0x07E0,
    0x07E0, 0x07E0, 0x07E0, 0x3165, 0x2904, 0x3000, 0x3000, 0x3165, 0x3165, 0x5249, 0x5249, 0x5249,
    0x5269, 0x5249, 0x5249, 0x5249, 0x3165, 0x3165, 0x3165, 0x2800, 0x2800, 0x4000, 0x07E0, 0x07E0,
    0x07E0, 0x07E0, 0x07E0, 0x07E0, 0x07E0, 0x07E0, 0x07E0, 0x07E0, 0x07E0, 0x07E0, 0x07E0, 0x07E0,
    0x07E0, 0x07E0, 0x07E0, 0x07E0, 0x07E0, 0x07E0, 0x07E0, 0x07E0, 0x07E0, 0x07E0, 0x07E0, 0x07E0,
    0x07E0, 0x07E0, 0x07E0, 0x07E0, 0x07E0, 0x07E0, 0x07E0, 0x07E0, 0x07E0, 0x07E0, 0x07E0, 0x07E0,
    0x07E0, 0x07E0, 0x07E0, 0x07E0, 0x07E0, 0x07E0, 0x07E0, 0x3165, 0x2904, 0x2904, 0x3000, 0x3000,
    0x3000, 0x3165, 0x3165, 0x5249, 0x5249, 0x5249, 0x3165, 0x3165, 0x3000, 0x3000, 0x5800, 0x2800,
    0x2800, 0x4000, 0x07E0, 0x4000, 0x07E0, 0x07E0, 0x07E0, 0x07E0, 0x07E0, 0x07E0, 0x07E0, 0x07E0,
    0x07E0, 0x07E0, 0x07E0, 0x07E0, 0x07E0, 0x07E0, 0x07E0, 0x07E0, 0x07E0, 0x07E0, 0x07E0, 0x07E0,
    0x07E0, 0x07E0, 0x07E0, 0x07E0, 0x07E0, 0x07E0, 0x07E0, 0x07E0, 0x07E0, 0x07E0, 0x07E0, 0x07E0,
    0x07E0, 0x07E0, 0x07E0, 0x07E0, 0x07E0, 0x07E0, 0x07E0, 0x07E0, 0x07E0, 0x07E0, 0x07E0, 0x3165,
    0x3144, 0x3144, 0x2904, 0x2904, 0x3000, 0x3000, 0x3165, 0x3165, 0x3165, 0x3165, 0x3165, 0x4000,
    0x2904, 0x2904, 0x2800, 0x2800, 0x4000, 0x3165, 0x07E0, 0x07E0, 0x07E0, 0x07E0, 0x07E0, 0x07E0,
    0x07E0, 0x07E0, 0x07E0, 0x07E0, 0x07E0, 0x07E0, 0x07E0, 0x07E0, 0x07E0, 0x07E0, 0x07E0, 0x07E0,
    0x07E0, 0x07E0, 0x07E0, 0x07E0, 0x07E0, 0x07E0, 0x07E0, 0x07E0, 0x07E0, 0x07E0, 0x07E0, 0x07E0,
    0x07E0, 0x07E0, 0x07E0, 0x07E0, 0x07E0, 0x07E0, 0x07E0, 0x07E0, 0x07E0, 0x07E0, 0x07E0, 0x07E0,
    0x07E0, 0x07E0, 0x07E0, 0x3165, 0x3965, 0x3144, 0x3144, 0x3144, 0x3144, 0x4000, 0x4000, 0x2904,
    0x2904, 0x3165, 0x2904, 0x2904, 0x2904, 0x2800, 0x2800, 0x40A6, 0x40A6, 0x3165, 0x07E0, 0x07E0,
    0x07E0, 0x07E0, 0x07E0, 0x07E0, 0x07E0, 0x07E0, 0x07E0, 0x07E0, 0x07E0, 0x07E0, 0x07E0, 0x07E0,
    0x07E0, 0x07E0, 0x07E0, 0x07E0, 0x07E0, 0x07E0, 0x07E0, 0x07E0, 0x07E0, 0x07E0, 0x07E0, 0x07E0,
    0x07E0, 0x07E0, 0x07E0, 0x07E0, 0x07E0, 0x07E0, 0x07E0, 0x07E0, 0x07E0, 0x07E0, 0x07E0, 0x07E0,
    0x07E0, 0x07E0, 0x07E0, 0x07E0, 0x07E0, 0x07E0, 0x07E0, 0x07E0, 0x3965, 0x3965, 0x3965, 0x3965,
    0x3965, 0x4000, 0x4000, 0x3144, 0x3144, 0x3165, 0x2800, 0x2800, 0x40A6, 0x3000, 0x40A6, 0x40A6,
    0x40A6, 0x4000, 0x07E0, 0x07E0, 0x07E0, 0x07E0, 0x07E0, 0x07E0, 0x07E0, 0x07E0, 0x07E0, 0x07E0,
    0x07E0, 0x07E0, 0x07E0, 0x07E0, 0x07E0, 0x07E0, 0x07E0, 0x07E0, 0x07E0, 0x07E0, 0x07E0, 0x07E0,
    0x07E0, 0x07E0, 0x07E0, 0x07E0, 0x07E0, 0x07E0, 0x07E0, 0x07E0, 0x07E0, 0x07E0, 0x07E0, 0x07E0,
    0x07E0, 0x07E0, 0x07E0, 0x07E0, 0x07E0, 0x07E0, 0x07E0, 0x07E0, 0x07E0, 0x07E0, 0x07E0, 0x07E0,
    0x3165, 0x3965, 0x4165, 0x4165, 0x4165, 0x4000, 0x4165, 0x4165, 0x3165, 0x3165, 0x40A6, 0x2800,
    0x3000, 0x3000, 0x40A6, 0x40A6, 0x3165, 0x07E0, 0x07E0, 0x07E0, 0x07E0, 0x07E0, 0x07E0, 0x07E0,
    0x07E0, 0x07E0, 0x07E0, 0x07E0, 0x07E0, 0x07E0, 0x07E0, 0x07E0, 0x07E0, 0x07E0, 0x07E0, 0x07E0,
    0x07E0, 0x07E0, 0x07E0, 0x07E0, 0x07E0, 0x07E0, 0x07E0, 0x07E0, 0x07E0, 0x07E0, 0x07E0, 0x07E0,
    0x07E0, 0x07E0, 0x07E0, 0x07E0, 0x07E0, 0x07E0, 0x07E0, 0x07E0, 0x07E0, 0x07E0, 0x07E0, 0x07E0,
    0x07E0, 0x07E0, 0x07E0, 0x07E0, 0x3165, 0x3965, 0x4165, 0x4165, 0x4165, 0x4165, 0x4165, 0x4165,
    0x4000, 0x2800, 0x2800, 0x3000, 0x40A6, 0x2800, 0x2800, 0x4000, 0x3165, 0x07E0, 0x07E0, 0x07E0,
    0x07E0, 0x07E0, 0x07E0, 0x07E0, 0x07E0, 0x07E0, 0x07E0, 0x07E0, 0x07E0, 0x07E0, 0x07E0, 0x07E0,
    0x07E0, 0x07E0, 0x07E0, 0x07E0, 0x07E0, 0x07E0, 0x07E0, 0x07E0, 0x07E0, 0x07E0, 0x07E0, 0x07E0,
    0x07E0, 0x07E0, 0x07E0, 0x07E0, 0x07E0, 0x07E0, 0x07E0, 0x07E0, 0x07E0, 0x07E0, 0x07E0, 0x07E0,
    0x07E0, 0x07E0, 0x07E0, 0x07E0, 0x07E0, 0x07E0, 0x07E0, 0x07E0, 0x3165, 0x3965, 0x4165, 0x4165,
    0x4165, 0x4165, 0x4165, 0x4165, 0x4000, 0x2800, 0x3000, 0x3000, 0x40A6, 0x2800, 0x4000, 0x4000,
    0x3165, 0x07E0, 0x07E0, 0x07E0, 0x07E0, 0x07E0, 0x07E0, 0x07E0, 0x07E0, 0x07E0, 0x07E0, 0x07E0,
    0x07E0, 0x07E0, 0x07E0, 0x07E0, 0x07E0, 0x07E0, 0x07E0, 0x07E0, 0x07E0, 0x07E0, 0x07E0, 0x07E0,
    0x07E0, 0x07E0, 0x07E0, 0x07E0, 0x07E0, 0x07E0, 0x07E0, 0x07E0, 0x07E0, 0x07E0, 0x07E0, 0x07E0,
    0x07E0, 0x07E0, 0x07E0, 0x07E0, 0x07E0, 0x07E0, 0x07E0, 0x07E0, 0x07E0, 0x07E0, 0x07E0, 0x07E0,
    0x3165, 0x3965, 0x3965, 0x4165, 0x4165, 0x4165, 0x4165, 0x3165, 0x4144, 0x2800, 0x4144, 0x40A6,
    0x2800, 0x2800, 0x4000, 0x3165, 0x07E0, 0x07E0, 0x07E0, 0x07E0, 0x07E0, 0x07E0, 0x07E0, 0x07E0,
    0x07E0, 0x07E0, 0x07E0, 0x07E0, 0x07E0, 0x07E0, 0x07E0, 0x07E0, 0x07E0, 0x07E0, 0x07E0, 0x07E0,
    0x07E0, 0x07E0, 0x07E0, 0x07E0, 0x07E0, 0x07E0, 0x07E0, 0x07E0, 0x07E0, 0x07E0, 0x07E0, 0x07E0,
    0x07E0, 0x07E0, 0x07E0, 0x07E0, 0x07E0, 0x07E0, 0x07E0, 0x07E0, 0x07E0, 0x07E0, 0x07E0, 0x07E0,
    0x07E0, 0x07E0, 0x07E0, 0x07E0, 0x07E0, 0x3165, 0x3965, 0x3965, 0x4165, 0x4165, 0x4186, 0x4000,
    0x2800, 0x3000, 0x3000, 0x3000, 0x2800, 0x4000, 0x3165, 0x4000, 0x07E0, 0x07E0, 0x07E0, 0x07E0,
    0x07E0, 0x07E0, 0x07E0, 0x07E0, 0x07E0, 0x07E0, 0x07E0, 0x07E0, 0x07E0, 0x07E0, 0x07E0, 0x07E0,
    0x07E0, 0x07E0, 0x07E0, 0x07E0, 0x07E0, 0x07E0, 0x07E0, 0x07E0, 0x07E0, 0x07E0, 0x07E0, 0x07E0,
    0x07E0, 0x07E0, 0x07E0, 0x07E0, 0x07E0, 0x07E0, 0x07E0, 0x07E0, 0x07E0, 0x07E0, 0x07E0, 0x07E0,
    0x07E0, 0x07E0, 0x07E0, 0x07E0, 0x07E0, 0x07E0, 0x07E0, 0x07E0, 0x07E0, 0x3165, 0x3965, 0x3965,
    0x4165, 0x2904, 0x4186, 0x4000, 0x2800, 0x3000, 0x3000, 0x4144, 0x2800, 0x4000, 0x3165, 0x07E0,
    0x07E0, 0x07E0, 0x07E0, 0x07E0, 0x07E0, 0x07E0, 0x07E0, 0x07E0, 0x07E0, 0x07E0, 0x07E0, 0x07E0,
    0x07E0, 0x07E0, 0x07E0, 0x07E0, 0x07E0, 0x07E0, 0x07E0, 0x07E0, 0x07E0, 0x07E0, 0x07E0, 0x07E0,
    0x07E0, 0x07E0, 0x07E0, 0x07E0, 0x07E0, 0x07E0, 0x07E0, 0x07E0, 0x07E0, 0x07E0, 0x07E0, 0x07E0,
    0x07E0, 0x07E0, 0x07E0, 0x07E0, 0x07E0, 0x07E0, 0x07E0, 0x07E0, 0x07E0, 0x07E0, 0x07E0, 0x07E0,
    0x07E0, 0x3165, 0x3965, 0x3965, 0x4165, 0x2904, 0x4186, 0x3165, 0x4144, 0x4144, 0x2800, 0x2800,
    0x4000, 0x4000, 0x3165, 0x07E0, 0x07E0, 0x07E0, 0x07E0, 0x07E0, 0x07E0, 0x07E0, 0x07E0, 0x07E0,
    0x07E0, 0x07E0, 0x07E0, 0x07E0, 0x07E0, 0x07E0, 0x07E0, 0x07E0, 0x07E0, 0x07E0, 0x07E0, 0x07E0,
    0x07E0, 0x07E0, 0x07E0, 0x07E0, 0x07E0, 0x07E0, 0x07E0, 0x07E0, 0x07E0, 0x07E0, 0x07E0, 0x07E0,
    0x07E0, 0x07E0, 0x07E0, 0x07E0, 0x07E0, 0x07E0, 0x07E0, 0x07E0, 0x07E0, 0x07E0, 0x07E0, 0x07E0,
    0x07E0, 0x07E0, 0x07E0, 0x07E0, 0x07E0, 0x3965, 0x3965, 0x3965, 0x4165, 0x2904, 0x4165, 0x3165,
    0x4144, 0x4144, 0x4144, 0x2800, 0x4000, 0x4000, 0x3165, 0x07E0, 0x07E0, 0x07E0, 0x07E0, 0x07E0,
    0x07E0, 0x07E0, 0x07E0, 0x07E0, 0x07E0, 0x07E0, 0x07E0, 0x07E0, 0x07E0, 0x07E0, 0x07E0, 0x07E0,
    0x07E0, 0x07E0, 0x07E0, 0x07E0, 0x07E0, 0x07E0, 0x07E0, 0x07E0, 0x07E0, 0x07E0, 0x07E0, 0x07E0,
    0x07E0, 0x07E0, 0x07E0, 0x07E0, 0x07E0, 0x07E0, 0x07E0, 0x07E0, 0x07E0, 0x07E0, 0x07E0, 0x07E0,
    0x07E0, 0x07E0, 0x07E0, 0x07E0, 0x07E0, 0x07E0, 0x07E0, 0x07E0, 0x3165, 0x3965, 0x3965, 0x3965,
    0x3965, 0x2904, 0x4165, 0x3165, 0x2800, 0x2800, 0x4144, 0x4144, 0x4000, 0x4000, 0x4000, 0x3165,
    0x07E0, 0x07E0, 0x07E0, 0x07E0, 0x07E0, 0x07E0, 0x07E0, 0x07E0, 0x07E0, 0x07E0, 0x07E0, 0x07E0,
    0x07E0, 0x07E0, 0x07E0, 0x07E0, 0x07E0, 0x07E0, 0x07E0, 0x07E0, 0x07E0, 0x07E0, 0x07E0, 0x07E0,
    0x07E0, 0x07E0, 0x07E0, 0x07E0, 0x07E0, 0x07E0, 0x07E0, 0x07E0, 0x07E0, 0x07E0, 0x07E0, 0x07E0,
    0x07E0, 0x07E0, 0x07E0, 0x07E0, 0x07E0, 0x07E0, 0x07E0, 0x07E0, 0x07E0, 0x07E0, 0x07E0, 0x07E0,
    0x3165, 0x3965, 0x3965, 0x3965, 0x3965, 0x3965, 0x3965, 0x3165, 0x2800, 0x2800, 0x2800, 0x4144,
    0x4144, 0x3000, 0x4000, 0x3165, 0x07E0, 0x07E0, 0x07E0, 0x07E0, 0x07E0, 0x07E0, 0x07E0, 0x07E0,
    0x07E0, 0x07E0, 0x07E0, 0x07E0, 0x07E0, 0x07E0, 0x07E0, 0x07E0, 0x07E0, 0x07E0, 0x07E0, 0x07E0,
    0x07E0, 0x07E0, 0x07E0, 0x07E0, 0x07E0, 0x07E0, 0x07E0, 0x07E0, 0x07E0, 0x07E0, 0x07E0, 0x07E0,
    0x07E0, 0x07E0, 0x07E0, 0x07E0, 0x07E0, 0x07E0, 0x07E0, 0x07E0, 0x07E0, 0x07E0, 0x07E0, 0x07E0,
    0x07E0, 0x07E0, 0x07E0, 0x07E0, 0x3165, 0x3144, 0x3144, 0x3965, 0x3965, 0x3965, 0x3165, 0x2800,
    0x3000, 0x2800, 0x2800, 0x4144, 0x4144, 0x4000, 0x3000, 0x3165, 0x07E0, 0x07E0, 0x07E0, 0x07E0,
    0x07E0, 0x07E0, 0x07E0, 0x07E0, 0x07E0, 0x07E0, 0x07E0, 0x07E0, 0x07E0, 0x07E0, 0x07E0, 0x07E0,
    0x07E0, 0x07E0, 0x07E0, 0x07E0, 0x07E0, 0x07E0, 0x07E0, 0x07E0, 0x07E0, 0x07E0, 0x07E0, 0x07E0,
    0x07E0, 0x07E0, 0x07E0, 0x07E0, 0x07E0, 0x07E0, 0x07E0, 0x07E0, 0x07E0, 0x07E0, 0x07E0, 0x07E0,
    0x07E0, 0x07E0, 0x07E0, 0x07E0, 0x07E0, 0x07E0, 0x07E0, 0x07E0, 0x3165, 0x2904, 0x3144, 0x3144,
    0x3144, 0x3144, 0x3165, 0x2800, 0x2800, 0x3000, 0x2800, 0x4000, 0x4144, 0x4144, 0x4000, 0x07E0,
    0x07E0, 0x07E0, 0x07E0, 0x07E0, 0x07E0, 0x07E0, 0x07E0, 0x07E0, 0x07E0, 0x07E0, 0x07E0, 0x07E0,
    0x07E0, 0x07E0, 0x07E0, 0x07E0, 0x07E0, 0x07E0, 0x07E0, 0x07E0, 0x07E0, 0x07E0, 0x07E0, 0x07E0,
    0x07E0, 0x07E0, 0x07E0, 0x07E0, 0x07E0, 0x07E0, 0x07E0, 0x07E0, 0x07E0, 0x07E0, 0x07E0, 0x07E0,
    0x07E0, 0x07E0, 0x07E0, 0x07E0, 0x07E0, 0x07E0, 0x07E0, 0x07E0, 0x07E0, 0x07E0, 0x07E0, 0x07E0,
    0x3165, 0x2904, 0x2904, 0x2904, 0x3144, 0x3144, 0x3165, 0x2800, 0x4144, 0x2800, 0x2800, 0x4000,
    0x4144, 0x4144, 0x4144, 0x4000, 0x3000, 0x07E0, 0x07E0, 0x07E0, 0x07E0, 0x07E0, 0x07E0, 0x07E0,
    0x07E0, 0x07E0, 0x07E0, 0x07E0, 0x07E0, 0x07E0, 0x07E0, 0x07E0, 0x07E0, 0x07E0, 0x07E0, 0x07E0,
    0x07E0, 0x07E0, 0x07E0, 0x07E0, 0x07E0, 0x07E0, 0x07E0, 0x07E0, 0x07E0, 0x07E0, 0x07E0, 0x07E0,
    0x07E0, 0x07E0, 0x07E0, 0x07E0, 0x07E0, 0x07E0, 0x07E0, 0x07E0, 0x07E0, 0x07E0, 0x07E0, 0x07E0,
    0x07E0, 0x07E0, 0x07E0, 0x07E0, 0x3165, 0x3165, 0x2904, 0x2904, 0x2904, 0x2904, 0x3165, 0x2800,
    0x4000, 0x4000, 0x4000, 0x3165, 0x07E0, 0x07E0, 0x4144, 0x4144, 0x3800, 0x3000, 0x07E0, 0x07E0,
    0x07E0, 0x07E0, 0x07E0, 0x07E0, 0x07E0, 0x07E0, 0x07E0, 0x07E0, 0x07E0, 0x07E0, 0x07E0, 0x07E0,
    0x07E0, 0x07E0, 0x07E0, 0x07E0, 0x07E0, 0x07E0, 0x07E0, 0x07E0, 0x07E0, 0x07E0, 0x07E0, 0x07E0,
    0x07E0, 0x07E0, 0x07E0, 0x07E0, 0x07E0, 0x07E0, 0x07E0, 0x07E0, 0x07E0, 0x07E0, 0x07E0, 0x07E0,
    0x07E0, 0x07E0, 0x07E0, 0x07E0, 0x07E0, 0x07E0, 0x07E0, 0x07E0, 0x07E0, 0x07E0, 0x3165, 0x2904,
    0x2904, 0x2904, 0x3165, 0x2800, 0x4000, 0x4000, 0x4000, 0x4000, 0x07E0, 0x07E0, 0x07E0, 0x3000,
    0x3800, 0x3800, 0x3000, 0x07E0, 0x07E0, 0x07E0, 0x07E0, 0x07E0, 0x07E0, 0x07E0, 0x07E0, 0x07E0,
    0x07E0, 0x07E0, 0x07E0, 0x07E0, 0x07E0, 0x07E0, 0x07E0, 0x07E0, 0x07E0, 0x07E0, 0x07E0, 0x07E0,
    0x07E0, 0x07E0, 0x07E0, 0x07E0, 0x07E0, 0x07E0, 0x07E0, 0x07E0, 0x07E0, 0x07E0, 0x07E0, 0x07E0,
    0x07E0, 0x07E0, 0x07E0, 0x07E0, 0x07E0, 0x07E0, 0x07E0, 0x07E0, 0x07E0, 0x07E0, 0x07E0, 0x07E0,
    0x07E0, 0x07E0, 0x07E0, 0x3165, 0x2904, 0x2904, 0x2904, 0x3165, 0x4000, 0x5000, 0x4000, 0x4000,
    0x07E0, 0x07E0, 0x07E0, 0x07E0, 0x3000, 0x3000, 0x3000, 0x07E0, 0x07E0, 0x07E0, 0x07E0, 0x07E0,
    0x07E0, 0x07E0, 0x07E0, 0x07E0, 0x07E0, 0x07E0, 0x07E0, 0x07E0, 0x07E0, 0x07E0, 0x07E0, 0x07E0,
    0x07E0, 0x07E0, 0x07E0, 0x07E0, 0x07E0, 0x07E0, 0x07E0, 0x07E0, 0x07E0, 0x07E0, 0x07E0, 0x07E0,
    0x07E0, 0x07E0, 0x07E0, 0x07E0, 0x07E0, 0x07E0, 0x07E0, 0x07E0, 0x07E0, 0x07E0, 0x07E0, 0x07E0,
    0x07E0, 0x07E0, 0x07E0, 0x07E0, 0x07E0, 0x07E0, 0x07E0, 0x07E0, 0x3165, 0x3165, 0x2904, 0x3165,
    0x07E0, 0x07E0, 0x5000, 0x5000, 0x5000, 0x07E0, 0x07E0, 0x07E0, 0x07E0, 0x07E0, 0x07E0, 0x07E0,
    0x07E0, 0x07E0, 0x07E0, 0x07E0, 0x07E0, 0x07E0, 0x07E0, 0x07E0, 0x07E0, 0x07E0, 0x07E0, 0x07E0,
    0x07E0, 0x07E0, 0x07E0, 0x07E0, 0x07E0, 0x07E0, 0x07E0, 0x07E0, 0x07E0, 0x07E0, 0x07E0, 0x07E0,
    0x07E0, 0x07E0, 0x07E0, 0x07E0, 0x07E0, 0x07E0, 0x07E0, 0x07E0, 0x07E0, 0x07E0, 0x07E0, 0x07E0,
    0x07E0, 0x07E0, 0x07E0, 0x07E0, 0x07E0, 0x07E0, 0x07E0, 0x07E0, 0x07E0, 0x07E0, 0x07E0, 0x07E0,
    0x07E0, 0x07E0, 0x3165, 0x3165, 0x07E0, 0x07E0, 0x5000, 0x5000, 0x5000, 0x07E0, 0x07E0, 0x07E0,
    0x07E0, 0x07E0, 0x07E0, 0x07E0, 0x07E0, 0x07E0, 0x07E0, 0x07E0, 0x07E0, 0x07E0, 0x07E0, 0x07E0,
    0x07E0, 0x07E0, 0x07E0, 0x07E0, 0x07E0, 0x07E0, 0x07E0, 0x07E0, 0x07E0, 0x07E0, 0x07E0, 0x07E0,
    0x07E0, 0x07E0, 0x07E0, 0x07E0, 0x07E0, 0x07E0, 0x07E0, 0x07E0, 0x07E0, 0x07E0, 0x07E0, 0x07E0,
    0x07E0, 0x07E0, 0x07E0, 0x07E0, 0x07E0, 0x07E0, 0x07E0, 0x07E0, 0x07E0, 0x07E0, 0x07E0, 0x07E0,
    0x07E0, 0x07E0, 0x07E0, 0x07E0, 0x07E0, 0x07E0, 0x07E0, 0x07E0, 0x07E0, 0x07E0, 0x07E0, 0x5000,
    0x07E0, 0x07E0, 0x07E0, 0x07E0, 0x07E0, 0x07E0, 0x07E0, 0x07E0, 0x07E0, 0x07E0, 0x07E0, 0x07E0,
    0x07E0, 0x07E0, 0x07E0, 0x07E0, 0x07E0, 0x07E0, 0x07E0, 0x07E0, 0x07E0, 0x07E0, 0x07E0, 0x07E0,
    0x07E0, 0x07E0, 0x07E0, 0x07E0, 0x07E0, 0x07E0, 0x07E0, 0x07E0, 0x07E0, 0x07E0, 0x07E0, 0x07E0,
    0x07E0, 0x07E0, 0x07E0, 0x07E0, 0x07E0, 0x07E0, 0x07E0, 0x07E0, 0x07E0, 0x07E0, 0x07E0, 0x07E0,
    0x07E0, 0x07E0, 0x07E0, 0x07E0, 0x07E0, 0x07E0, 0x07E0, 0x07E0, 0x07E0, 0x07E0, 0x07E0, 0x07E0,
    0x07E0, 0x07E0, 0x07E0, 0x07E0, 0x07E0, 0x07E0, 0x07E0, 0x07E0, 0x07E0, 0x07E0, 0x07E0, 0x07E0,
    0x07E0, 0x07E0, 0x07E0, 0x07E0, 0x07E0, 0x07E0, 0x07E0, 0x07E0, 0x07E0, 0x07E0, 0x07E0, 0x07E0,
    0x07E0, 0x07E0, 0x07E0, 0x07E0, 0x07E0, 0x07E0, 0x07E0, 0x07E0, 0x07E0, 0x07E0, 0x07E0, 0x07E0,
    0x07E0, 0x07E0, 0x07E0, 0x07E0, 0x07E0, 0x07E0, 0x07E0, 0x07E0, 0x07E0, 0x07E0, 0x07E0, 0x07E0,
    0x07E0, 0x07E0, 0x07E0, 0x07E0, 0x07E0, 0x07E0, 0x07E0, 0x07E0, 0x07E0, 0x07E0, 0x07E0, 0x07E0,
    0x07E0, 0x07E0, 0x07E0, 0x07E0, 0x07E0, 0x07E0, 0x07E0, 0x07E0, 0x07E0, 0x07E0, 0x07E0, 0x07E0,
    0x07E0, 0x07E0, 0x07E0, 0x07E0, 0x07E0, 0x07E0, 0x07E0, 0x07E0, 0x07E0, 0x07E0, 0x07E0, 0x07E0,
    0x07E0, 0x07E0, 0x07E0, 0x07E0, 0x07E0, 0x07E0, 0x07E0, 0x07E0, 0x07E0, 0x07E0, 0x07E0, 0x07E0,
    0x07E0, 0x07E0, 0x07E0, 0x07E0, 0x07E0, 0x07E0, 0x07E0, 0x07E0, 0x07E0, 0x07E0, 0x07E0, 0x07E0,
    0x07E0, 0x07E0, 0x07E0, 0x07E0, 0x07E0, 0x07E0, 0x07E0, 0x07E0, 0x07E0, 0x07E0, 0x07E0, 0x07E0,
    0x07E0, 0x07E0, 0x07E0, 0x07E0, 0x07E0, 0x07E0, 0x07E0, 0x07E0, 0x07E0, 0x07E0, 0x07E0, 0x07E0,
    0x07E0, 0x07E0, 0x07E0, 0x07E0, 0x07E0, 0x07E0, 0x07E0, 0x07E0, 0x07E0, 0x07E0, 0x07E0, 0x07E0,
    0x07E0, 0x07E0, 0x07E0, 0x07E0, 0x07E0, 0x07E0, 0x07E0, 0x07E0, 0x07E0, 0x07E0, 0x07E0, 0x07E0,
    0x07E0, 0x07E0, 0x07E0, 0x07E0, 0x07E0, 0x07E0, 0x07E0, 0x07E0, 0x07E0, 0x07E0, 0x07E0, 0x07E0,
    0x07E0, 0x07E0, 0x07E0, 0x07E0, 0x07E0, 0x07E0, 0x07E0, 0x07E0, 0x07E0, 0x07E0, 0x07E0, 0x07E0,
    0x07E0, 0x07E0, 0x07E0, 0x07E0, 0x07E0, 0x07E0, 0x07E0, 0x07E0, 0x07E0, 0x07E0, 0x07E0, 0x07E0,
    0x07E0, 0x07E0, 0x07E0, 0x07E0, 0x07E0, 0x07E0, 0x07E0, 0x07E0, 0x07E0, 0x07E0, 0x07E0, 0x07E0,
    0x07E0, 0x07E0, 0x07E0, 0x07E0, 0x07E0, 0x07E0, 0x07E0, 0x07E0, 0x07E0, 0x07E0, 0x07E0, 0x07E0,
    0x07E0, 0x07E0, 0x07E0, 0x07E0, 0x07E0, 0x07E0, 0x07E0, 0x07E0, 0x07E0, 0x07E0, 0x07E0, 0x07E0,
    0x07E0, 0x07E0, 0x07E0, 0x07E0,
};

/* Timeline frame 4 */
static const uint16_t broken_coffin_frame_4[] = {
    0x07E0, 0x07E0, 0x07E0, 0x07E0, 0x07E0, 0x07E0, 0x07E0, 0x07E0, 0x07E0, 0x07E0, 0x07E0, 0x07E0,
    0x07E0, 0x07E0, 0x07E0, 0x07E0, 0x07E0, 0x07E0, 0x07E0, 0x07E0, 0x07E0, 0x07E0, 0x07E0, 0x07E0,
    0x07E0, 0x07E0, 0x07E0, 0x07E0, 0x07E0, 0x07E0, 0x07E0, 0x07E0, 0x07E0, 0x07E0, 0x07E0, 0x07E0,
    0x07E0, 0x07E0, 0x07E0, 0x07E0, 0x07E0, 0x07E0, 0x07E0, 0x07E0, 0x07E0, 0x07E0, 0x07E0, 0x07E0,
    0x07E0, 0x07E0, 0x07E0, 0x07E0, 0x07E0, 0x07E0, 0x07E0, 0x07E0, 0x07E0, 0x07E0, 0x07E0, 0x07E0,
    0x07E0, 0x07E0, 0x07E0, 0x07E0, 0x07E0, 0x07E0, 0x07E0, 0x07E0, 0x07E0, 0x07E0, 0x07E0, 0x07E0,
    0x07E0, 0x07E0, 0x07E0, 0x07E0, 0x07E0, 0x07E0, 0x07E0, 0x07E0, 0x07E0, 0x07E0, 0x07E0, 0x07E0,
    0x07E0, 0x07E0, 0x07E0, 0x07E0, 0x07E0, 0x07E0, 0x07E0, 0x07E0, 0x07E0, 0x07E0, 0x07E0, 0x07E0,
    0x07E0, 0x07E0, 0x07E0, 0x07E0, 0x07E0, 0x07E0, 0x07E0, 0x07E0, 0x07E0, 0x07E0, 0x07E0, 0x07E0,
    0x07E0, 0x07E0, 0x07E0, 0x07E0, 0x07E0, 0x07E0, 0x07E0, 0x07E0, 0x07E0, 0x07E0, 0x07E0, 0x07E0,
    0x07E0, 0x07E0, 0x07E0, 0x07E0, 0x07E0, 0x07E0, 0x07E0, 0x07E0, 0x07E0, 0x07E0, 0x07E0, 0x07E0,
    0x07E0, 0x07E0, 0x07E0, 0x07E0, 0x07E0, 0x07E0, 0x07E0, 0x07E0, 0x07E0, 0x07E0, 0x07E0, 0x07E0,
    0x07E0, 0x07E0, 0x07E0, 0x07E0, 0x07E0, 0x07E0, 0x07E0, 0x07E0, 0x07E0, 0x07E0, 0x07E0, 0x07E0,
    0x07E0, 0x07E0, 0x07E0, 0x07E0, 0x07E0, 0x07E0, 0x07E0, 0x07E0, 0x07E0, 0x07E0, 0x07E0, 0x07E0,
    0x07E0, 0x07E0, 0x07E0, 0x07E0, 0x07E0, 0x07E0, 0x07E0, 0x07E0, 0x07E0, 0x07E0, 0x07E0, 0x07E0,
    0x07E0, 0x07E0, 0x07E0, 0x07E0, 0x07E0, 0x07E0, 0x07E0, 0x07E0, 0x07E0, 0x07E0, 0x07E0, 0x07E0,
    0x07E0, 0x07E0, 0x07E0, 0x07E0, 0x07E0, 0x07E0, 0x07E0, 0x07E0, 0x07E0, 0x07E0, 0x07E0, 0x07E0,
    0x07E0, 0x07E0, 0x07E0, 0x07E0, 0x07E0, 0x07E0, 0x07E0, 0x07E0, 0x07E0, 0x07E0, 0x07E0, 0x07E0,
    0x07E0, 0x07E0, 0x07E0, 0x07E0, 0x07E0, 0x07E0, 0x07E0, 0x07E0, 0x07E0, 0x07E0, 0x07E0, 0x07E0,
    0x07E0, 0x07E0, 0x07E0, 0x07E0, 0x07E0, 0x07E0, 0x07E0, 0x07E0, 0x07E0, 0x07E0, 0x07E0, 0x07E0,
    0x07E0, 0x07E0, 0x07E0, 0x07E0, 0x07E0, 0x07E0, 0x07E0, 0x07E0, 0x07E0, 0x07E0, 0x07E0, 0x07E0,
    0x07E0, 0x07E0, 0x07E0, 0x07E0, 0x07E0, 0x07E0, 0x07E0, 0x07E0, 0x07E0, 0x07E0, 0x07E0, 0x07E0,
    0x07E0, 0x07E0, 0x07E0, 0x07E0, 0x07E0, 0x07E0, 0x07E0, 0x07E0, 0x07E0, 0x07E0, 0x07E0, 0x07E0,
    0x07E0, 0x07E0, 0x07E0, 0x07E0, 0x07E0, 0x07E0, 0x07E0, 0x07E0, 0x07E0, 0x07E0, 0x07E0, 0x07E0,
    0x07E0, 0x07E0, 0x07E0, 0x07E0, 0x07E0, 0x07E0, 0x07E0, 0x07E0, 0x07E0, 0x07E0, 0x07E0, 0x07E0,
    0x07E0, 0x07E0, 0x07E0, 0x07E0, 0x07E0, 0x07E0, 0x07E0, 0x07E0, 0x07E0, 0x07E0, 0x07E0, 0x07E0,
    0x07E0, 0x07E0, 0x07E0, 0x07E0, 0x07E0, 0x07E0, 0x07E0, 0x07E0, 0x07E0, 0x07E0, 0x07E0, 0x07E0,
    0x07E0, 0x07E0, 0x07E0, 0x07E0, 0x07E0, 0x07E0, 0x07E0, 0x07E0, 0x07E0, 0x07E0, 0x07E0, 0x07E0,
    0x07E0, 0x07E0, 0x07E0, 0x07E0, 0x07E0, 0x07E0, 0x07E0, 0x07E0, 0x07E0, 0x07E0, 0x07E0, 0x07E0,
    0x07E0, 0x07E0, 0x07E0, 0x07E0, 0x07E0, 0x07E0, 0x07E0, 0x07E0, 0x07E0, 0x07E0, 0x07E0, 0x07E0,
    0x07E0, 0x07E0, 0x07E0, 0x07E0, 0x07E0, 0x07E0, 0x07E0, 0x07E0, 0x07E0, 0x07E0, 0x07E0, 0x07E0,
    0x07E0, 0x07E0, 0x07E0, 0x07E0, 0x07E0, 0x07E0, 0x07E0, 0x07E0, 0x07E0, 0x07E0, 0x07E0, 0x07E0,
    0x07E0, 0x07E0, 0x07E0, 0x07E0, 0x07E0, 0x07E0, 0x07E0, 0x07E0, 0x07E0, 0x07E0, 0x07E0, 0x07E0,
    0x07E0, 0x07E0, 0x07E0, 0x07E0, 0x07E0, 0x07E0, 0x07E0, 0x07E0, 0x07E0, 0x07E0, 0x07E0, 0x07E0,
    0x07E0, 0x07E0, 0x07E0, 0x07E0, 0x07E0, 0x07E0, 0x07E0, 0x07E0, 0x07E0, 0x07E0, 0x07E0, 0x07E0,
    0x07E0, 0x07E0, 0x07E0, 0x07E0, 0x07E0, 0x07E0, 0x07E0, 0x07E0, 0x07E0, 0x07E0, 0x07E0, 0x07E0,
    0x07E0, 0x07E0, 0x07E0, 0x07E0, 0x07E0, 0x07E0, 0x07E0, 0x07E0, 0x07E0, 0x07E0, 0x07E0, 0x07E0,
    0x07E0, 0x07E0, 0x07E0, 0x07E0, 0x07E0, 0x07E0, 0x07E0, 0x07E0, 0x07E0, 0x07E0, 0x07E0, 0x07E0,
    0x07E0, 0x07E0, 0x07E0, 0x07E0, 0x07E0, 0x07E0, 0x07E0, 0x07E0, 0x07E0, 0x07E0, 0x07E0, 0x07E0,
    0x07E0, 0x07E0, 0x07E0, 0x07E0, 0x07E0, 0x07E0, 0x07E0, 0x07E0, 0x07E0, 0x07E0, 0x07E0, 0x07E0,
    0x07E0, 0x07E0, 0x07E0, 0x07E0, 0x07E0, 0x07E0, 0x07E0, 0x07E0, 0x07E0, 0x07E0, 0x07E0, 0x07E0,
    0x07E0, 0x07E0, 0x07E0, 0x07E0, 0x07E0, 0x07E0, 0x07E0, 0x07E0, 0x07E0, 0x07E0, 0x07E0, 0x07E0,
    0x07E0, 0x07E0, 0x07E0, 0x07E0, 0x07E0, 0x07E0, 0x07E0, 0x07E0, 0x07E0, 0x07E0, 0x07E0, 0x07E0,
    0x07E0, 0x07E0, 0x07E0, 0x07E0, 0x07E0, 0x07E0, 0x07E0, 0x07E0, 0x07E0, 0x07E0, 0x07E0, 0x07E0,
    0x07E0, 0x07E0, 0x07E0, 0x07E0, 0x07E0, 0x07E0, 0x07E0, 0x07E0, 0x07E0, 0x07E0, 0x07E0, 0x07E0,
    0x07E0, 0x07E0, 0x07E0, 0x07E0, 0x07E0, 0x07E0, 0x07E0, 0x07E0, 0x07E0, 0x07E0, 0x07E0, 0x07E0,
    0x07E0, 0x07E0, 0x07E0, 0x07E0, 0x07E0, 0x07E0, 0x07E0, 0x07E0, 0x07E0, 0x07E0, 0x07E0, 0x07E0,
    0x07E0, 0x07E0, 0x07E0, 0x07E0, 0x07E0, 0x07E0, 0x07E0, 0x07E0, 0x07E0, 0x07E0, 0x07E0, 0x07E0,
    0x07E0, 0x07E0, 0x07E0, 0x07E0, 0x07E0, 0x07E0, 0x07E0, 0x07E0, 0x07E0, 0x07E0, 0x07E0, 0x07E0,
    0x07E0, 0x07E0, 0x07E0, 0x07E0, 0x07E0, 0x07E0, 0x07E0, 0x07E0, 0x07E0, 0x07E0, 0x07E0, 0x07E0,
    0x07E0, 0x07E0, 0x07E0, 0x07E0, 0x07E0, 0x07E0, 0x07E0, 0x07E0, 0x07E0, 0x07E0, 0x07E0, 0x07E0,
    0x07E0, 0x07E0, 0x07E0, 0x07E0, 0x07E0, 0x07E0, 0x07E0, 0x07E0, 0x07E0, 0x07E0, 0x07E0, 0x07E0,
    0x07E0, 0x07E0, 0x07E0, 0x07E0, 0x07E0, 0x07E0, 0x07E0, 0x07E0, 0x07E0, 0x07E0, 0x07E0, 0x07E0,
    0x07E0, 0x07E0, 0x07E0, 0x07E0, 0x07E0, 0x07E0, 0x07E0, 0x07E0, 0x07E0, 0x07E0, 0x07E0, 0x07E0,
    0x07E0, 0x07E0, 0x07E0, 0x07E0, 0x07E0, 0x07E0, 0x07E0, 0x07E0, 0x07E0, 0x07E0, 0x07E0, 0x07E0,
    0x07E0, 0x07E0, 0x07E0, 0x07E0, 0x07E0, 0x07E0, 0x07E0, 0x07E0, 0x07E0, 0x07E0, 0x07E0, 0x07E0,
    0x07E0, 0x07E0, 0x07E0, 0x07E0, 0x07E0, 0x07E0, 0x07E0, 0x07E0, 0x07E0, 0x07E0, 0x07E0, 0x07E0,
    0x07E0, 0x07E0, 0x07E0, 0x07E0, 0x07E0, 0x07E0, 0x07E0, 0x07E0, 0x07E0, 0x07E0, 0x07E0, 0x07E0,
    0x07E0, 0x07E0, 0x07E0, 0x07E0, 0x07E0, 0x07E0, 0x07E0, 0x07E0, 0x07E0, 0x07E0, 0x07E0, 0x07E0,
    0x07E0, 0x07E0, 0x07E0, 0x07E0, 0x07E0, 0x07E0, 0x07E0, 0x07E0, 0x07E0, 0x07E0, 0x07E0, 0x07E0,
    0x07E0, 0x07E0, 0x07E0, 0x07E0, 0x07E0, 0x07E0, 0x07E0, 0x07E0, 0x07E0, 0x07E0, 0x07E0, 0x07E0,
    0x07E0, 0x07E0, 0x07E0, 0x07E0, 0x07E0, 0x07E0, 0x07E0, 0x07E0, 0x07E0, 0x07E0, 0x07E0, 0x07E0,
    0x07E0, 0x07E0, 0x07E0, 0x07E0, 0x07E0, 0x07E0, 0x07E0, 0x07E0, 0x07E0, 0x07E0, 0x07E0, 0x07E0,
    0x07E0, 0x07E0, 0x07E0, 0x07E0, 0x07E0, 0x07E0, 0x07E0, 0x07E0, 0x07E0, 0x07E0, 0x07E0, 0x07E0,
    0x07E0, 0x07E0, 0x07E0, 0x07E0, 0x07E0, 0x07E0, 0x07E0, 0x07E0, 0x07E0, 0x07E0, 0x07E0, 0x07E0,
    0x07E0, 0x07E0, 0x07E0, 0x07E0, 0x07E0, 0x07E0, 0x07E0, 0x07E0, 0x07E0, 0x07E0, 0x07E0, 0x07E0,
    0x07E0, 0x07E0, 0x07E0, 0x07E0, 0x07E0, 0x07E0, 0x07E0, 0x07E0, 0x07E0, 0x07E0, 0x07E0, 0x07E0,
    0x07E0, 0x07E0, 0x07E0, 0x07E0, 0x07E0, 0x07E0, 0x07E0, 0x07E0, 0x07E0, 0x07E0, 0x07E0, 0x07E0,
    0x07E0, 0x07E0, 0x07E0, 0x07E0, 0x07E0, 0x07E0, 0x07E0, 0x07E0, 0x07E0, 0x07E0, 0x07E0, 0x07E0,
    0x07E0, 0x07E0, 0x07E0, 0x07E0, 0x07E0, 0x07E0, 0x07E0, 0x07E0, 0x07E0, 0x07E0, 0x07E0, 0x07E0,
    0x07E0, 0x07E0, 0x07E0, 0x07E0, 0x07E0, 0x07E0, 0x07E0, 0x07E0, 0x07E0, 0x07E0, 0x07E0, 0x07E0,
    0x07E0, 0x07E0, 0x07E0, 0x07E0, 0x07E0, 0x07E0, 0x07E0, 0x07E0, 0x07E0, 0x07E0, 0x07E0, 0x07E0,
    0x07E0, 0x07E0, 0x07E0, 0x07E0, 0x07E0, 0x07E0, 0x07E0, 0x07E0, 0x07E0, 0x07E0, 0x07E0, 0x07E0,
    0x07E0, 0x07E0, 0x07E0, 0x07E0, 0x07E0, 0x07E0, 0x07E0, 0x07E0, 0x07E0, 0x07E0, 0x07E0, 0x07E0,
    0x07E0, 0x07E0, 0x07E0, 0x07E0, 0x07E0, 0x07E0, 0x07E0, 0x07E0, 0x07E0, 0x07E0, 0x07E0, 0x07E0,
    0x07E0, 0x07E0, 0x07E0, 0x07E0, 0x07E0, 0x07E0, 0x07E0, 0x07E0, 0x07E0, 0x07E0, 0x07E0, 0x07E0,
    0x07E0, 0x07E0, 0x07E0, 0x07E0, 0x07E0, 0x07E0, 0x07E0, 0x07E0, 0x07E0, 0x07E0, 0x07E0, 0x07E0,
    0x07E0, 0x07E0, 0x07E0, 0x07E0, 0x07E0, 0x07E0, 0x07E0, 0x07E0, 0x07E0, 0x07E0, 0x07E0, 0x07E0,
    0x07E0, 0x07E0, 0x07E0, 0x07E0, 0x07E0, 0x07E0, 0x07E0, 0x07E0, 0x07E0, 0x07E0, 0x07E0, 0x07E0,
    0x07E0, 0x07E0, 0x07E0, 0x07E0, 0x07E0, 0x07E0, 0x07E0, 0x07E0, 0x07E0, 0x07E0, 0x07E0, 0x07E0,
    0x07E0, 0x07E0, 0x07E0, 0x07E0, 0x07E0, 0x07E0, 0x07E0, 0x07E0, 0x07E0, 0x07E0, 0x07E0, 0x07E0,
    0x07E0, 0x07E0, 0x07E0, 0x07E0, 0x07E0, 0x07E0, 0x07E0, 0x07E0, 0x07E0, 0x07E0, 0x07E0, 0x07E0,
    0x07E0, 0x07E0, 0x07E0, 0x07E0, 0x07E0, 0x07E0, 0x07E0, 0x07E0, 0x07E0, 0x07E0, 0x07E0, 0x07E0,
    0x07E0, 0x07E0, 0x07E0, 0x07E0, 0x07E0, 0x07E0, 0x07E0, 0x07E0, 0x07E0, 0x07E0, 0x07E0, 0x07E0,
    0x07E0, 0x07E0, 0x07E0, 0x07E0, 0x07E0, 0x07E0, 0x07E0, 0x07E0, 0x07E0, 0x07E0, 0x07E0, 0x07E0,
    0x07E0, 0x07E0, 0x07E0, 0x07E0, 0x07E0, 0x07E0, 0x07E0, 0x07E0, 0x07E0, 0x07E0, 0x07E0, 0x07E0,
    0x07E0, 0x07E0, 0x07E0, 0x07E0, 0x07E0, 0x07E0, 0x07E0, 0x07E0, 0x07E0, 0x07E0, 0x07E0, 0x07E0,
    0x07E0, 0x07E0, 0x07E0, 0x07E0, 0x07E0, 0x07E0, 0x07E0, 0x07E0, 0x07E0, 0x07E0, 0x07E0, 0x07E0,
    0x07E0, 0x07E0, 0x07E0, 0x07E0, 0x07E0, 0x07E0, 0x07E0, 0x07E0, 0x07E0, 0x07E0, 0x07E0, 0x07E0,
    0x07E0, 0x07E0, 0x07E0, 0x07E0, 0x07E0, 0x07E0, 0x07E0, 0x07E0, 0x07E0, 0x07E0, 0x07E0, 0x07E0,
    0x07E0, 0x07E0, 0x07E0, 0x07E0, 0x07E0, 0x07E0, 0x07E0, 0x07E0, 0x07E0, 0x07E0, 0x07E0, 0x07E0,
    0x07E0, 0x07E0, 0x07E0, 0x07E0, 0x07E0, 0x07E0, 0x07E0, 0x07E0, 0x07E0, 0x07E0, 0x07E0, 0x07E0,
    0x07E0, 0x07E0, 0x07E0, 0x07E0, 0x07E0, 0x07E0, 0x07E0, 0x07E0, 0x07E0, 0x07E0, 0x07E0, 0x07E0,
    0x07E0, 0x07E0, 0x07E0, 0x07E0, 0x07E0, 0x07E0, 0x07E0, 0x07E0, 0x07E0, 0x07E0, 0x07E0, 0x07E0,
    0x07E0, 0x07E0, 0x07E0, 0x07E0, 0x07E0, 0x07E0, 0x07E0, 0x07E0, 0x07E0, 0x07E0, 0x07E0, 0x07E0,
    0x07E0, 0x07E0, 0x07E0, 0x07E0, 0x07E0, 0x07E0, 0x07E0, 0x07E0, 0x07E0, 0x07E0, 0x07E0, 0x07E0,
    0x07E0, 0x07E0, 0x07E0, 0x07E0, 0x07E0, 0x07E0, 0x07E0, 0x07E0, 0x07E0, 0x07E0, 0x07E0, 0x07E0,
    0x07E0, 0x07E0, 0x07E0, 0x07E0, 0x07E0, 0x07E0, 0x07E0, 0x07E0, 0x07E0, 0x07E0, 0x07E0, 0x07E0,
    0x07E0, 0x07E0, 0x07E0, 0x07E0, 0x07E0, 0x07E0, 0x07E0, 0x07E0, 0x07E0, 0x07E0, 0x07E0, 0x07E0,
    0x07E0, 0x07E0, 0x07E0, 0x07E0, 0x07E0, 0x07E0, 0x07E0, 0x07E0, 0x07E0, 0x07E0, 0x07E0, 0x07E0,
    0x07E0, 0x07E0, 0x07E0, 0x07E0, 0x07E0, 0x07E0, 0x07E0, 0x07E0, 0x07E0, 0x07E0, 0x07E0, 0x07E0,
    0x07E0, 0x07E0, 0x07E0, 0x07E0, 0x07E0, 0x07E0, 0x07E0, 0x07E0, 0x07E0, 0x07E0, 0x07E0, 0x07E0,
    0x07E0, 0x07E0, 0x07E0, 0x07E0, 0x07E0, 0x07E0, 0x07E0, 0x07E0, 0x07E0, 0x07E0, 0x07E0, 0x07E0,
    0x07E0, 0x07E0, 0x07E0, 0x07E0, 0x07E0, 0x07E0, 0x07E0, 0x07E0, 0x07E0, 0x07E0, 0x07E0, 0x07E0,
    0x07E0, 0x07E0, 0x07E0, 0x07E0, 0x07E0, 0x07E0, 0x07E0, 0x07E0, 0x07E0, 0x07E0, 0x07E0, 0x07E0,
    0x07E0, 0x07E0, 0x07E0, 0x07E0, 0x07E0, 0x07E0, 0x07E0, 0x07E0, 0x07E0, 0x07E0, 0x07E0, 0x07E0,
    0x07E0, 0x07E0, 0x07E0, 0x07E0, 0x07E0, 0x07E0, 0x07E0, 0x07E0, 0x07E0, 0x07E0, 0x07E0, 0x07E0,
    0x07E0, 0x07E0, 0x07E0, 0x07E0, 0x07E0, 0x07E0, 0x07E0, 0x07E0, 0x07E0, 0x07E0, 0x07E0, 0x07E0,
    0x07E0, 0x07E0, 0x07E0, 0x07E0, 0x07E0, 0x07E0, 0x07E0, 0x07E0, 0x07E0, 0x07E0, 0x07E0, 0x07E0,
    0x07E0, 0x07E0, 0x07E0, 0x07E0, 0x07E0, 0x07E0, 0x07E0, 0x07E0, 0x07E0, 0x07E0, 0x07E0, 0x07E0,
    0x07E0, 0x07E0, 0x07E0, 0x07E0, 0x07E0, 0x07E0, 0x07E0, 0x07E0, 0x07E0, 0x07E0, 0x07E0, 0x07E0,
    0x07E0, 0x07E0, 0x07E0, 0x07E0, 0x07E0, 0x07E0, 0x07E0, 0x07E0, 0x07E0, 0x07E0, 0x07E0, 0x07E0,
    0x07E0, 0x07E0, 0x07E0, 0x07E0, 0x07E0, 0x07E0, 0x07E0, 0x07E0, 0x07E0, 0x07E0, 0x07E0, 0x07E0,
    0x07E0, 0x07E0, 0x07E0, 0x07E0, 0x07E0, 0x07E0, 0x07E0, 0x07E0, 0x07E0, 0x07E0, 0x07E0, 0x07E0,
    0x07E0, 0x07E0, 0x07E0, 0x07E0, 0x07E0, 0x07E0, 0x07E0, 0x07E0, 0x07E0, 0x07E0, 0x07E0, 0x07E0,
    0x07E0, 0x07E0, 0x07E0, 0x07E0, 0x07E0, 0x07E0, 0x07E0, 0x07E0, 0x07E0, 0x07E0, 0x07E0, 0x07E0,
    0x07E0, 0x07E0, 0x07E0, 0x07E0, 0x07E0, 0x07E0, 0x07E0, 0x07E0, 0x07E0, 0x07E0, 0x07E0, 0x07E0,
    0x07E0, 0x07E0, 0x07E0, 0x07E0, 0x07E0, 0x07E0, 0x07E0, 0x07E0, 0x07E0, 0x07E0, 0x07E0, 0x07E0,
    0x07E0, 0x07E0, 0x07E0, 0x07E0, 0x07E0, 0x07E0, 0x07E0, 0x07E0, 0x07E0, 0x07E0, 0x07E0, 0x07E0,
    0x07E0, 0x07E0, 0x07E0, 0x07E0, 0x07E0, 0x07E0, 0x07E0, 0x07E0, 0x07E0, 0x07E0, 0x07E0, 0x07E0,
    0x07E0, 0x07E0, 0x07E0, 0x07E0, 0x07E0, 0x07E0, 0x07E0, 0x07E0, 0x07E0, 0x07E0, 0x07E0, 0x07E0,
    0x07E0, 0x07E0, 0x07E0, 0x07E0, 0x07E0, 0x07E0, 0x07E0, 0x07E0, 0x07E0, 0x07E0, 0x07E0, 0x07E0,
    0x07E0, 0x07E0, 0x07E0, 0x07E0, 0x07E0, 0x07E0, 0x07E0, 0x07E0, 0x07E0, 0x07E0, 0x07E0, 0x07E0,
    0x07E0, 0x07E0, 0x07E0, 0x07E0, 0x07E0, 0x07E0, 0x07E0, 0x07E0, 0x07E0, 0x07E0, 0x07E0, 0x07E0,
    0x07E0, 0x07E0, 0x07E0, 0x07E0, 0x07E0, 0x07E0, 0x07E0, 0x07E0, 0x07E0, 0x07E0, 0x07E0, 0x07E0,
    0x07E0, 0x07E0, 0x07E0, 0x07E0, 0x07E0, 0x07E0, 0x07E0, 0x07E0, 0x07E0, 0x07E0, 0x07E0, 0x07E0,
    0x07E0, 0x07E0, 0x07E0, 0x07E0, 0x07E0, 0x07E0, 0x07E0, 0x07E0, 0x07E0, 0x07E0, 0x07E0, 0x07E0,
    0x07E0, 0x07E0, 0x07E0, 0x07E0, 0x07E0, 0x07E0, 0x07E0, 0x07E0, 0x07E0, 0x07E0, 0x07E0, 0x07E0,
    0x07E0, 0x07E0, 0x07E0, 0x07E0, 0x07E0, 0x07E0, 0x07E0, 0x07E0, 0x07E0, 0x07E0, 0x07E0, 0x07E0,
    0x07E0, 0x07E0, 0x07E0, 0x07E0, 0x07E0, 0x07E0, 0x07E0, 0x07E0, 0x07E0, 0x07E0, 0x07E0, 0x07E0,
    0x07E0, 0x07E0, 0x07E0, 0x07E0, 0x07E0, 0x07E0, 0x07E0, 0x07E0, 0x07E0, 0x07E0, 0x07E0, 0x07E0,
    0x07E0, 0x07E0, 0x07E0, 0x07E0, 0x07E0, 0x07E0, 0x07E0, 0x07E0, 0x07E0, 0x07E0, 0x07E0, 0x07E0,
    0x07E0, 0x07E0, 0x07E0, 0x07E0, 0x07E0, 0x07E0, 0x07E0, 0x07E0, 0x07E0, 0x07E0, 0x07E0, 0x07E0,
    0x07E0, 0x07E0, 0x07E0, 0x07E0, 0x07E0, 0x07E0, 0x07E0, 0x07E0, 0x07E0, 0x07E0, 0x07E0, 0x07E0,
    0x07E0, 0x07E0, 0x07E0, 0x07E0, 0x07E0, 0x07E0, 0x07E0, 0x07E0, 0x07E0, 0x07E0, 0x07E0, 0x07E0,
    0x07E0, 0x07E0, 0x07E0, 0x07E0, 0x07E0, 0x07E0, 0x07E0, 0x07E0, 0x07E0, 0x07E0, 0x07E0, 0x07E0,
    0x07E0, 0x07E0, 0x07E0, 0x07E0, 0x07E0, 0x07E0, 0x07E0, 0x07E0, 0x07E0, 0x07E0, 0x07E0, 0x07E0,
    0x07E0, 0x07E0, 0x07E0, 0x07E0, 0x07E0, 0x07E0, 0x07E0, 0x07E0, 0x07E0, 0x07E0, 0x07E0, 0x07E0,
    0x07E0, 0x07E0, 0x07E0, 0x07E0, 0x07E0, 0x07E0, 0x07E0, 0x07E0, 0x07E0, 0x07E0, 0x07E0, 0x07E0,
    0x07E0, 0x07E0, 0x07E0, 0x07E0, 0x07E0, 0x07E0, 0x07E0, 0x07E0, 0x07E0, 0x07E0, 0x07E0, 0x07E0,
    0x07E0, 0x07E0, 0x07E0, 0x07E0, 0x07E0, 0x07E0, 0x07E0, 0x07E0, 0x07E0, 0x07E0, 0x07E0, 0x07E0,
    0x07E0, 0x07E0, 0x07E0, 0x07E0, 0x07E0, 0x07E0, 0x07E0, 0x07E0, 0x07E0, 0x07E0, 0x07E0, 0x07E0,
    0x07E0, 0x07E0, 0x07E0, 0x07E0, 0x07E0, 0x07E0, 0x07E0, 0x07E0, 0x07E0, 0x07E0, 0x07E0, 0x07E0,
    0x07E0, 0x07E0, 0x07E0, 0x07E0, 0x07E0, 0x07E0, 0x07E0, 0x07E0, 0x07E0, 0x07E0, 0x07E0, 0x07E0,
    0x07E0, 0x07E0, 0x07E0, 0x07E0, 0x07E0, 0x07E0, 0x07E0, 0x07E0, 0x07E0, 0x07E0, 0x07E0, 0x07E0,
    0x07E0, 0x07E0, 0x07E0, 0x07E0, 0x07E0, 0x07E0, 0x07E0, 0x07E0, 0x07E0, 0x07E0, 0x07E0, 0x07E0,
    0x07E0, 0x07E0, 0x07E0, 0x07E0, 0x07E0, 0x07E0, 0x07E0, 0x07E0, 0x07E0, 0x07E0, 0x07E0, 0x07E0,
    0x07E0, 0x07E0, 0x07E0, 0x07E0, 0x07E0, 0x07E0, 0x07E0, 0x07E0, 0x07E0, 0x07E0, 0x07E0, 0x07E0,
    0x07E0, 0x07E0, 0x07E0, 0x07E0, 0x07E0, 0x07E0, 0x07E0, 0x07E0, 0x07E0, 0x07E0, 0x07E0, 0x07E0,
    0x07E0, 0x07E0, 0x07E0, 0x07E0, 0x07E0, 0x07E0, 0x07E0, 0x07E0, 0x07E0, 0x07E0, 0x07E0, 0x07E0,
    0x07E0, 0x07E0, 0x07E0, 0x07E0, 0x07E0, 0x07E0, 0x07E0, 0x07E0, 0x07E0, 0x07E0, 0x07E0, 0x07E0,
    0x07E0, 0x07E0, 0x07E0, 0x07E0, 0x07E0, 0x07E0, 0x07E0, 0x07E0, 0x07E0, 0x07E0, 0x07E0, 0x07E0,
    0x07E0, 0x07E0, 0x07E0, 0x07E0, 0x07E0, 0x07E0, 0x07E0, 0x07E0, 0x07E0, 0x07E0, 0x07E0, 0x07E0,
    0x07E0, 0x07E0, 0x07E0, 0x07E0, 0x07E0, 0x07E0, 0x07E0, 0x07E0, 0x07E0, 0x07E0, 0x07E0, 0x07E0,
    0x07E0, 0x07E0, 0x07E0, 0x07E0, 0x07E0, 0x07E0, 0x07E0, 0x07E0, 0x07E0, 0x07E0, 0x07E0, 0x07E0,
    0x07E0, 0x07E0, 0x07E0, 0x07E0, 0x07E0, 0x07E0, 0x07E0, 0x07E0, 0x07E0, 0x07E0, 0x07E0, 0x07E0,
    0x07E0, 0x07E0, 0x07E0, 0x07E0, 0x07E0, 0x07E0, 0x07E0, 0x07E0, 0x07E0, 0x07E0, 0x07E0, 0x07E0,
    0x07E0, 0x07E0, 0x07E0, 0x07E0, 0x07E0, 0x07E0, 0x07E0, 0x07E0, 0x07E0, 0x07E0, 0x07E0, 0x07E0,
    0x07E0, 0x07E0, 0x07E0, 0x07E0, 0x07E0, 0x07E0, 0x07E0, 0x07E0, 0x07E0, 0x07E0, 0x07E0, 0x07E0,
    0x07E0, 0x07E0, 0x07E0, 0x07E0, 0x07E0, 0x07E0, 0x07E0, 0x07E0, 0x07E0, 0x07E0, 0x07E0, 0x07E0,
    0x07E0, 0x07E0, 0x07E0, 0x07E0, 0x07E0, 0x07E0, 0x07E0, 0x07E0, 0x07E0, 0x07E0, 0x07E0, 0x07E0,
    0x07E0, 0x07E0, 0x07E0, 0x07E0, 0x07E0, 0x07E0, 0x07E0, 0x07E0, 0x07E0, 0x07E0, 0x07E0, 0x07E0,
    0x07E0, 0x07E0, 0x07E0, 0x07E0, 0x07E0, 0x07E0, 0x07E0, 0x07E0, 0x07E0, 0x07E0, 0x07E0, 0x07E0,
    0x07E0, 0x07E0, 0x07E0, 0x07E0, 0x07E0, 0x07E0, 0x07E0, 0x07E0, 0x07E0, 0x07E0, 0x07E0, 0x07E0,
    0x07E0, 0x07E0, 0x07E0, 0x07E0, 0x07E0, 0x07E0, 0x07E0, 0x07E0, 0x07E0, 0x07E0, 0x07E0, 0x07E0,
    0x07E0, 0x07E0, 0x07E0, 0x07E0, 0x07E0, 0x07E0, 0x07E0, 0x07E0, 0x07E0, 0x07E0, 0x07E0, 0x07E0,
    0x07E0, 0x07E0, 0x07E0, 0x07E0, 0x07E0, 0x07E0, 0x07E0, 0x07E0, 0x07E0, 0x07E0, 0x07E0, 0x07E0,
    0x07E0, 0x07E0, 0x07E0, 0x07E0, 0x07E0, 0x07E0, 0x07E0, 0x07E0, 0x07E0, 0x07E0, 0x07E0, 0x07E0,
    0x07E0, 0x07E0, 0x07E0, 0x07E0, 0x07E0, 0x07E0, 0x07E0, 0x07E0, 0x07E0, 0x07E0, 0x07E0, 0x07E0,
    0x07E0, 0x07E0, 0x07E0, 0x07E0, 0x07E0, 0x07E0, 0x07E0, 0x07E0, 0x07E0, 0x07E0, 0x07E0, 0x07E0,
    0x07E0, 0x07E0, 0x07E0, 0x07E0, 0x07E0, 0x07E0, 0x07E0, 0x07E0, 0x07E0, 0x07E0, 0x07E0, 0x07E0,
    0x07E0, 0x07E0, 0x07E0, 0x07E0, 0x07E0, 0x07E0, 0x07E0, 0x07E0, 0x07E0, 0x07E0, 0x07E0, 0x07E0,
    0x07E0, 0x07E0, 0x07E0, 0x07E0, 0x07E0, 0x07E0, 0x07E0, 0x07E0, 0x07E0, 0x07E0, 0x07E0, 0x07E0,
    0x07E0, 0x07E0, 0x07E0, 0x07E0, 0x07E0, 0x07E0, 0x07E0, 0x07E0, 0x07E0, 0x07E0, 0x07E0, 0x07E0,
    0x07E0, 0x07E0, 0x07E0, 0x07E0, 0x07E0, 0x07E0, 0x07E0, 0x07E0, 0x07E0, 0x07E0, 0x07E0, 0x07E0,
    0x07E0, 0x07E0, 0x07E0, 0x07E0, 0x07E0, 0x07E0, 0x07E0, 0x07E0, 0x07E0, 0x07E0, 0x07E0, 0x07E0,
    0x07E0, 0x07E0, 0x07E0, 0x07E0, 0x07E0, 0x07E0, 0x07E0, 0x07E0, 0x07E0, 0x07E0, 0x07E0, 0x07E0,
    0x07E0, 0x07E0, 0x07E0, 0x07E0, 0x07E0, 0x07E0, 0x07E0, 0x07E0, 0x07E0, 0x07E0, 0x07E0, 0x07E0,
    0x07E0, 0x07E0, 0x07E0, 0x07E0, 0x07E0, 0x07E0, 0x3165, 0x3165, 0x3165, 0x3165, 0x07E0, 0x07E0,
    0x07E0, 0x07E0, 0x07E0, 0x07E0, 0x07E0, 0x07E0, 0x07E0, 0x07E0, 0x07E0, 0x07E0, 0x07E0, 0x07E0,
    0x07E0, 0x07E0, 0x07E0, 0x07E0, 0x07E0, 0x07E0, 0x07E0, 0x07E0, 0x07E0, 0x07E0, 0x07E0, 0x07E0,
    0x07E0, 0x07E0, 0x07E0, 0x07E0, 0x07E0, 0x07E0, 0x07E0, 0x07E0, 0x07E0, 0x07E0, 0x07E0, 0x07E0,
    0x07E0, 0x07E0, 0x07E0, 0x07E0, 0x07E0, 0x07E0, 0x07E0, 0x07E0, 0x07E0, 0x07E0, 0x07E0, 0x07E0,
    0x07E0, 0x07E0, 0x07E0, 0x07E0, 0x07E0, 0x07E0, 0x07E0, 0x07E0, 0x3165, 0x3165, 0x5249, 0x5249,
    0x5249, 0x5249, 0x3165, 0x3165, 0x07E0, 0x07E0, 0x07E0, 0x07E0, 0x07E0, 0x07E0, 0x07E0, 0x07E0,
    0x07E0, 0x07E0, 0x07E0, 0x07E0, 0x07E0, 0x07E0, 0x07E0, 0x07E0, 0x07E0, 0x07E0, 0x07E0, 0x07E0,
    0x07E0, 0x07E0, 0x07E0, 0x07E0, 0x07E0, 0x07E0, 0x07E0, 0x07E0, 0x07E0, 0x07E0, 0x07E0, 0x07E0,
    0x07E0, 0x07E0, 0x07E0, 0x07E0, 0x07E0, 0x07E0, 0x07E0, 0x07E0, 0x07E0, 0x07E0, 0x07E0, 0x07E0,
    0x07E0, 0x07E0, 0x07E0, 0x07E0, 0x07E0, 0x07E0, 0x07E0, 0x07E0, 0x3165, 0x3165, 0x3165, 0x3165,
    0x5249, 0x5249, 0x5249, 0x4A08, 0x4A08, 0x4A08, 0x5249, 0x5249, 0x3165, 0x07E0, 0x07E0, 0x07E0,
    0x07E0, 0x07E0, 0x07E0, 0x07E0, 0x07E0, 0x07E0, 0x07E0, 0x07E0, 0x07E0, 0x07E0, 0x07E0, 0x07E0,
    0x07E0, 0x07E0, 0x07E0, 0x07E0, 0x07E0, 0x07E0, 0x07E0, 0x07E0, 0x07E0, 0x07E0, 0x07E0, 0x07E0,
    0x07E0, 0x07E0, 0x07E0, 0x07E0, 0x07E0, 0x07E0, 0x07E0, 0x07E0, 0x07E0, 0x07E0, 0x07E0, 0x07E0,
    0x07E0, 0x07E0, 0x07E0, 0x07E0, 0x07E0, 0x07E0, 0x07E0, 0x07E0, 0x3165, 0x3165, 0x3165, 0x3165,
    0x2904, 0x3000, 0x3165, 0x5249, 0x5249, 0x4A08, 0x4A08, 0x28C3, 0x6A08, 0x6A08, 0x6A08, 0x4A08,
    0x4A08, 0x3165, 0x07E0, 0x07E0, 0x07E0, 0x07E0, 0x07E0, 0x07E0, 0x07E0, 0x07E0, 0x07E0, 0x07E0,
    0x07E0, 0x07E0, 0x07E0, 0x07E0, 0x07E0, 0x07E0, 0x07E0, 0x07E0, 0x07E0, 0x07E0, 0x07E0, 0x07E0,
    0x07E0, 0x07E0, 0x07E0, 0x07E0, 0x07E0, 0x07E0, 0x07E0, 0x07E0, 0x07E0, 0x07E0, 0x07E0, 0x07E0,
    0x07E0, 0x3165, 0x3165, 0x07E0, 0x07E0, 0x07E0, 0x07E0, 0x07E0, 0x07E0, 0x3165, 0x3165, 0x3165,
    0x3965, 0x3965, 0x3144, 0x2904, 0x3000, 0x3165, 0x5249, 0x5249, 0x4A08, 0x6A08, 0x6A08, 0x4A08,
    0x7A69, 0x6A08, 0x7A69, 0x7A69, 0x28C3, 0x4A08, 0x3165, 0x07E0, 0x07E0, 0x07E0, 0x07E0, 0x07E0,
    0x07E0, 0x07E0, 0x07E0, 0x07E0, 0x07E0, 0x07E0, 0x07E0, 0x07E0, 0x07E0, 0x07E0, 0x07E0, 0x07E0,
    0x07E0, 0x07E0, 0x07E0, 0x07E0, 0x07E0, 0x07E0, 0x07E0, 0x07E0, 0x07E0, 0x07E0, 0x07E0, 0x07E0,
    0x07E0, 0x07E0, 0x07E0, 0x07E0, 0x3165, 0x2904, 0x3144, 0x3165, 0x3165, 0x3165, 0x3165, 0x3165,
    0x3165, 0x3965, 0x3965, 0x3965, 0x3965, 0x3144, 0x2904, 0x3000, 0x3165, 0x5249, 0x5249, 0x4A08,
    0x28C3, 0x4A08, 0x7A69, 0x5269, 0x6A08, 0x5269, 0x4A08, 0x4A08, 0x7A69, 0x5269, 0x5269, 0x3165,
    0x07E0, 0x07E0, 0x07E0, 0x07E0, 0x07E0, 0x07E0, 0x07E0, 0x07E0, 0x07E0, 0x07E0, 0x07E0, 0x07E0,
    0x07E0, 0x07E0, 0x07E0, 0x07E0, 0x07E0, 0x07E0, 0x07E0, 0x07E0, 0x07E0, 0x07E0, 0x07E0, 0x07E0,
    0x07E0, 0x07E0, 0x07E0, 0x07E0, 0x07E0, 0x07E0, 0x07E0, 0x3165, 0x2904, 0x2904, 0x3144, 0x3965,
    0x3965, 0x3965, 0x3965, 0x3965, 0x3965, 0x3965, 0x4165, 0x3965, 0x3144, 0x3144, 0x2904, 0x3000,
    0x3165, 0x5249, 0x4A08, 0x6A08, 0x6A08, 0x5269, 0x7A69, 0x528A, 0x528A, 0x528A, 0x6A08, 0x6A08,
    0x7A69, 0x5AAA, 0x5269, 0x5AAA, 0x3165, 0x07E0, 0x07E0, 0x07E0, 0x07E0, 0x07E0, 0x07E0, 0x07E0,
    0x07E0, 0x07E0, 0x07E0, 0x07E0, 0x07E0, 0x07E0, 0x07E0, 0x07E0, 0x07E0, 0x07E0, 0x07E0, 0x07E0,
    0x07E0, 0x07E0, 0x07E0, 0x07E0, 0x07E0, 0x07E0, 0x07E0, 0x07E0, 0x07E0, 0x07E0, 0x3165, 0x2904,
    0x2904, 0x3144, 0x3965, 0x3965, 0x3965, 0x3965, 0x3965, 0x3965, 0x4165, 0x4165, 0x4165, 0x3965,
    0x3144, 0x2904, 0x3000, 0x3000, 0x3165, 0x4A08, 0x6A08, 0x7A69, 0x7A69, 0x528A, 0x7A69, 0x528A,
    0x5AAA, 0x5AAA, 0x6A08, 0x5AAA, 0x5AAA, 0x5AAA, 0x5AAA, 0x5AAA, 0x3165, 0x07E0, 0x07E0, 0x07E0,
    0x07E0, 0x07E0, 0x07E0, 0x07E0, 0x07E0, 0x07E0, 0x07E0, 0x07E0, 0x07E0, 0x07E0, 0x07E0, 0x07E0,
    0x07E0, 0x07E0, 0x07E0, 0x07E0, 0x07E0, 0x07E0, 0x07E0, 0x07E0, 0x07E0, 0x07E0, 0x07E0, 0x07E0,
    0x07E0, 0x07E0, 0x3165, 0x2904, 0x3144, 0x3144, 0x3965, 0x3965, 0x28C3, 0x28C3, 0x28C3, 0x28C3,
    0x28C3, 0x4165, 0x4165, 0x3965, 0x3144, 0x2904, 0x3000, 0x3165, 0x5249, 0x5249, 0x7A69, 0x7A69,
    0x528A, 0x528A, 0x0000, 0x5AAA, 0x5AAA, 0x0000, 0x6A08, 0x5AAA, 0x5AAA, 0x5AAA, 0x5AAA, 0x5AAA,
    0x5AAA, 0x3165, 0x07E0, 0x07E0, 0x07E0, 0x07E0, 0x07E0, 0x07E0, 0x07E0, 0x07E0, 0x07E0, 0x07E0,
    0x07E0, 0x07E0, 0x07E0, 0x07E0, 0x07E0, 0x07E0, 0x07E0, 0x07E0, 0x07E0, 0x07E0, 0x07E0, 0x07E0,
    0x07E0, 0x07E0, 0x07E0, 0x07E0, 0x07E0, 0x3165, 0x2904, 0x2904, 0x3144, 0x3965, 0x3965, 0x4165,
    0x4165, 0x4000, 0x4000, 0x4165, 0x4000, 0x4165, 0x4165, 0x3965, 0x3144, 0x3000, 0x3000, 0x3165,
    0x5249, 0x5269, 0x5269, 0x7A69, 0x7A69, 0x7A69, 0x0000, 0x5AAA, 0x5AAA, 0x0000, 0x6A08, 0x5AAA,
    0x5AAA, 0x5AAA, 0x6A08, 0x5AAA, 0x6A08, 0x3165, 0x07E0, 0x07E0, 0x07E0, 0x07E0, 0x07E0, 0x07E0,
    0x07E0, 0x07E0, 0x07E0, 0x07E0, 0x07E0, 0x07E0, 0x07E0, 0x07E0, 0x07E0, 0x07E0, 0x07E0, 0x07E0,
    0x07E0, 0x07E0, 0x07E0, 0x07E0, 0x07E0, 0x07E0, 0x07E0, 0x07E0, 0x07E0, 0x3165, 0x2904, 0x2904,
    0x3144, 0x3965, 0x4165, 0x4165, 0x4186, 0x4000, 0x4186, 0x4186, 0x4000, 0x4165, 0x4165, 0x3965,
    0x3144, 0x4000, 0x3165, 0x5249, 0x5249, 0x5269, 0x5269, 0x528A, 0x5AAA, 0x7A69, 0x0000, 0x5AAA,
    0x5AAA, 0x6A08, 0x7A69, 0x5AAA, 0x5AAA, 0x5AAA, 0x0000, 0x5AAA, 0x6A08, 0x5AAA, 0x3165, 0x07E0,
    0x07E0, 0x07E0, 0x07E0, 0x07E0, 0x07E0, 0x07E0, 0x07E0, 0x07E0, 0x07E0, 0x07E0, 0x07E0, 0x07E0,
    0x07E0, 0x07E0, 0x07E0, 0x07E0, 0x07E0, 0x07E0, 0x07E0, 0x07E0, 0x07E0, 0x07E0, 0x07E0, 0x07E0,
    0x07E0, 0x3165, 0x2904, 0x2904, 0x3144, 0x3965, 0x4165, 0x4186, 0x4186, 0x4186, 0x4186, 0x4186,
    0x4186, 0x4165, 0x4165, 0x3965, 0x3144, 0x4000, 0x3165, 0x5249, 0x5269, 0x5269, 0x528A, 0x528A,
    0x5AAA, 0x7A69, 0x0000, 0x6A08, 0x5AAA, 0x0000, 0x6A08, 0x7A69, 0x5AAA, 0x5AAA, 0x6A08, 0x6A08,
    0x6A08, 0x5269, 0x3165, 0x07E0, 0x07E0, 0x07E0, 0x07E0, 0x07E0, 0x07E0, 0x07E0, 0x07E0, 0x07E0,
    0x07E0, 0x07E0, 0x07E0, 0x07E0, 0x07E0, 0x07E0, 0x07E0, 0x07E0, 0x07E0, 0x07E0, 0x07E0, 0x07E0,
    0x07E0, 0x07E0, 0x07E0, 0x07E0, 0x07E0, 0x3165, 0x2904, 0x3144, 0x3144, 0x3965, 0x4165, 0x4165,
    0x41A6, 0x41A6, 0x41A6, 0x41A6, 0x41A6, 0x4165, 0x4165, 0x3965, 0x3144, 0x4000, 0x3165, 0x5249,
    0x5269, 0x5269, 0x528A, 0x528A, 0x5AAA, 0x7A69, 0x0000, 0x5AAA, 0x5AAA, 0x0000, 0x6A08, 0x7A69,
    0x5AAA, 0x5AAA, 0x7A69, 0x6A08, 0x4A08, 0x4000, 0x5269, 0x3165, 0x07E0, 0x07E0, 0x07E0, 0x07E0,
    0x07E0, 0x07E0, 0x07E0, 0x07E0, 0x07E0, 0x07E0, 0x07E0, 0x07E0, 0x07E0, 0x07E0, 0x07E0, 0x07E0,
    0x07E0, 0x07E0, 0x07E0, 0x07E0, 0x07E0, 0x07E0, 0x07E0, 0x07E0, 0x07E0, 0x3165, 0x2904, 0x2904,
    0x3144, 0x3965, 0x3965, 0x4165, 0x4165, 0x4165, 0x4165, 0x41A6, 0x41A6, 0x41A6, 0x4165, 0x3965,
    0x3144, 0x5800, 0x3165, 0x5249, 0x5269, 0x5269, 0x7A69, 0x528A, 0x5AAA, 0x5AAA, 0x7A69, 0x0000,
    0x5AAA, 0x6A08, 0x7A69, 0x5AAA, 0x5AAA, 0x5AAA, 0x7A69, 0x5269, 0x4000, 0x7A69, 0x3165, 0x07E0,
    0x07E0, 0x07E0, 0x07E0, 0x07E0, 0x07E0, 0x07E0, 0x07E0, 0x07E0, 0x07E0, 0x07E0, 0x07E0, 0x07E0,
    0x07E0, 0x07E0, 0x07E0, 0x07E0, 0x07E0, 0x07E0, 0x07E0, 0x07E0, 0x07E0, 0x07E0, 0x07E0, 0x07E0,
    0x07E0, 0x3165, 0x2904, 0x2904, 0x3144, 0x3144, 0x3965, 0x4165, 0x4165, 0x3945, 0x3945, 0x4165,
    0x4165, 0x4165, 0x4165, 0x3965, 0x3144, 0x5800, 0x3165, 0x5249, 0x5249, 0x5269, 0x528A, 0x528A,
    0x5AAA, 0x5AAA, 0x7A69, 0x0000, 0x7A69, 0x0000, 0x7A69, 0x7A69, 0x5AAA, 0x6A08, 0x7A69, 0x4A08,
    0x4000, 0x4000, 0x3165, 0x07E0, 0x07E0, 0x07E0, 0x07E0, 0x07E0, 0x07E0, 0x07E0, 0x07E0, 0x07E0,
    0x07E0, 0x07E0, 0x07E0, 0x07E0, 0x07E0, 0x07E0, 0x07E0, 0x07E0, 0x07E0, 0x07E0, 0x07E0, 0x07E0,
    0x07E0, 0x07E0, 0x07E0, 0x07E0, 0x07E0, 0x3165, 0x2904, 0x2904, 0x2904, 0x3144, 0x3965, 0x3965,
    0x3124, 0x18C3, 0x18C3, 0x3124, 0x4165, 0x4165, 0x4165, 0x3965, 0x3144, 0x5800, 0x4000, 0x3165,
    0x5249, 0x7A69, 0x7A69, 0x5269, 0x528A, 0x528A, 0x7A69, 0x0000, 0x5AAA, 0x6A08, 0x6A08, 0x5AAA,
    0x5AAA, 0x5AAA, 0x6A08, 0x28C3, 0x4000, 0x4000, 0x07E0, 0x07E0, 0x07E0, 0x07E0, 0x07E0, 0x07E0,
    0x07E0, 0x07E0, 0x07E0, 0x07E0, 0x07E0, 0x07E0, 0x07E0, 0x07E0, 0x07E0, 0x07E0, 0x07E0, 0x07E0,
    0x07E0, 0x07E0, 0x07E0, 0x07E0, 0x07E0, 0x07E0, 0x07E0, 0x07E0, 0x07E0, 0x07E0, 0x3165, 0x2904,
    0x2904, 0x3144, 0x3965, 0x3965, 0x3965, 0x3124, 0x3124, 0x3965, 0x3965, 0x4165, 0x4165, 0x4165,
    0x3144, 0x5800, 0x3000, 0x3165, 0x5249, 0x5249, 0x7A69, 0x5269, 0x5AAA, 0x528A, 0x7A69, 0x5AAA,
    0x5AAA, 0x6A08, 0x7A69, 0x5AAA, 0x5AAA, 0x5269, 0x7A69, 0x4000, 0x4208, 0x3165, 0x07E0, 0x07E0,
    0x07E0, 0x07E0, 0x07E0, 0x07E0, 0x07E0, 0x07E0, 0x07E0, 0x07E0, 0x07E0, 0x07E0, 0x07E0, 0x07E0,
    0x07E0, 0x07E0, 0x07E0, 0x07E0, 0x07E0, 0x07E0, 0x07E0, 0x07E0, 0x07E0, 0x07E0, 0x07E0, 0x07E0,
    0x07E0, 0x07E0, 0x3165, 0x3165, 0x2904, 0x2904, 0x3965, 0x3965, 0x3965, 0x3965, 0x3965, 0x3965,
    0x3965, 0x3965, 0x3965, 0x3965, 0x3965, 0x5800, 0x2904, 0x3000, 0x3165, 0x4A08, 0x28C3, 0x4A08,
    0x5269, 0x5269, 0x528A, 0x528A, 0x528A, 0x6A08, 0x0000, 0x5AAA, 0x5AAA, 0x5269, 0x4000, 0x28C3,
    0x7A69, 0x07E0, 0x07E0, 0x07E0, 0x07E0, 0x07E0, 0x07E0, 0x07E0, 0x07E0, 0x07E0, 0x07E0, 0x07E0,
    0x07E0, 0x07E0, 0x07E0, 0x07E0, 0x07E0, 0x07E0, 0x07E0, 0x07E0, 0x07E0, 0x07E0, 0x07E0, 0x07E0,
    0x07E0, 0x07E0, 0x07E0, 0x07E0, 0x07E0, 0x07E0, 0x07E0, 0x3165, 0x3144, 0x3144, 0x3144, 0x3144,
    0x3144, 0x3144, 0x3144, 0x3144, 0x3965, 0x3965, 0x3965, 0x3965, 0x3965, 0x5800, 0x2904, 0x4000,
    0x3165, 0x5249, 0x7A69, 0x28C3, 0x4A08, 0x5269, 0x5269, 0x528A, 0x528A, 0x6A08, 0x7A69, 0x5269,
    0x5269, 0x4A08, 0x28C3, 0x4208, 0x3165, 0x07E0, 0x07E0, 0x07E0, 0x07E0, 0x07E0, 0x07E0, 0x07E0,
    0x07E0, 0x07E0, 0x07E0, 0x07E0, 0x07E0, 0x07E0, 0x07E0, 0x07E0, 0x07E0, 0x07E0, 0x07E0, 0x07E0,
    0x07E0, 0x07E0, 0x07E0, 0x07E0, 0x07E0, 0x07E0, 0x07E0, 0x07E0, 0x07E0, 0x07E0, 0x07E0, 0x3165,
    0x3165, 0x3144, 0x3144, 0x3165, 0x3165, 0x3165, 0x3165, 0x3165, 0x3144, 0x3144, 0x3144, 0x3144,
    0x3144, 0x3144, 0x3144, 0x5800, 0x4000, 0x5249, 0x5249, 0x4A08, 0x6A08, 0x4A08, 0x4A08, 0x5269,
    0x5269, 0x5269, 0x7A69, 0x4A08, 0x4A08, 0x5AAA, 0x4A08, 0x3165, 0x07E0, 0x07E0, 0x07E0, 0x07E0,
    0x07E0, 0x07E0, 0x07E0, 0x07E0, 0x07E0, 0x07E0, 0x07E0, 0x07E0, 0x07E0, 0x07E0, 0x07E0, 0x07E0,
    0x07E0, 0x07E0, 0x07E0, 0x07E0, 0x07E0, 0x07E0, 0x07E0, 0x07E0, 0x07E0, 0x07E0, 0x07E0, 0x07E0,
    0x07E0, 0x07E0, 0x07E0, 0x07E0, 0x3165, 0x3165, 0x3165, 0x07E0, 0x07E0, 0x07E0, 0x07E0, 0x07E0,
    0x3165, 0x3165, 0x3165, 0x3165, 0x3165, 0x3144, 0x3144, 0x5800, 0x3144, 0x4000, 0x5249, 0x5249,
    0x7A69, 0x6A08, 0x28C3, 0x4A08, 0x4A08, 0x4A08, 0x4A08, 0x7A69, 0x6A08, 0x4A08, 0x3165, 0x3165,
    0x07E0, 0x07E0, 0x07E0, 0x07E0, 0x07E0, 0x07E0, 0x07E0, 0x07E0, 0x07E0, 0x07E0, 0x07E0, 0x07E0,
    0x07E0, 0x07E0, 0x07E0, 0x07E0, 0x07E0, 0x07E0, 0x07E0, 0x07E0, 0x07E0, 0x07E0, 0x07E0, 0x07E0,
    0x07E0, 0x07E0, 0x07E0, 0x07E0, 0x07E0, 0x07E0, 0x07E0, 0x07E0, 0x07E0, 0x07E0, 0x07E0, 0x07E0,
    0x07E0, 0x07E0, 0x07E0, 0x07E0, 0x07E0, 0x07E0, 0x07E0, 0x07E0, 0x07E0, 0x3165, 0x3165, 0x3165,
    0x3144, 0x4000, 0x3165, 0x5249, 0x5249, 0x7A69, 0x6A08, 0x28C3, 0x28C3, 0x6A08, 0x28C3, 0x4A08,
    0x7A69, 0x5269, 0x3165, 0x07E0, 0x07E0, 0x07E0, 0x07E0, 0x07E0, 0x07E0, 0x07E0, 0x07E0, 0x07E0,
    0x07E0, 0x07E0, 0x07E0, 0x07E0, 0x07E0, 0x07E0, 0x07E0, 0x07E0, 0x07E0, 0x07E0, 0x07E0, 0x07E0,
    0x07E0, 0x07E0, 0x07E0, 0x07E0, 0x07E0, 0x07E0, 0x07E0, 0x07E0, 0x07E0, 0x07E0, 0x07E0, 0x07E0,
    0x07E0, 0x07E0, 0x07E0, 0x07E0, 0x07E0, 0x07E0, 0x07E0, 0x07E0, 0x07E0, 0x07E0, 0x07E0, 0x07E0,
    0x07E0, 0x07E0, 0x07E0, 0x07E0, 0x3165, 0x4000, 0x4000, 0x3165, 0x5249, 0x7A69, 0x5249, 0x7A69,
    0x4A08, 0x7A69, 0x5249, 0x5249, 0x7A69, 0x07E0, 0x07E0, 0x07E0, 0x07E0, 0x07E0, 0x07E0, 0x07E0,
    0x07E0, 0x07E0, 0x07E0, 0x07E0, 0x07E0, 0x07E0, 0x07E0, 0x07E0, 0x07E0, 0x07E0, 0x07E0, 0x07E0,
    0x07E0, 0x07E0, 0x07E0, 0x07E0, 0x07E0, 0x07E0, 0x07E0, 0x07E0, 0x07E0, 0x07E0, 0x07E0, 0x07E0,
    0x07E0, 0x07E0, 0x07E0, 0x07E0, 0x07E0, 0x07E0, 0x07E0, 0x07E0, 0x07E0, 0x07E0, 0x07E0, 0x07E0,
    0x07E0, 0x07E0, 0x07E0, 0x07E0, 0x07E0, 0x07E0, 0x07E0, 0x07E0, 0x07E0, 0x07E0, 0x07E0, 0x07E0,
    0x3165, 0x3165, 0x5249, 0x5249, 0x5249, 0x5249, 0x3165, 0x3165, 0x07E0, 0x07E0, 0x07E0, 0x07E0,
    0x07E0, 0x07E0, 0x07E0, 0x07E0, 0x07E0, 0x07E0, 0x07E0, 0x07E0, 0x07E0, 0x07E0, 0x07E0, 0x07E0,
    0x07E0, 0x07E0, 0x07E0, 0x07E0, 0x07E0, 0x07E0, 0x07E0, 0x07E0, 0x07E0, 0x07E0, 0x07E0, 0x07E0,
    0x07E0, 0x07E0, 0x07E0, 0x07E0, 0x07E0, 0x07E0, 0x07E0, 0x07E0, 0x07E0, 0x07E0, 0x07E0, 0x07E0,
    0x07E0, 0x07E0, 0x07E0, 0x07E0, 0x07E0, 0x07E0, 0x07E0, 0x07E0, 0x07E0, 0x07E0, 0x07E0, 0x07E0,
    0x07E0, 0x07E0, 0x07E0, 0x07E0, 0x07E0, 0x07E0, 0x3165, 0x3165, 0x3165, 0x3165, 0x07E0, 0x07E0,
    0x07E0, 0x07E0, 0x07E0, 0x07E0, 0x07E0, 0x07E0, 0x07E0, 0x07E0, 0x07E0, 0x07E0, 0x07E0, 0x07E0,
    0x07E0, 0x07E0, 0x07E0, 0x07E0, 0x07E0, 0x07E0, 0x07E0, 0x07E0, 0x07E0, 0x07E0, 0x07E0, 0x07E0,
    0x07E0, 0x07E0, 0x07E0, 0x07E0, 0x07E0, 0x07E0, 0x07E0, 0x07E0, 0x07E0, 0x07E0, 0x07E0, 0x07E0,
    0x07E0, 0x07E0, 0x07E0, 0x07E0, 0x07E0, 0x07E0, 0x07E0, 0x07E0, 0x07E0, 0x07E0, 0x07E0, 0x07E0,
    0x07E0, 0x07E0, 0x07E0, 0x07E0, 0x07E0, 0x07E0, 0x07E0, 0x07E0, 0x07E0, 0x07E0, 0x07E0, 0x07E0,
    0x07E0, 0x07E0, 0x07E0, 0x07E0, 0x07E0, 0x07E0, 0x07E0, 0x07E0, 0x07E0, 0x07E0, 0x07E0, 0x07E0,
    0x07E0, 0x07E0, 0x07E0, 0x07E0, 0x07E0, 0x07E0, 0x07E0, 0x07E0, 0x07E0, 0x07E0, 0x07E0, 0x07E0,
    0x07E0, 0x07E0, 0x07E0, 0x07E0, 0x07E0, 0x07E0, 0x07E0, 0x07E0, 0x07E0, 0x07E0, 0x07E0, 0x07E0,
    0x07E0, 0x07E0, 0x07E0, 0x07E0, 0x07E0, 0x07E0, 0x07E0, 0x07E0, 0x07E0, 0x07E0, 0x07E0, 0x07E0,
    0x07E0, 0x07E0, 0x07E0, 0x07E0, 0x07E0, 0x07E0, 0x07E0, 0x07E0, 0x07E0, 0x07E0, 0x07E0, 0x07E0,
    0x07E0, 0x07E0, 0x07E0, 0x07E0, 0x07E0, 0x07E0, 0x07E0, 0x07E0, 0x07E0, 0x07E0, 0x07E0, 0x07E0,
    0x07E0, 0x07E0, 0x07E0, 0x07E0, 0x07E0, 0x07E0, 0x07E0, 0x07E0, 0x07E0, 0x07E0, 0x07E0, 0x07E0,
    0x07E0, 0x07E0, 0x07E0, 0x07E0, 0x07E0, 0x07E0, 0x07E0, 0x07E0, 0x07E0, 0x07E0, 0x07E0, 0x07E0,
    0x07E0, 0x07E0, 0x07E0, 0x07E0, 0x07E0, 0x07E0, 0x07E0, 0x07E0, 0x07E0, 0x07E0, 0x07E0, 0x07E0,
    0x07E0, 0x07E0, 0x07E0, 0x07E0, 0x07E0, 0x07E0, 0x07E0, 0x07E0, 0x07E0, 0x07E0, 0x07E0, 0x07E0,
    0x07E0, 0x07E0, 0x07E0, 0x07E0, 0x07E0, 0x07E0, 0x07E0, 0x07E0, 0x07E0, 0x07E0, 0x07E0, 0x07E0,
    0x07E0, 0x07E0, 0x07E0, 0x07E0, 0x07E0, 0x07E0, 0x07E0, 0x07E0, 0x07E0, 0x07E0, 0x07E0, 0x07E0,
    0x07E0, 0x07E0, 0x07E0, 0x07E0, 0x07E0, 0x07E0, 0x07E0, 0x07E0, 0x07E0, 0x07E0, 0x07E0, 0x07E0,
    0x07E0, 0x07E0, 0x07E0, 0x07E0, 0x07E0, 0x07E0, 0x07E0, 0x07E0, 0x07E0, 0x07E0, 0x07E0, 0x07E0,
    0x07E0, 0x07E0, 0x07E0, 0x07E0, 0x07E0, 0x07E0, 0x07E0, 0x07E0, 0x07E0, 0x07E0, 0x07E0, 0x07E0,
    0x07E0, 0x07E0, 0x07E0, 0x07E0, 0x07E0, 0x07E0, 0x07E0, 0x07E0, 0x07E0, 0x07E0, 0x07E0, 0x07E0,
    0x07E0, 0x07E0, 0x07E0, 0x07E0, 0x07E0, 0x07E0, 0x07E0, 0x07E0, 0x07E0, 0x07E0, 0x07E0, 0x07E0,
    0x07E0, 0x07E0, 0x07E0, 0x07E0, 0x07E0, 0x07E0, 0x07E0, 0x07E0, 0x07E0, 0x07E0, 0x07E0, 0x07E0,
    0x07E0, 0x07E0, 0x07E0, 0x07E0, 0x07E0, 0x07E0, 0x07E0, 0x07E0, 0x07E0, 0x07E0, 0x07E0, 0x07E0,
    0x07E0, 0x07E0, 0x07E0, 0x07E0, 0x07E0, 0x07E0, 0x07E0, 0x07E0, 0x07E0, 0x07E0, 0x07E0, 0x07E0,
    0x07E0, 0x07E0, 0x07E0, 0x07E0, 0x07E0, 0x07E0, 0x07E0, 0x07E0, 0x07E0, 0x07E0, 0x07E0, 0x07E0,
    0x07E0, 0x07E0, 0x07E0, 0x07E0, 0x07E0, 0x07E0, 0x07E0, 0x07E0, 0x07E0, 0x07E0, 0x07E0, 0x07E0,
    0x07E0, 0x07E0, 0x07E0, 0x07E0, 0x07E0, 0x07E0, 0x07E0, 0x07E0, 0x07E0, 0x07E0, 0x07E0, 0x07E0,
    0x07E0, 0x07E0, 0x07E0, 0x07E0, 0x07E0, 0x07E0, 0x07E0, 0x07E0, 0x07E0, 0x07E0, 0x07E0, 0x07E0,
    0x07E0, 0x07E0, 0x07E0, 0x07E0, 0x07E0, 0x07E0, 0x07E0, 0x07E0, 0x07E0, 0x07E0, 0x07E0, 0x07E0,
    0x07E0, 0x07E0, 0x07E0, 0x07E0, 0x07E0, 0x07E0, 0x07E0, 0x07E0, 0x07E0, 0x07E0, 0x07E0, 0x07E0,
    0x07E0, 0x07E0, 0x07E0, 0x07E0, 0x07E0, 0x07E0, 0x07E0, 0x07E0, 0x07E0, 0x07E0, 0x07E0, 0x07E0,
    0x07E0, 0x07E0, 0x07E0, 0x07E0, 0x07E0, 0x07E0, 0x07E0, 0x07E0, 0x07E0, 0x07E0, 0x07E0, 0x07E0,
    0x07E0, 0x07E0, 0x07E0, 0x07E0, 0x07E0, 0x07E0, 0x07E0, 0x07E0, 0x07E0, 0x07E0, 0x07E0, 0x07E0,
    0x07E0, 0x07E0, 0x07E0, 0x07E0,
};

/* Timeline frame 5 */
static const uint16_t broken_coffin_frame_5[] = {
    0x07E0, 0x07E0, 0x07E0, 0x07E0, 0x07E0, 0x07E0, 0x07E0, 0x07E0, 0x07E0, 0x07E0, 0x07E0, 0x07E0,
    0x07E0, 0x07E0, 0x07E0, 0x07E0, 0x07E0, 0x07E0, 0x07E0, 0x07E0, 0x07E0, 0x07E0, 0x07E0, 0x07E0,
    0x07E0, 0x07E0, 0x07E0, 0x07E0, 0x07E0, 0x07E0, 0x07E0, 0x07E0, 0x07E0, 0x07E0, 0x07E0, 0x07E0,
    0x07E0, 0x07E0, 0x07E0, 0x07E0, 0x07E0, 0x07E0, 0x07E0, 0x07E0, 0x07E0, 0x07E0, 0x07E0, 0x07E0,
    0x07E0, 0x07E0, 0x07E0, 0x07E0, 0x07E0, 0x07E0, 0x07E0, 0x07E0, 0x07E0, 0x07E0, 0x07E0, 0x07E0,
    0x07E0, 0x07E0, 0x07E0, 0x07E0, 0x07E0, 0x07E0, 0x07E0, 0x07E0, 0x07E0, 0x07E0, 0x07E0, 0x07E0,
    0x07E0, 0x07E0, 0x07E0, 0x07E0, 0x07E0, 0x07E0, 0x07E0, 0x07E0, 0x07E0, 0x07E0, 0x07E0, 0x07E0,
    0x07E0, 0x07E0, 0x07E0, 0x07E0, 0x07E0, 0x07E0, 0x07E0, 0x07E0, 0x07E0, 0x07E0, 0x07E0, 0x07E0,
    0x07E0, 0x07E0, 0x07E0, 0x07E0, 0x07E0, 0x07E0, 0x07E0, 0x07E0, 0x07E0, 0x07E0, 0x07E0, 0x07E0,
    0x07E0, 0x07E0, 0x07E0, 0x07E0, 0x07E0, 0x07E0, 0x07E0, 0x07E0, 0x07E0, 0x07E0, 0x07E0, 0x07E0,
    0x07E0, 0x07E0, 0x07E0, 0x07E0, 0x07E0, 0x07E0, 0x07E0, 0x07E0, 0x07E0, 0x07E0, 0x07E0, 0x07E0,
    0x07E0, 0x07E0, 0x07E0, 0x07E0, 0x07E0, 0x07E0, 0x07E0, 0x07E0, 0x07E0, 0x07E0, 0x07E0, 0x07E0,
    0x07E0, 0x07E0, 0x07E0, 0x07E0, 0x07E0, 0x07E0, 0x07E0, 0x07E0, 0x07E0, 0x07E0, 0x07E0, 0x07E0,
    0x07E0, 0x07E0, 0x07E0, 0x07E0, 0x07E0, 0x07E0, 0x07E0, 0x07E0, 0x07E0, 0x07E0, 0x07E0, 0x07E0,
    0x07E0, 0x07E0, 0x07E0, 0x07E0, 0x07E0, 0x07E0, 0x07E0, 0x07E0, 0x07E0, 0x07E0, 0x07E0, 0x07E0,
    0x07E0, 0x07E0, 0x07E0, 0x07E0, 0x07E0, 0x07E0, 0x07E0, 0x07E0, 0x07E0, 0x07E0, 0x07E0, 0x07E0,
    0x07E0, 0x07E0, 0x07E0, 0x07E0, 0x07E0, 0x07E0, 0x07E0, 0x07E0, 0x07E0, 0x07E0, 0x07E0, 0x07E0,
    0x07E0, 0x07E0, 0x07E0, 0x07E0, 0x07E0, 0x07E0, 0x07E0, 0x07E0, 0x07E0, 0x07E0, 0x07E0, 0x07E0,
    0x07E0, 0x07E0, 0x07E0, 0x07E0, 0x07E0, 0x07E0, 0x07E0, 0x07E0, 0x07E0, 0x07E0, 0x07E0, 0x07E0,
    0x07E0, 0x07E0, 0x07E0, 0x07E0, 0x07E0, 0x07E0, 0x07E0, 0x07E0, 0x07E0, 0x07E0, 0x07E0, 0x07E0,
    0x07E0, 0x07E0, 0x07E0, 0x07E0, 0x07E0, 0x07E0, 0x07E0, 0x07E0, 0x07E0, 0x07E0, 0x07E0, 0x07E0,
    0x07E0, 0x07E0, 0x07E0, 0x07E0, 0x07E0, 0x07E0, 0x07E0, 0x07E0, 0x07E0, 0x07E0, 0x07E0, 0x07E0,
    0x07E0, 0x07E0, 0x07E0, 0x07E0, 0x07E0, 0x07E0, 0x07E0, 0x07E0, 0x07E0, 0x07E0, 0x07E0, 0x07E0,
    0x07E0, 0x07E0, 0x07E0, 0x07E0, 0x07E0, 0x07E0, 0x07E0, 0x07E0, 0x07E0, 0x07E0, 0x07E0, 0x07E0,
    0x07E0, 0x07E0, 0x07E0, 0x07E0, 0x07E0, 0x07E0, 0x07E0, 0x07E0, 0x07E0, 0x07E0, 0x07E0, 0x07E0,
    0x07E0, 0x07E0, 0x07E0, 0x07E0, 0x07E0, 0x07E0, 0x07E0, 0x07E0, 0x07E0, 0x07E0, 0x07E0, 0x07E0,
    0x07E0, 0x07E0, 0x07E0, 0x07E0, 0x07E0, 0x07E0, 0x07E0, 0x07E0, 0x07E0, 0x07E0, 0x07E0, 0x07E0,
    0x07E0, 0x07E0, 0x07E0, 0x07E0, 0x07E0, 0x07E0, 0x07E0, 0x07E0, 0x07E0, 0x07E0, 0x07E0, 0x07E0,
    0x07E0, 0x07E0, 0x07E0, 0x07E0, 0x07E0, 0x07E0, 0x07E0, 0x07E0, 0x07E0, 0x07E0, 0x07E0, 0x07E0,
    0x07E0, 0x07E0, 0x07E0, 0x07E0, 0x07E0, 0x07E0, 0x07E0, 0x07E0, 0x07E0, 0x07E0, 0x07E0, 0x07E0,
    0x07E0, 0x07E0, 0x07E0, 0x07E0, 0x07E0, 0x07E0, 0x07E0, 0x07E0, 0x07E0, 0x07E0, 0x07E0, 0x07E0,
    0x07E0, 0x07E0, 0x07E0, 0x07E0, 0x07E0, 0x07E0, 0x07E0, 0x07E0, 0x07E0, 0x07E0, 0x07E0, 0x07E0,
    0x07E0, 0x07E0, 0x07E0, 0x07E0, 0x07E0, 0x07E0, 0x07E0, 0x07E0, 0x07E0, 0x07E0, 0x07E0, 0x07E0,
    0x07E0, 0x07E0, 0x07E0, 0x07E0, 0x07E0, 0x07E0, 0x07E0, 0x07E0, 0x07E0, 0x07E0, 0x07E0, 0x07E0,
    0x07E0, 0x07E0, 0x07E0, 0x07E0, 0x07E0, 0x07E0, 0x07E0, 0x07E0, 0x07E0, 0x07E0, 0x07E0, 0x07E0,
    0x07E0, 0x07E0, 0x07E0, 0x07E0, 0x07E0, 0x07E0, 0x07E0, 0x07E0, 0x07E0, 0x07E0, 0x07E0, 0x07E0,
    0x07E0, 0x07E0, 0x07E0, 0x07E0, 0x07E0, 0x07E0, 0x07E0, 0x07E0, 0x07E0, 0x07E0, 0x07E0, 0x07E0,
    0x07E0, 0x07E0, 0x07E0, 0x07E0, 0x07E0, 0x07E0, 0x07E0, 0x07E0, 0x07E0, 0x07E0, 0x07E0, 0x07E0,
    0x07E0, 0x07E0, 0x07E0, 0x07E0, 0x07E0, 0x07E0, 0x07E0, 0x07E0, 0x07E0, 0x07E0, 0x07E0, 0x07E0,
    0x07E0, 0x07E0, 0x07E0, 0x07E0, 0x07E0, 0x07E0, 0x07E0, 0x07E0, 0x07E0, 0x07E0, 0x07E0, 0x07E0,
    0x07E0, 0x07E0, 0x07E0, 0x07E0, 0x07E0, 0x07E0, 0x07E0, 0x07E0, 0x07E0, 0x07E0, 0x07E0, 0x07E0,
    0x07E0, 0x07E0, 0x07E0, 0x07E0, 0x07E0, 0x07E0, 0x07E0, 0x07E0, 0x07E0, 0x07E0, 0x07E0, 0x07E0,
    0x07E0, 0x07E0, 0x07E0, 0x07E0, 0x07E0, 0x07E0, 0x07E0, 0x07E0, 0x07E0, 0x07E0, 0x07E0, 0x07E0,
    0x07E0, 0x07E0, 0x07E0, 0x07E0, 0x07E0, 0x07E0, 0x07E0, 0x07E0, 0x07E0, 0x07E0, 0x07E0, 0x07E0,
    0x07E0, 0x07E0, 0x07E0, 0x07E0, 0x07E0, 0x07E0, 0x07E0, 0x07E0, 0x07E0, 0x07E0, 0x07E0, 0x07E0,
    0x07E0, 0x07E0, 0x07E0, 0x07E0, 0x07E0, 0x07E0, 0x07E0, 0x07E0, 0x07E0, 0x07E0, 0x07E0, 0x07E0,
    0x07E0, 0x07E0, 0x07E0, 0x07E0, 0x07E0, 0x07E0, 0x07E0, 0x07E0, 0x07E0, 0x07E0, 0x07E0, 0x07E0,
    0x07E0, 0x07E0, 0x07E0, 0x07E0, 0x07E0, 0x07E0, 0x07E0, 0x07E0, 0x07E0, 0x07E0, 0x07E0, 0x07E0,
    0x07E0, 0x07E0, 0x07E0, 0x07E0, 0x07E0, 0x07E0, 0x07E0, 0x07E0, 0x07E0, 0x07E0, 0x07E0, 0x07E0,
    0x07E0, 0x07E0, 0x07E0, 0x07E0, 0x07E0, 0x07E0, 0x07E0, 0x07E0, 0x07E0, 0x07E0, 0x07E0, 0x07E0,
    0x07E0, 0x07E0, 0x07E0, 0x07E0, 0x07E0, 0x07E0, 0x07E0, 0x07E0, 0x07E0, 0x07E0, 0x07E0, 0x07E0,
    0x07E0, 0x07E0, 0x07E0, 0x07E0, 0x07E0, 0x07E0, 0x07E0, 0x07E0, 0x07E0, 0x07E0, 0x07E0, 0x07E0,
    0x07E0, 0x07E0, 0x07E0, 0x07E0, 0x07E0, 0x07E0, 0x07E0, 0x07E0, 0x07E0, 0x07E0, 0x07E0, 0x07E0,
    0x07E0, 0x07E0, 0x07E0, 0x07E0, 0x07E0, 0x07E0, 0x07E0, 0x07E0, 0x07E0, 0x07E0, 0x07E0, 0x07E0,
    0x07E0, 0x07E0, 0x07E0, 0x07E0, 0x07E0, 0x07E0, 0x07E0, 0x07E0, 0x07E0, 0x07E0, 0x07E0, 0x07E0,
    0x07E0, 0x07E0, 0x07E0, 0x07E0, 0x07E0, 0x07E0, 0x07E0, 0x07E0, 0x07E0, 0x07E0, 0x07E0, 0x07E0,
    0x07E0, 0x07E0, 0x07E0, 0x07E0, 0x07E0, 0x07E0, 0x07E0, 0x07E0, 0x07E0, 0x07E0, 0x07E0, 0x07E0,
    0x07E0, 0x07E0, 0x07E0, 0x07E0, 0x07E0, 0x07E0, 0x07E0, 0x07E0, 0x07E0, 0x07E0, 0x07E0, 0x07E0,
    0x07E0, 0x07E0, 0x07E0, 0x07E0, 0x07E0, 0x07E0, 0x07E0, 0x07E0, 0x07E0, 0x07E0, 0x07E0, 0x07E0,
    0x07E0, 0x07E0, 0x07E0, 0x07E0, 0x07E0, 0x07E0, 0x07E0, 0x07E0, 0x07E0, 0x07E0, 0x07E0, 0x07E0,
    0x07E0, 0x07E0, 0x07E0, 0x07E0, 0x07E0, 0x07E0, 0x07E0, 0x07E0, 0x07E0, 0x07E0, 0x07E0, 0x07E0,
    0x07E0, 0x07E0, 0x07E0, 0x07E0, 0x07E0, 0x07E0, 0x07E0, 0x07E0, 0x07E0, 0x07E0, 0x07E0, 0x07E0,
    0x07E0, 0x07E0, 0x07E0, 0x07E0, 0x07E0, 0x07E0, 0x07E0, 0x07E0, 0x07E0, 0x07E0, 0x07E0, 0x07E0,
    0x07E0, 0x07E0, 0x07E0, 0x07E0, 0x07E0, 0x07E0, 0x07E0, 0x07E0, 0x07E0, 0x07E0, 0x07E0, 0x07E0,
    0x07E0, 0x07E0, 0x07E0, 0x07E0, 0x07E0, 0x07E0, 0x07E0, 0x07E0, 0x07E0, 0x07E0, 0x07E0, 0x07E0,
    0x07E0, 0x07E0, 0x07E0, 0x07E0, 0x07E0, 0x07E0, 0x07E0, 0x07E0, 0x07E0, 0x07E0, 0x07E0, 0x07E0,
    0x07E0, 0x07E0, 0x07E0, 0x07E0, 0x07E0, 0x07E0, 0x07E0, 0x07E0, 0x07E0, 0x07E0, 0x07E0, 0x07E0,
    0x07E0, 0x07E0, 0x07E0, 0x07E0, 0x07E0, 0x07E0, 0x07E0, 0x07E0, 0x07E0, 0x07E0, 0x07E0, 0x07E0,
    0x07E0, 0x07E0, 0x07E0, 0x07E0, 0x07E0, 0x07E0, 0x07E0, 0x07E0, 0x07E0, 0x07E0, 0x07E0, 0x07E0,
    0x07E0, 0x07E0, 0x07E0, 0x07E0, 0x07E0, 0x07E0, 0x07E0, 0x07E0, 0x07E0, 0x07E0, 0x07E0, 0x07E0,
    0x07E0, 0x07E0, 0x07E0, 0x07E0, 0x07E0, 0x07E0, 0x07E0, 0x07E0, 0x07E0, 0x07E0, 0x07E0, 0x07E0,
    0x07E0, 0x07E0, 0x07E0, 0x07E0, 0x07E0, 0x07E0, 0x07E0, 0x07E0, 0x07E0, 0x07E0, 0x07E0, 0x07E0,
    0x07E0, 0x07E0, 0x07E0, 0x07E0, 0x07E0, 0x07E0, 0x07E0, 0x07E0, 0x07E0, 0x07E0, 0x07E0, 0x07E0,
    0x07E0, 0x07E0, 0x07E0, 0x07E0, 0x07E0, 0x07E0, 0x07E0, 0x07E0, 0x07E0, 0x07E0, 0x07E0, 0x07E0,
    0x07E0, 0x07E0, 0x07E0, 0x07E0, 0x07E0, 0x07E0, 0x07E0, 0x07E0, 0x07E0, 0x07E0, 0x07E0, 0x07E0,
    0x07E0, 0x07E0, 0x07E0, 0x07E0, 0x07E0, 0x07E0, 0x07E0, 0x07E0, 0x07E0, 0x07E0, 0x07E0, 0x07E0,
    0x07E0, 0x07E0, 0x07E0, 0x07E0, 0x07E0, 0x07E0, 0x07E0, 0x07E0, 0x07E0, 0x07E0, 0x07E0, 0x07E0,
    0x07E0, 0x07E0, 0x07E0, 0x07E0, 0x07E0, 0x07E0, 0x07E0, 0x07E0, 0x07E0, 0x07E0, 0x07E0, 0x07E0,
    0x07E0, 0x07E0, 0x07E0, 0x07E0, 0x07E0, 0x07E0, 0x07E0, 0x07E0, 0x07E0, 0x07E0, 0x07E0, 0x07E0,
    0x07E0, 0x07E0, 0x07E0, 0x07E0, 0x07E0, 0x07E0, 0x07E0, 0x07E0, 0x07E0, 0x07E0, 0x07E0, 0x07E0,
    0x07E0, 0x07E0, 0x07E0, 0x07E0, 0x07E0, 0x07E0, 0x07E0, 0x07E0, 0x07E0, 0x07E0, 0x07E0, 0x07E0,
    0x07E0, 0x07E0, 0x07E0, 0x07E0, 0x07E0, 0x07E0, 0x07E0, 0x07E0, 0x07E0, 0x07E0, 0x07E0, 0x07E0,
    0x07E0, 0x07E0, 0x07E0, 0x07E0, 0x07E0, 0x07E0, 0x07E0, 0x07E0, 0x07E0, 0x07E0, 0x07E0, 0x07E0,
    0x07E0, 0x07E0, 0x07E0, 0x07E0, 0x07E0, 0x07E0, 0x07E0, 0x07E0, 0x07E0, 0x07E0, 0x07E0, 0x07E0,
    0x07E0, 0x07E0, 0x07E0, 0x07E0, 0x07E0, 0x07E0, 0x07E0, 0x07E0, 0x07E0, 0x07E0, 0x07E0, 0x07E0,
    0x07E0, 0x07E0, 0x07E0, 0x07E0, 0x07E0, 0x07E0, 0x07E0, 0x07E0, 0x07E0, 0x07E0, 0x07E0, 0x07E0,
    0x07E0, 0x07E0, 0x07E0, 0x07E0, 0x07E0, 0x07E0, 0x07E0, 0x07E0, 0x07E0, 0x07E0, 0x07E0, 0x07E0,
    0x07E0, 0x07E0, 0x07E0, 0x07E0, 0x07E0, 0x07E0, 0x07E0, 0x07E0, 0x07E0, 0x07E0, 0x07E0, 0x07E0,
    0x07E0, 0x07E0, 0x07E0, 0x07E0, 0x07E0, 0x07E0, 0x07E0, 0x07E0, 0x07E0, 0x07E0, 0x07E0, 0x07E0,
    0x07E0, 0x07E0, 0x07E0, 0x07E0, 0x07E0, 0x07E0, 0x07E0, 0x07E0, 0x07E0, 0x07E0, 0x07E0, 0x07E0,
    0x07E0, 0x07E0, 0x07E0, 0x07E0, 0x07E0, 0x07E0, 0x07E0, 0x07E0, 0x07E0, 0x07E0, 0x07E0, 0x07E0,
    0x07E0, 0x07E0, 0x07E0, 0x07E0, 0x07E0, 0x07E0, 0x07E0, 0x07E0, 0x07E0, 0x07E0, 0x07E0, 0x07E0,
    0x07E0, 0x07E0, 0x07E0, 0x07E0, 0x07E0, 0x07E0, 0x07E0, 0x07E0, 0x07E0, 0x07E0, 0x07E0, 0x07E0,
    0x07E0, 0x07E0, 0x07E0, 0x07E0, 0x07E0, 0x07E0, 0x07E0, 0x07E0, 0x07E0, 0x07E0, 0x07E0, 0x07E0,
    0x07E0, 0x07E0, 0x07E0, 0x07E0, 0x07E0, 0x07E0, 0x07E0, 0x07E0, 0x07E0, 0x07E0, 0x07E0, 0x07E0,
    0x07E0, 0x07E0, 0x07E0, 0x07E0, 0x07E0, 0x07E0, 0x07E0, 0x07E0, 0x07E0, 0x07E0, 0x07E0, 0x07E0,
    0x07E0, 0x07E0, 0x07E0, 0x07E0, 0x07E0, 0x07E0, 0x07E0, 0x07E0, 0x07E0, 0x07E0, 0x07E0, 0x07E0,
    0x07E0, 0x07E0, 0x07E0, 0x07E0, 0x07E0, 0x07E0, 0x07E0, 0x07E0, 0x07E0, 0x07E0, 0x07E0, 0x07E0,
    0x07E0, 0x07E0, 0x07E0, 0x07E0, 0x07E0, 0x07E0, 0x07E0, 0x07E0, 0x07E0, 0x07E0, 0x07E0, 0x07E0,
    0x07E0, 0x07E0, 0x07E0, 0x07E0, 0x07E0, 0x07E0, 0x07E0, 0x07E0, 0x07E0, 0x07E0, 0x07E0, 0x07E0,
    0x07E0, 0x07E0, 0x07E0, 0x07E0, 0x07E0, 0x07E0, 0x07E0, 0x07E0, 0x07E0, 0x07E0, 0x07E0, 0x07E0,
    0x07E0, 0x07E0, 0x07E0, 0x07E0, 0x07E0, 0x07E0, 0x07E0, 0x07E0, 0x07E0, 0x07E0, 0x07E0, 0x07E0,
    0x07E0, 0x07E0, 0x07E0, 0x07E0, 0x07E0, 0x07E0, 0x07E0, 0x07E0, 0x07E0, 0x07E0, 0x07E0, 0x07E0,
    0x07E0, 0x07E0, 0x07E0, 0x07E0, 0x07E0, 0x07E0, 0x07E0, 0x07E0, 0x07E0, 0x07E0, 0x07E0, 0x07E0,
    0x07E0, 0x07E0, 0x07E0, 0x07E0, 0x07E0, 0x07E0, 0x07E0, 0x07E0, 0x07E0, 0x07E0, 0x07E0, 0x07E0,
    0x07E0, 0x07E0, 0x07E0, 0x07E0, 0x07E0, 0x07E0, 0x07E0, 0x07E0, 0x07E0, 0x07E0, 0x07E0, 0x07E0,
    0x07E0, 0x07E0, 0x07E0, 0x07E0, 0x07E0, 0x07E0, 0x07E0, 0x07E0, 0x07E0, 0x07E0, 0x07E0, 0x07E0,
    0x07E0, 0x07E0, 0x07E0, 0x07E0, 0x07E0, 0x07E0, 0x07E0, 0x07E0, 0x07E0, 0x07E0, 0x07E0, 0x07E0,
    0x07E0, 0x07E0, 0x07E0, 0x07E0, 0x07E0, 0x07E0, 0x07E0, 0x07E0, 0x07E0, 0x07E0, 0x07E0, 0x07E0,
    0x07E0, 0x07E0, 0x07E0, 0x07E0, 0x07E0, 0x07E0, 0x07E0, 0x07E0, 0x07E0, 0x07E0, 0x07E0, 0x07E0,
    0x07E0, 0x07E0, 0x07E0, 0x07E0, 0x07E0, 0x07E0, 0x07E0, 0x07E0, 0x07E0, 0x07E0, 0x07E0, 0x07E0,
    0x07E0, 0x07E0, 0x07E0, 0x07E0, 0x07E0, 0x07E0, 0x07E0, 0x07E0, 0x07E0, 0x07E0, 0x07E0, 0x07E0,
    0x07E0, 0x07E0, 0x07E0, 0x07E0, 0x07E0, 0x07E0, 0x07E0, 0x07E0, 0x07E0, 0x07E0, 0x07E0, 0x07E0,
    0x07E0, 0x07E0, 0x07E0, 0x07E0, 0x07E0, 0x07E0, 0x07E0, 0x07E0, 0x07E0, 0x07E0, 0x07E0, 0x07E0,
    0x07E0, 0x07E0, 0x07E0, 0x07E0, 0x07E0, 0x07E0, 0x07E0, 0x07E0, 0x07E0, 0x07E0, 0x07E0, 0x07E0,
    0x07E0, 0x07E0, 0x07E0, 0x07E0, 0x07E0, 0x07E0, 0x07E0, 0x07E0, 0x07E0, 0x07E0, 0x07E0, 0x07E0,
    0x07E0, 0x07E0, 0x07E0, 0x07E0, 0x07E0, 0x07E0, 0x07E0, 0x07E0, 0x07E0, 0x07E0, 0x07E0, 0x07E0,
    0x07E0, 0x07E0, 0x07E0, 0x07E0, 0x07E0, 0x07E0, 0x07E0, 0x07E0, 0x07E0, 0x07E0, 0x07E0, 0x07E0,
    0x07E0, 0x07E0, 0x07E0, 0x07E0, 0x07E0, 0x07E0, 0x07E0, 0x07E0, 0x07E0, 0x07E0, 0x07E0, 0x07E0,
    0x07E0, 0x07E0, 0x07E0, 0x07E0, 0x07E0, 0x07E0, 0x07E0, 0x07E0, 0x07E0, 0x07E0, 0x07E0, 0x07E0,
    0x07E0, 0x07E0, 0x07E0, 0x07E0, 0x07E0, 0x07E0, 0x07E0, 0x07E0, 0x07E0, 0x07E0, 0x07E0, 0x07E0,
    0x07E0, 0x07E0, 0x07E0, 0x07E0, 0x07E0, 0x07E0, 0x07E0, 0x07E0, 0x07E0, 0x07E0, 0x07E0, 0x07E0,
    0x07E0, 0x07E0, 0x07E0, 0x07E0, 0x07E0, 0x07E0, 0x07E0, 0x07E0, 0x07E0, 0x07E0, 0x07E0, 0x07E0,
    0x07E0, 0x07E0, 0x07E0, 0x07E0, 0x07E0, 0x07E0, 0x07E0, 0x07E0, 0x07E0, 0x07E0, 0x07E0, 0x07E0,
    0x07E0, 0x07E0, 0x07E0, 0x07E0, 0x07E0, 0x07E0, 0x07E0, 0x07E0, 0x07E0, 0x07E0, 0x07E0, 0x07E0,
    0x07E0, 0x07E0, 0x07E0, 0x07E0, 0x07E0, 0x07E0, 0x07E0, 0x07E0, 0x07E0, 0x07E0, 0x07E0, 0x07E0,
    0x07E0, 0x07E0, 0x07E0, 0x07E0, 0x07E0, 0x07E0, 0x07E0, 0x07E0, 0x07E0, 0x07E0, 0x07E0, 0x07E0,
    0x07E0, 0x07E0, 0x07E0, 0x07E0, 0x07E0, 0x07E0, 0x07E0, 0x07E0, 0x07E0, 0x07E0, 0x07E0, 0x07E0,
    0x07E0, 0x07E0, 0x07E0, 0x07E0, 0x07E0, 0x07E0, 0x07E0, 0x07E0, 0x07E0, 0x07E0, 0x07E0, 0x07E0,
    0x07E0, 0x07E0, 0x07E0, 0x07E0, 0x07E0, 0x07E0, 0x07E0, 0x07E0, 0x07E0, 0x07E0, 0x07E0, 0x07E0,
    0x07E0, 0x07E0, 0x07E0, 0x07E0, 0x07E0, 0x07E0, 0x07E0, 0x07E0, 0x07E0, 0x07E0, 0x07E0, 0x07E0,
    0x07E0, 0x07E0, 0x07E0, 0x07E0, 0x07E0, 0x07E0, 0x07E0, 0x07E0, 0x07E0, 0x07E0, 0x07E0, 0x07E0,
    0x07E0, 0x07E0, 0x07E0, 0x07E0, 0x07E0, 0x07E0, 0x07E0, 0x07E0, 0x07E0, 0x07E0, 0x07E0, 0x07E0,
    0x07E0, 0x07E0, 0x07E0, 0x07E0, 0x07E0, 0x07E0, 0x07E0, 0x07E0, 0x07E0, 0x07E0, 0x07E0, 0x07E0,
    0x07E0, 0x07E0, 0x07E0, 0x07E0, 0x07E0, 0x07E0, 0x07E0, 0x07E0, 0x07E0, 0x07E0, 0x07E0, 0x07E0,
    0x07E0, 0x07E0, 0x07E0, 0x07E0, 0x07E0, 0x07E0, 0x07E0, 0x07E0, 0x07E0, 0x07E0, 0x07E0, 0x07E0,
    0x07E0, 0x07E0, 0x07E0, 0x07E0, 0x07E0, 0x07E0, 0x07E0, 0x07E0, 0x07E0, 0x07E0, 0x07E0, 0x07E0,
    0x07E0, 0x07E0, 0x07E0, 0x07E0, 0x07E0, 0x07E0, 0x07E0, 0x07E0, 0x07E0, 0x07E0, 0x07E0, 0x07E0,
    0x07E0, 0x07E0, 0x07E0, 0x07E0, 0x07E0, 0x07E0, 0x07E0, 0x07E0, 0x07E0, 0x07E0, 0x07E0, 0x07E0,
    0x07E0, 0x07E0, 0x07E0, 0x07E0, 0x07E0, 0x07E0, 0x07E0, 0x07E0, 0x07E0, 0x07E0, 0x07E0, 0x07E0,
    0x07E0, 0x07E0, 0x07E0, 0x07E0, 0x07E0, 0x07E0, 0x07E0, 0x07E0, 0x07E0, 0x07E0, 0x07E0, 0x07E0,
    0x07E0, 0x07E0, 0x07E0, 0x07E0, 0x07E0, 0x07E0, 0x07E0, 0x07E0, 0x07E0, 0x07E0, 0x07E0, 0x07E0,
    0x07E0, 0x07E0, 0x07E0, 0x07E0, 0x07E0, 0x07E0, 0x07E0, 0x07E0, 0x07E0, 0x07E0, 0x07E0, 0x07E0,
    0x07E0, 0x07E0, 0x07E0, 0x07E0, 0x07E0, 0x07E0, 0x07E0, 0x07E0, 0x07E0, 0x07E0, 0x07E0, 0x07E0,
    0x07E0, 0x07E0, 0x07E0, 0x07E0, 0x07E0, 0x07E0, 0x07E0, 0x07E0, 0x07E0, 0x07E0, 0x07E0, 0x07E0,
    0x07E0, 0x07E0, 0x07E0, 0x07E0, 0x07E0, 0x07E0, 0x07E0, 0x07E0, 0x07E0, 0x07E0, 0x07E0, 0x07E0,
    0x07E0, 0x07E0, 0x07E0, 0x07E0, 0x07E0, 0x07E0, 0x07E0, 0x07E0, 0x07E0, 0x07E0, 0x07E0, 0x07E0,
    0x07E0, 0x07E0, 0x07E0, 0x07E0, 0x07E0, 0x07E0, 0x07E0, 0x07E0, 0x07E0, 0x07E0, 0x07E0, 0x07E0,
    0x07E0, 0x07E0, 0x07E0, 0x07E0, 0x07E0, 0x07E0, 0x07E0, 0x07E0, 0x07E0, 0x07E0, 0x07E0, 0x07E0,
    0x07E0, 0x07E0, 0x07E0, 0x07E0, 0x07E0, 0x07E0, 0x07E0, 0x07E0, 0x07E0, 0x07E0, 0x07E0, 0x07E0,
    0x07E0, 0x07E0, 0x07E0, 0x07E0, 0x07E0, 0x07E0, 0x07E0, 0x07E0, 0x07E0, 0x07E0, 0x07E0, 0x07E0,
    0x07E0, 0x07E0, 0x07E0, 0x07E0, 0x07E0, 0x07E0, 0x07E0, 0x07E0, 0x07E0, 0x07E0, 0x07E0, 0x07E0,
    0x07E0, 0x07E0, 0x07E0, 0x07E0, 0x07E0, 0x07E0, 0x07E0, 0x07E0, 0x07E0, 0x07E0, 0x07E0, 0x07E0,
    0x07E0, 0x07E0, 0x07E0, 0x07E0, 0x07E0, 0x07E0, 0x07E0, 0x07E0, 0x07E0, 0x07E0, 0x07E0, 0x07E0,
    0x07E0, 0x07E0, 0x07E0, 0x07E0, 0x07E0, 0x07E0, 0x07E0, 0x07E0, 0x07E0, 0x07E0, 0x07E0, 0x07E0,
    0x07E0, 0x07E0, 0x07E0, 0x07E0, 0x07E0, 0x07E0, 0x07E0, 0x07E0, 0x07E0, 0x07E0, 0x07E0, 0x07E0,
    0x07E0, 0x07E0, 0x07E0, 0x07E0, 0x07E0, 0x07E0, 0x07E0, 0x07E0, 0x07E0, 0x07E0, 0x07E0, 0x07E0,
    0x07E0, 0x07E0, 0x07E0, 0x07E0, 0x07E0, 0x07E0, 0x07E0, 0x07E0, 0x07E0, 0x07E0, 0x07E0, 0x07E0,
    0x07E0, 0x07E0, 0x07E0, 0x07E0, 0x07E0, 0x07E0, 0x07E0, 0x07E0, 0x07E0, 0x07E0, 0x07E0, 0x07E0,
    0x07E0, 0x07E0, 0x07E0, 0x07E0, 0x07E0, 0x07E0, 0x07E0, 0x07E0, 0x07E0, 0x07E0, 0x07E0, 0x07E0,
    0x07E0, 0x07E0, 0x07E0, 0x07E0, 0x07E0, 0x07E0, 0x07E0, 0x07E0, 0x07E0, 0x07E0, 0x07E0, 0x07E0,
    0x07E0, 0x07E0, 0x07E0, 0x07E0, 0x07E0, 0x07E0, 0x07E0, 0x07E0, 0x07E0, 0x07E0, 0x07E0, 0x07E0,
    0x07E0, 0x07E0, 0x07E0, 0x07E0, 0x07E0, 0x07E0, 0x07E0, 0x07E0, 0x07E0, 0x07E0, 0x07E0, 0x07E0,
    0x07E0, 0x07E0, 0x07E0, 0x07E0, 0x07E0, 0x07E0, 0x07E0, 0x07E0, 0x07E0, 0x07E0, 0x07E0, 0x07E0,
    0x07E0, 0x07E0, 0x07E0, 0x07E0, 0x07E0, 0x07E0, 0x07E0, 0x07E0, 0x07E0, 0x07E0, 0x07E0, 0x07E0,
    0x07E0, 0x07E0, 0x07E0, 0x07E0, 0x07E0, 0x07E0, 0x07E0, 0x07E0, 0x07E0, 0x07E0, 0x07E0, 0x07E0,
    0x07E0, 0x07E0, 0x07E0, 0x07E0, 0x07E0, 0x07E0, 0x07E0, 0x07E0, 0x07E0, 0x07E0, 0x07E0, 0x07E0,
    0x07E0, 0x07E0, 0x07E0, 0x07E0, 0x07E0, 0x07E0, 0x07E0, 0x07E0, 0x07E0, 0x07E0, 0x07E0, 0x07E0,
    0x07E0, 0x07E0, 0x07E0, 0x07E0, 0x07E0, 0x07E0, 0x07E0, 0x07E0, 0x07E0, 0x07E0, 0x07E0, 0x07E0,
    0x07E0, 0x07E0, 0x07E0, 0x07E0, 0x07E0, 0x07E0, 0x07E0, 0x07E0, 0x07E0, 0x07E0, 0x07E0, 0x07E0,
    0x07E0, 0x07E0, 0x07E0, 0x07E0, 0x07E0, 0x07E0, 0x07E0, 0x07E0, 0x07E0, 0x07E0, 0x07E0, 0x07E0,
    0x07E0, 0x07E0, 0x07E0, 0x07E0, 0x07E0, 0x07E0, 0x07E0, 0x07E0, 0x07E0, 0x07E0, 0x07E0, 0x07E0,
    0x07E0, 0x07E0, 0x07E0, 0x07E0, 0x07E0, 0x07E0, 0x07E0, 0x07E0, 0x07E0, 0x07E0, 0x07E0, 0x07E0,
    0x07E0, 0x07E0, 0x07E0, 0x07E0, 0x07E0, 0x07E0, 0x07E0, 0x07E0, 0x07E0, 0x07E0, 0x07E0, 0x07E0,
    0x07E0, 0x07E0, 0x07E0, 0x07E0, 0x07E0, 0x07E0, 0x07E0, 0x07E0, 0x07E0, 0x07E0, 0x07E0, 0x07E0,
    0x07E0, 0x07E0, 0x07E0, 0x07E0, 0x07E0, 0x07E0, 0x07E0, 0x07E0, 0x07E0, 0x07E0, 0x07E0, 0x07E0,
    0x07E0, 0x07E0, 0x07E0, 0x07E0, 0x07E0, 0x07E0, 0x07E0, 0x07E0, 0x07E0, 0x07E0, 0x07E0, 0x07E0,
    0x07E0, 0x07E0, 0x07E0, 0x07E0, 0x07E0, 0x07E0, 0x07E0, 0x07E0, 0x07E0, 0x07E0, 0x07E0, 0x07E0,
    0x07E0, 0x07E0, 0x07E0, 0x07E0, 0x07E0, 0x07E0, 0x3165, 0x3165, 0x3165, 0x3165, 0x07E0, 0x07E0,
    0x07E0, 0x07E0, 0x07E0, 0x07E0, 0x07E0, 0x07E0, 0x07E0, 0x07E0, 0x07E0, 0x07E0, 0x07E0, 0x07E0,
    0x07E0, 0x07E0, 0x07E0, 0x07E0, 0x07E0, 0x07E0, 0x07E0, 0x07E0, 0x07E0, 0x07E0, 0x07E0, 0x07E0,
    0x07E0, 0x07E0, 0x07E0, 0x07E0, 0x07E0, 0x07E0, 0x07E0, 0x07E0, 0x07E0, 0x07E0, 0x07E0, 0x07E0,
    0x07E0, 0x07E0, 0x07E0, 0x07E0, 0x07E0, 0x07E0, 0x07E0, 0x07E0, 0x07E0, 0x07E0, 0x07E0, 0x07E0,
    0x07E0, 0x07E0, 0x07E0, 0x07E0, 0x07E0, 0x07E0, 0x07E0, 0x07E0, 0x3165, 0x3165, 0x5249, 0x5249,
    0x5249, 0x5249, 0x3165, 0x3165, 0x07E0, 0x07E0, 0x07E0, 0x07E0, 0x07E0, 0x07E0, 0x07E0, 0x07E0,
    0x07E0, 0x07E0, 0x07E0, 0x07E0, 0x07E0, 0x07E0, 0x07E0, 0x07E0, 0x07E0, 0x07E0, 0x07E0, 0x07E0,
    0x07E0, 0x07E0, 0x07E0, 0x07E0, 0x07E0, 0x07E0, 0x07E0, 0x07E0, 0x07E0, 0x07E0, 0x07E0, 0x07E0,
    0x07E0, 0x07E0, 0x07E0, 0x07E0, 0x07E0, 0x07E0, 0x07E0, 0x07E0, 0x07E0, 0x07E0, 0x07E0, 0x07E0,
    0x07E0, 0x07E0, 0x07E0, 0x07E0, 0x07E0, 0x07E0, 0x07E0, 0x07E0, 0x3165, 0x3165, 0x3165, 0x3165,
    0x5249, 0x5249, 0x5249, 0x4A08, 0x4A08, 0x4A08, 0x5249, 0x5249, 0x3165, 0x07E0, 0x07E0, 0x07E0,
    0x07E0, 0x07E0, 0x07E0, 0x07E0, 0x07E0, 0x07E0, 0x07E0, 0x07E0, 0x07E0, 0x07E0, 0x07E0, 0x07E0,
    0x07E0, 0x07E0, 0x07E0, 0x07E0, 0x07E0, 0x07E0, 0x07E0, 0x07E0, 0x07E0, 0x07E0, 0x07E0, 0x07E0,
    0x07E0, 0x07E0, 0x07E0, 0x07E0, 0x07E0, 0x07E0, 0x07E0, 0x07E0, 0x07E0, 0x07E0, 0x07E0, 0x07E0,
    0x07E0, 0x07E0, 0x07E0, 0x07E0, 0x07E0, 0x07E0, 0x07E0, 0x07E0, 0x3165, 0x3165, 0x3165, 0x3165,
    0x2904, 0x3000, 0x3165, 0x5249, 0x5249, 0x4A08, 0x4A08, 0x28C3, 0x6A08, 0x6A08, 0x6A08, 0x4A08,
    0x4A08, 0x3165, 0x07E0, 0x07E0, 0x07E0, 0x07E0, 0x07E0, 0x07E0, 0x07E0, 0x07E0, 0x07E0, 0x07E0,
    0x07E0, 0x07E0, 0x07E0, 0x07E0, 0x07E0, 0x07E0, 0x07E0, 0x07E0, 0x07E0, 0x07E0, 0x07E0, 0x07E0,
    0x07E0, 0x07E0, 0x07E0, 0x07E0, 0x07E0, 0x07E0, 0x07E0, 0x07E0, 0x07E0, 0x07E0, 0x07E0, 0x07E0,
    0x07E0, 0x3165, 0x3165, 0x07E0, 0x07E0, 0x07E0, 0x07E0, 0x07E0, 0x07E0, 0x3165, 0x3165, 0x3165,
    0x3965, 0x3965, 0x3144, 0x2904, 0x3000, 0x3165, 0x5249, 0x5249, 0x4A08, 0x6A08, 0x6A08, 0x4A08,
    0x7A69, 0x6A08, 0x7A69, 0x7A69, 0x28C3, 0x4A08, 0x3165, 0x07E0, 0x07E0, 0x07E0, 0x07E0, 0x07E0,
    0x07E0, 0x07E0, 0x07E0, 0x07E0, 0x07E0, 0x07E0, 0x07E0, 0x07E0, 0x07E0, 0x07E0, 0x07E0, 0x07E0,
    0x07E0, 0x07E0, 0x07E0, 0x07E0, 0x07E0, 0x07E0, 0x07E0, 0x07E0, 0x07E0, 0x07E0, 0x07E0, 0x07E0,
    0x07E0, 0x07E0, 0x07E0, 0x07E0, 0x3165, 0x2904, 0x3144, 0x3165, 0x3165, 0x3165, 0x3165, 0x3165,
    0x3165, 0x3965, 0x3965, 0x3965, 0x3965, 0x3144, 0x2904, 0x3000, 0x3165, 0x5249, 0x5249, 0x4A08,
    0x28C3, 0x4A08, 0x7A69, 0x5269, 0x6A08, 0x5269, 0x4A08, 0x4A08, 0x7A69, 0x5269, 0x5269, 0x3165,
    0x07E0, 0x07E0, 0x07E0, 0x07E0, 0x07E0, 0x07E0, 0x07E0, 0x07E0, 0x07E0, 0x07E0, 0x07E0, 0x07E0,
    0x07E0, 0x07E0, 0x07E0, 0x07E0, 0x07E0, 0x07E0, 0x07E0, 0x07E0, 0x07E0, 0x07E0, 0x07E0, 0x07E0,
    0x07E0, 0x07E0, 0x07E0, 0x07E0, 0x07E0, 0x07E0, 0x07E0, 0x3165, 0x2904, 0x2904, 0x3144, 0x3965,
    0x3965, 0x3965, 0x3965, 0x3965, 0x3965, 0x3965, 0x4165, 0x3965, 0x3144, 0x3144, 0x2904, 0x3000,
    0x3165, 0x5249, 0x4A08, 0x6A08, 0x6A08, 0x5269, 0x7A69, 0x528A, 0x528A, 0x5AAA, 0x5AAA, 0x5AAA,
    0x7A69, 0x5AAA, 0x5269, 0x5AAA, 0x3165, 0x07E0, 0x07E0, 0x07E0, 0x07E0, 0x07E0, 0x07E0, 0x07E0,
    0x07E0, 0x07E0, 0x07E0, 0x07E0, 0x07E0, 0x07E0, 0x07E0, 0x07E0, 0x07E0, 0x07E0, 0x07E0, 0x07E0,
    0x07E0, 0x07E0, 0x07E0, 0x07E0, 0x07E0, 0x07E0, 0x07E0, 0x07E0, 0x07E0, 0x07E0, 0x3165, 0x2904,
    0x2904, 0x3144, 0x3965, 0x3965, 0x3965, 0x3965, 0x3965, 0x3965, 0x4165, 0x4165, 0x4165, 0x3965,
    0x3144, 0x2904, 0x3000, 0x3000, 0x3165, 0x4A08, 0x6A08, 0x7A69, 0x7A69, 0x528A, 0x7A69, 0x528A,
    0x5AAA, 0x5AAA, 0x5AAA, 0x5AAA, 0x5AAA, 0x5AAA, 0x5AAA, 0x5AAA, 0x3165, 0x07E0, 0x07E0, 0x07E0,
    0x07E0, 0x07E0, 0x07E0, 0x07E0, 0x07E0, 0x07E0, 0x07E0, 0x07E0, 0x07E0, 0x07E0, 0x07E0, 0x07E0,
    0x07E0, 0x07E0, 0x07E0, 0x07E0, 0x07E0, 0x07E0, 0x07E0, 0x07E0, 0x07E0, 0x07E0, 0x07E0, 0x07E0,
    0x07E0, 0x07E0, 0x3165, 0x2904, 0x3144, 0x3144, 0x3965, 0x3000, 0x3000, 0x3000, 0x3000, 0x3000,
    0x3000, 0x4165, 0x4165, 0x3965, 0x3144, 0x2904, 0x3000, 0x3165, 0x5249, 0x5249, 0x7A69, 0x7A69,
    0x528A, 0x528A, 0x7A69, 0x5AAA, 0x5AAA, 0x5AAA, 0x5AAA, 0x5AAA, 0x5AAA, 0x5AAA, 0x5AAA, 0x5AAA,
    0x5AAA, 0x3165, 0x07E0, 0x07E0, 0x07E0, 0x07E0, 0x07E0, 0x07E0, 0x07E0, 0x07E0, 0x07E0, 0x07E0,
    0x07E0, 0x07E0, 0x07E0, 0x07E0, 0x07E0, 0x07E0, 0x07E0, 0x07E0, 0x07E0, 0x07E0, 0x07E0, 0x07E0,
    0x07E0, 0x07E0, 0x07E0, 0x07E0, 0x07E0, 0x3165, 0x2904, 0x2904, 0x3144, 0x3965, 0x3000, 0x3000,
    0x4165, 0x0000, 0x4000, 0x4000, 0x3000, 0x4165, 0x4165, 0x3965, 0x3144, 0x3000, 0x3000, 0x3165,
    0x5249, 0x5269, 0x5269, 0x7A69, 0x7A69, 0x7A69, 0x5AAA, 0x5AAA, 0x5AAA, 0x5AAA, 0x5AAA, 0x5AAA,
    0x5AAA, 0x5AAA, 0x5AAA, 0x5AAA, 0x5AAA, 0x3165, 0x07E0, 0x07E0, 0x07E0, 0x07E0, 0x07E0, 0x07E0,
    0x07E0, 0x07E0, 0x07E0, 0x07E0, 0x07E0, 0x07E0, 0x07E0, 0x07E0, 0x07E0, 0x07E0, 0x07E0, 0x07E0,
    0x07E0, 0x07E0, 0x07E0, 0x07E0, 0x07E0, 0x07E0, 0x07E0, 0x07E0, 0x07E0, 0x3165, 0x2904, 0x2904,
    0x3144, 0x3965, 0x3000, 0x3000, 0x4186, 0x4000, 0x4186, 0x3000, 0x4000, 0x4165, 0x4165, 0x3965,
    0x3144, 0x4000, 0x3165, 0x5249, 0x5249, 0x5269, 0x5269, 0x528A, 0x5AAA, 0x7A69, 0x5AAA, 0x5AAA,
    0x5AAA, 0x5AAA, 0x5AAA, 0x5AAA, 0x5AAA, 0x5AAA, 0x5AAA, 0x5AAA, 0x5AAA, 0x5AAA, 0x3165, 0x07E0,
    0x07E0, 0x07E0, 0x07E0, 0x07E0, 0x07E0, 0x07E0, 0x07E0, 0x07E0, 0x07E0, 0x07E0, 0x07E0, 0x07E0,
    0x07E0, 0x07E0, 0x07E0, 0x07E0, 0x07E0, 0x07E0, 0x07E0, 0x07E0, 0x07E0, 0x07E0, 0x07E0, 0x07E0,
    0x07E0, 0x3165, 0x2904, 0x2904, 0x3144, 0x3965, 0x3000, 0x4186, 0x4000, 0x4000, 0x4186, 0x0000,
    0x4186, 0x4165, 0x4165, 0x3965, 0x3144, 0x4000, 0x3165, 0x5249, 0x5269, 0x5269, 0x528A, 0x528A,
    0x5AAA, 0x7A69, 0x5AAA, 0x5AAA, 0x5AAA, 0x5AAA, 0x5AAA, 0x5AAA, 0x5AAA, 0x5AAA, 0x5AAA, 0x5AAA,
    0x5269, 0x5269, 0x3165, 0x07E0, 0x07E0, 0x07E0, 0x07E0, 0x07E0, 0x07E0, 0x07E0, 0x07E0, 0x07E0,
    0x07E0, 0x07E0, 0x07E0, 0x07E0, 0x07E0, 0x07E0, 0x07E0, 0x07E0, 0x07E0, 0x07E0, 0x07E0, 0x07E0,
    0x07E0, 0x07E0, 0x07E0, 0x07E0, 0x07E0, 0x3165, 0x2904, 0x3144, 0x3144, 0x3965, 0x3000, 0x4165,
    0x5800, 0x5800, 0x0000, 0x4000, 0x41A6, 0x4165, 0x4165, 0x3965, 0x3144, 0x4000, 0x3165, 0x5249,
    0x5269, 0x5269, 0x528A, 0x528A, 0x5AAA, 0x7A69, 0x5AAA, 0x5AAA, 0x5AAA, 0x5AAA, 0x5AAA, 0x5AAA,
    0x5AAA, 0x5AAA, 0x5AAA, 0x5AAA, 0x4A08, 0x4000, 0x5269, 0x3165, 0x07E0, 0x07E0, 0x07E0, 0x07E0,
    0x07E0, 0x07E0, 0x07E0, 0x07E0, 0x07E0, 0x07E0, 0x07E0, 0x07E0, 0x07E0, 0x07E0, 0x07E0, 0x07E0,
    0x07E0, 0x07E0, 0x07E0, 0x07E0, 0x07E0, 0x07E0, 0x07E0, 0x07E0, 0x07E0, 0x3165, 0x2904, 0x2904,
    0x3144, 0x3965, 0x0000, 0x4165, 0x4000, 0x5800, 0x0000, 0x4000, 0x41A6, 0x41A6, 0x4165, 0x3965,
    0x3144, 0x5800, 0x3165, 0x5249, 0x5269, 0x5269, 0x7A69, 0x528A, 0x5AAA, 0x5AAA, 0x5AAA, 0x5AAA,
    0x5AAA, 0x5AAA, 0x5AAA, 0x5AAA, 0x5AAA, 0x5AAA, 0x5AAA, 0x5269, 0x4000, 0x7A69, 0x3165, 0x07E0,
    0x07E0, 0x07E0, 0x07E0, 0x07E0, 0x07E0, 0x07E0, 0x07E0, 0x07E0, 0x07E0, 0x07E0, 0x07E0, 0x07E0,
    0x07E0, 0x07E0, 0x07E0, 0x07E0, 0x07E0, 0x07E0, 0x07E0, 0x07E0, 0x07E0, 0x07E0, 0x07E0, 0x07E0,
    0x07E0, 0x3165, 0x2904, 0x2904, 0x3144, 0x3144, 0x0000, 0x4165, 0x0000, 0x3945, 0x4000, 0x4165,
    0x4165, 0x4165, 0x4165, 0x3965, 0x3144, 0x5800, 0x3165, 0x5249, 0x5249, 0x5269, 0x528A, 0x528A,
    0x5AAA, 0x5AAA, 0x5AAA, 0x5AAA, 0x5AAA, 0x5AAA, 0x5AAA, 0x5AAA, 0x5AAA, 0x5AAA, 0x5269, 0x4A08,
    0x4000, 0x4000, 0x3165, 0x07E0, 0x07E0, 0x07E0, 0x07E0, 0x07E0, 0x07E0, 0x07E0, 0x07E0, 0x07E0,
    0x07E0, 0x07E0, 0x07E0, 0x07E0, 0x07E0, 0x07E0, 0x07E0, 0x07E0, 0x07E0, 0x07E0, 0x07E0, 0x07E0,
    0x07E0, 0x07E0, 0x07E0, 0x07E0, 0x07E0, 0x3165, 0x2904, 0x2904, 0x2904, 0x3144, 0x5800, 0x3965,
    0x0000, 0x18C3, 0x4000, 0x4000, 0x4165, 0x4165, 0x4165, 0x3965, 0x3144, 0x5800, 0x4000, 0x3165,
    0x5249, 0x7A69, 0x7A69, 0x5269, 0x528A, 0x528A, 0x5AAA, 0x5AAA, 0x5AAA, 0x5AAA, 0x5AAA, 0x5AAA,
    0x5AAA, 0x5AAA, 0x4A08, 0x28C3, 0x4000, 0x4000, 0x07E0, 0x07E0, 0x07E0, 0x07E0, 0x07E0, 0x07E0,
    0x07E0, 0x07E0, 0x07E0, 0x07E0, 0x07E0, 0x07E0, 0x07E0, 0x07E0, 0x07E0, 0x07E0, 0x07E0, 0x07E0,
    0x07E0, 0x07E0, 0x07E0, 0x07E0, 0x07E0, 0x07E0, 0x07E0, 0x07E0, 0x07E0, 0x07E0, 0x3165, 0x2904,
    0x2904, 0x3144, 0x3965, 0x3965, 0x3965, 0x3124, 0x3124, 0x5800, 0x3965, 0x4165, 0x4165, 0x4165,
    0x3144, 0x5800, 0x3000, 0x3165, 0x5249, 0x5249, 0x7A69, 0x5269, 0x5AAA, 0x528A, 0x5AAA, 0x5AAA,
    0x5AAA, 0x5AAA, 0x5AAA, 0x5AAA, 0x5AAA, 0x5269, 0x4A08, 0x4000, 0x4208, 0x3165, 0x07E0, 0x07E0,
    0x07E0, 0x07E0, 0x07E0, 0x07E0, 0x07E0, 0x07E0, 0x07E0, 0x07E0, 0x07E0, 0x07E0, 0x07E0, 0x07E0,
    0x07E0, 0x07E0, 0x07E0, 0x07E0, 0x07E0, 0x07E0, 0x07E0, 0x07E0, 0x07E0, 0x07E0, 0x07E0, 0x07E0,
    0x07E0, 0x07E0, 0x3165, 0x3165, 0x2904, 0x2904, 0x3965, 0x3965, 0x3965, 0x5800, 0x4000, 0x5800,
    0x3965, 0x3965, 0x3965, 0x3965, 0x3965, 0x5800, 0x2904, 0x3000, 0x3165, 0x4A08, 0x28C3, 0x4A08,
    0x5269, 0x5269, 0x528A, 0x528A, 0x528A, 0x6A08, 0x5AAA, 0x5AAA, 0x5AAA, 0x5269, 0x4000, 0x28C3,
    0x7A69, 0x07E0, 0x07E0, 0x07E0, 0x07E0, 0x07E0, 0x07E0, 0x07E0, 0x07E0, 0x07E0, 0x07E0, 0x07E0,
    0x07E0, 0x07E0, 0x07E0, 0x07E0, 0x07E0, 0x07E0, 0x07E0, 0x07E0, 0x07E0, 0x07E0, 0x07E0, 0x07E0,
    0x07E0, 0x07E0, 0x07E0, 0x07E0, 0x07E0, 0x07E0, 0x07E0, 0x3165, 0x3144, 0x3144, 0x3144, 0x3144,
    0x3144, 0x3144, 0x3144, 0x3144, 0x3965, 0x3965, 0x3965, 0x3965, 0x3965, 0x5800, 0x2904, 0x4000,
    0x3165, 0x5249, 0x7A69, 0x28C3, 0x4A08, 0x5269, 0x5269, 0x528A, 0x528A, 0x6A08, 0x7A69, 0x5269,
    0x5269, 0x4A08, 0x28C3, 0x4208, 0x3165, 0x07E0, 0x07E0, 0x07E0, 0x07E0, 0x07E0, 0x07E0, 0x07E0,
    0x07E0, 0x07E0, 0x07E0, 0x07E0, 0x07E0, 0x07E0, 0x07E0, 0x07E0, 0x07E0, 0x07E0, 0x07E0, 0x07E0,
    0x07E0, 0x07E0, 0x07E0, 0x07E0, 0x07E0, 0x07E0, 0x07E0, 0x07E0, 0x07E0, 0x07E0, 0x07E0, 0x3165,
    0x3165, 0x3144, 0x3144, 0x3165, 0x3165, 0x3165, 0x3165, 0x3165, 0x3144, 0x3144, 0x3144, 0x3144,
    0x3144, 0x3144, 0x3144, 0x5800, 0x4000, 0x5249, 0x5249, 0x4A08, 0x6A08, 0x4A08, 0x4A08, 0x5269,
    0x5269, 0x5269, 0x7A69, 0x4A08, 0x4A08, 0x5AAA, 0x4A08, 0x3165, 0x07E0, 0x07E0, 0x07E0, 0x07E0,
    0x07E0, 0x07E0, 0x07E0, 0x07E0, 0x07E0, 0x07E0, 0x07E0, 0x07E0, 0x07E0, 0x07E0, 0x07E0, 0x07E0,
    0x07E0, 0x07E0, 0x07E0, 0x07E0, 0x07E0, 0x07E0, 0x07E0, 0x07E0, 0x07E0, 0x07E0, 0x07E0, 0x07E0,
    0x07E0, 0x07E0, 0x07E0, 0x07E0, 0x3165, 0x3165, 0x3165, 0x07E0, 0x07E0, 0x07E0, 0x07E0, 0x07E0,
    0x3165, 0x3165, 0x3165, 0x3165, 0x3165, 0x3144, 0x3144, 0x5800, 0x3144, 0x4000, 0x5249, 0x5249,
    0x7A69, 0x6A08, 0x28C3, 0x4A08, 0x4A08, 0x4A08, 0x4A08, 0x7A69, 0x6A08, 0x4A08, 0x3165, 0x3165,
    0x07E0, 0x07E0, 0x07E0, 0x07E0, 0x07E0, 0x07E0, 0x07E0, 0x07E0, 0x07E0, 0x07E0, 0x07E0, 0x07E0,
    0x07E0, 0x07E0, 0x07E0, 0x07E0, 0x07E0, 0x07E0, 0x07E0, 0x07E0, 0x07E0, 0x07E0, 0x07E0, 0x07E0,
    0x07E0, 0x07E0, 0x07E0, 0x07E0, 0x07E0, 0x07E0, 0x07E0, 0x07E0, 0x07E0, 0x07E0, 0x07E0, 0x07E0,
    0x07E0, 0x07E0, 0x07E0, 0x07E0, 0x07E0, 0x07E0, 0x07E0, 0x07E0, 0x07E0, 0x3165, 0x3165, 0x3165,
    0x3144, 0x4000, 0x3165, 0x5249, 0x5249, 0x7A69, 0x6A08, 0x28C3, 0x28C3, 0x6A08, 0x28C3, 0x4A08,
    0x7A69, 0x5269, 0x3165, 0x07E0, 0x07E0, 0x07E0, 0x07E0, 0x07E0, 0x07E0, 0x07E0, 0x07E0, 0x07E0,
    0x07E0, 0x07E0, 0x07E0, 0x07E0, 0x07E0, 0x07E0, 0x07E0, 0x07E0, 0x07E0, 0x07E0, 0x07E0, 0x07E0,
    0x07E0, 0x07E0, 0x07E0, 0x07E0, 0x07E0, 0x07E0, 0x07E0, 0x07E0, 0x07E0, 0x07E0, 0x07E0, 0x07E0,
    0x07E0, 0x07E0, 0x07E0, 0x07E0, 0x07E0, 0x07E0, 0x07E0, 0x07E0, 0x07E0, 0x07E0, 0x07E0, 0x07E0,
    0x07E0, 0x07E0, 0x07E0, 0x07E0, 0x3165, 0x4000, 0x4000, 0x3165, 0x5249, 0x7A69, 0x5249, 0x7A69,
    0x4A08, 0x7A69, 0x5249, 0x5249, 0x7A69, 0x07E0, 0x07E0, 0x07E0, 0x07E0, 0x07E0, 0x07E0, 0x07E0,
    0x07E0, 0x07E0, 0x07E0, 0x07E0, 0x07E0, 0x07E0, 0x07E0, 0x07E0, 0x07E0, 0x07E0, 0x07E0, 0x07E0,
    0x07E0, 0x07E0, 0x07E0, 0x07E0, 0x07E0, 0x07E0, 0x07E0, 0x07E0, 0x07E0, 0x07E0, 0x07E0, 0x07E0,
    0x07E0, 0x07E0, 0x07E0, 0x07E0, 0x07E0, 0x07E0, 0x07E0, 0x07E0, 0x07E0, 0x07E0, 0x07E0, 0x07E0,
    0x07E0, 0x07E0, 0x07E0, 0x07E0, 0x07E0, 0x07E0, 0x07E0, 0x07E0, 0x07E0, 0x07E0, 0x07E0, 0x07E0,
    0x3165, 0x3165, 0x5249, 0x5249, 0x5249, 0x5249, 0x3165, 0x3165, 0x07E0, 0x07E0, 0x07E0, 0x07E0,
    0x07E0, 0x07E0, 0x07E0, 0x07E0, 0x07E0, 0x07E0, 0x07E0, 0x07E0, 0x07E0, 0x07E0, 0x07E0, 0x07E0,
    0x07E0, 0x07E0, 0x07E0, 0x07E0, 0x07E0, 0x07E0, 0x07E0, 0x07E0, 0x07E0, 0x07E0, 0x07E0, 0x07E0,
    0x07E0, 0x07E0, 0x07E0, 0x07E0, 0x07E0, 0x07E0, 0x07E0, 0x07E0, 0x07E0, 0x07E0, 0x07E0, 0x07E0,
    0x07E0, 0x07E0, 0x07E0, 0x07E0, 0x07E0, 0x07E0, 0x07E0, 0x07E0, 0x07E0, 0x07E0, 0x07E0, 0x07E0,
    0x07E0, 0x07E0, 0x07E0, 0x07E0, 0x07E0, 0x07E0, 0x3165, 0x3165, 0x3165, 0x3165, 0x07E0, 0x07E0,
    0x07E0, 0x07E0, 0x07E0, 0x07E0, 0x07E0, 0x07E0, 0x07E0, 0x07E0, 0x07E0, 0x07E0, 0x07E0, 0x07E0,
    0x07E0, 0x07E0, 0x07E0, 0x07E0, 0x07E0, 0x07E0, 0x07E0, 0x07E0, 0x07E0, 0x07E0, 0x07E0, 0x07E0,
    0x07E0, 0x07E0, 0x07E0, 0x07E0, 0x07E0, 0x07E0, 0x07E0, 0x07E0, 0x07E0, 0x07E0, 0x07E0, 0x07E0,
    0x07E0, 0x07E0, 0x07E0, 0x07E0, 0x07E0, 0x07E0, 0x07E0, 0x07E0, 0x07E0, 0x07E0, 0x07E0, 0x07E0,
    0x07E0, 0x07E0, 0x07E0, 0x07E0, 0x07E0, 0x07E0, 0x07E0, 0x07E0, 0x07E0, 0x07E0, 0x07E0, 0x07E0,
    0x07E0, 0x07E0, 0x07E0, 0x07E0, 0x07E0, 0x07E0, 0x07E0, 0x07E0, 0x07E0, 0x07E0, 0x07E0, 0x07E0,
    0x07E0, 0x07E0, 0x07E0, 0x07E0, 0x07E0, 0x07E0, 0x07E0, 0x07E0, 0x07E0, 0x07E0, 0x07E0, 0x07E0,
    0x07E0, 0x07E0, 0x07E0, 0x07E0, 0x07E0, 0x07E0, 0x07E0, 0x07E0, 0x07E0, 0x07E0, 0x07E0, 0x07E0,
    0x07E0, 0x07E0, 0x07E0, 0x07E0, 0x07E0, 0x07E0, 0x07E0, 0x07E0, 0x07E0, 0x07E0, 0x07E0, 0x07E0,
    0x07E0, 0x07E0, 0x07E0, 0x07E0, 0x07E0, 0x07E0, 0x07E0, 0x07E0, 0x07E0, 0x07E0, 0x07E0, 0x07E0,
    0x07E0, 0x07E0, 0x07E0, 0x07E0, 0x07E0, 0x07E0, 0x07E0, 0x07E0, 0x07E0, 0x07E0, 0x07E0, 0x07E0,
    0x07E0, 0x07E0, 0x07E0, 0x07E0, 0x07E0, 0x07E0, 0x07E0, 0x07E0, 0x07E0, 0x07E0, 0x07E0, 0x07E0,
    0x07E0, 0x07E0, 0x07E0, 0x07E0, 0x07E0, 0x07E0, 0x07E0, 0x07E0, 0x07E0, 0x07E0, 0x07E0, 0x07E0,
    0x07E0, 0x07E0, 0x07E0, 0x07E0, 0x07E0, 0x07E0, 0x07E0, 0x07E0, 0x07E0, 0x07E0, 0x07E0, 0x07E0,
    0x07E0, 0x07E0, 0x07E0, 0x07E0, 0x07E0, 0x07E0, 0x07E0, 0x07E0, 0x07E0, 0x07E0, 0x07E0, 0x07E0,
    0x07E0, 0x07E0, 0x07E0, 0x07E0, 0x07E0, 0x07E0, 0x07E0, 0x07E0, 0x07E0, 0x07E0, 0x07E0, 0x07E0,
    0x07E0, 0x07E0, 0x07E0, 0x07E0, 0x07E0, 0x07E0, 0x07E0, 0x07E0, 0x07E0, 0x07E0, 0x07E0, 0x07E0,
    0x07E0, 0x07E0, 0x07E0, 0x07E0, 0x07E0, 0x07E0, 0x07E0, 0x07E0, 0x07E0, 0x07E0, 0x07E0, 0x07E0,
    0x07E0, 0x07E0, 0x07E0, 0x07E0, 0x07E0, 0x07E0, 0x07E0, 0x07E0, 0x07E0, 0x07E0, 0x07E0, 0x07E0,
    0x07E0, 0x07E0, 0x07E0, 0x07E0, 0x07E0, 0x07E0, 0x07E0, 0x07E0, 0x07E0, 0x07E0, 0x07E0, 0x07E0,
    0x07E0, 0x07E0, 0x07E0, 0x07E0, 0x07E0, 0x07E0, 0x07E0, 0x07E0, 0x07E0, 0x07E0, 0x07E0, 0x07E0,
    0x07E0, 0x07E0, 0x07E0, 0x07E0, 0x07E0, 0x07E0, 0x07E0, 0x07E0, 0x07E0, 0x07E0, 0x07E0, 0x07E0,
    0x07E0, 0x07E0, 0x07E0, 0x07E0, 0x07E0, 0x07E0, 0x07E0, 0x07E0, 0x07E0, 0x07E0, 0x07E0, 0x07E0,
    0x07E0, 0x07E0, 0x07E0, 0x07E0, 0x07E0, 0x07E0, 0x07E0, 0x07E0, 0x07E0, 0x07E0, 0x07E0, 0x07E0,
    0x07E0, 0x07E0, 0x07E0, 0x07E0, 0x07E0, 0x07E0, 0x07E0, 0x07E0, 0x07E0, 0x07E0, 0x07E0, 0x07E0,
    0x07E0, 0x07E0, 0x07E0, 0x07E0, 0x07E0, 0x07E0, 0x07E0, 0x07E0, 0x07E0, 0x07E0, 0x07E0, 0x07E0,
    0x07E0, 0x07E0, 0x07E0, 0x07E0, 0x07E0, 0x07E0, 0x07E0, 0x07E0, 0x07E0, 0x07E0, 0x07E0, 0x07E0,
    0x07E0, 0x07E0, 0x07E0, 0x07E0, 0x07E0, 0x07E0, 0x07E0, 0x07E0, 0x07E0, 0x07E0, 0x07E0, 0x07E0,
    0x07E0, 0x07E0, 0x07E0, 0x07E0, 0x07E0, 0x07E0, 0x07E0, 0x07E0, 0x07E0, 0x07E0, 0x07E0, 0x07E0,
    0x07E0, 0x07E0, 0x07E0, 0x07E0, 0x07E0, 0x07E0, 0x07E0, 0x07E0, 0x07E0, 0x07E0, 0x07E0, 0x07E0,
    0x07E0, 0x07E0, 0x07E0, 0x07E0, 0x07E0, 0x07E0, 0x07E0, 0x07E0, 0x07E0, 0x07E0, 0x07E0, 0x07E0,
    0x07E0, 0x07E0, 0x07E0, 0x07E0, 0x07E0, 0x07E0, 0x07E0, 0x07E0, 0x07E0, 0x07E0, 0x07E0, 0x07E0,
    0x07E0, 0x07E0, 0x07E0, 0x07E0, 0x07E0, 0x07E0, 0x07E0, 0x07E0, 0x07E0, 0x07E0, 0x07E0, 0x07E0,
    0x07E0, 0x07E0, 0x07E0, 0x07E0, 0x07E0, 0x07E0, 0x07E0, 0x07E0, 0x07E0, 0x07E0, 0x07E0, 0x07E0,
    0x07E0, 0x07E0, 0x07E0, 0x07E0,
};

/* Timeline frame 6 */
static const uint16_t broken_coffin_frame_6[] = {
    0x07E0, 0x07E0, 0x07E0, 0x07E0, 0x07E0, 0x07E0, 0x07E0, 0x07E0, 0x07E0, 0x07E0, 0x07E0, 0x07E0,
    0x07E0, 0x07E0, 0x07E0, 0x07E0, 0x07E0, 0x07E0, 0x07E0, 0x07E0, 0x07E0, 0x07E0, 0x07E0, 0x07E0,
    0x07E0, 0x07E0, 0x07E0, 0x07E0, 0x07E0, 0x07E0, 0x07E0, 0x07E0, 0x07E0, 0x07E0, 0x07E0, 0x07E0,
    0x07E0, 0x07E0, 0x07E0, 0x07E0, 0x07E0, 0x07E0, 0x07E0, 0x07E0, 0x07E0, 0x07E0, 0x07E0, 0x07E0,
    0x07E0, 0x07E0, 0x07E0, 0x07E0, 0x07E0, 0x07E0, 0x07E0, 0x07E0, 0x07E0, 0x07E0, 0x07E0, 0x07E0,
    0x07E0, 0x07E0, 0x07E0, 0x07E0, 0x07E0, 0x07E0, 0x07E0, 0x07E0, 0x07E0, 0x07E0, 0x07E0, 0x07E0,
    0x07E0, 0x07E0, 0x07E0, 0x07E0, 0x07E0, 0x07E0, 0x07E0, 0x07E0, 0x07E0, 0x07E0, 0x07E0, 0x07E0,
    0x07E0, 0x07E0, 0x07E0, 0x07E0, 0x07E0, 0x07E0, 0x07E0, 0x07E0, 0x07E0, 0x07E0, 0x07E0, 0x07E0,
    0x07E0, 0x07E0, 0x07E0, 0x07E0, 0x07E0, 0x07E0, 0x07E0, 0x07E0, 0x07E0, 0x07E0, 0x07E0, 0x07E0,
    0x07E0, 0x07E0, 0x07E0, 0x07E0, 0x07E0, 0x07E0, 0x07E0, 0x07E0, 0x07E0, 0x07E0, 0x07E0, 0x07E0,
    0x07E0, 0x07E0, 0x07E0, 0x07E0, 0x07E0, 0x07E0, 0x07E0, 0x07E0, 0x07E0, 0x07E0, 0x07E0, 0x07E0,
    0x07E0, 0x07E0, 0x07E0, 0x07E0, 0x07E0, 0x07E0, 0x07E0, 0x07E0, 0x07E0, 0x07E0, 0x07E0, 0x07E0,
    0x07E0, 0x07E0, 0x07E0, 0x07E0, 0x07E0, 0x07E0, 0x07E0, 0x07E0, 0x07E0, 0x07E0, 0x07E0, 0x07E0,
    0x07E0, 0x07E0, 0x07E0, 0x07E0, 0x07E0, 0x07E0, 0x07E0, 0x07E0, 0x07E0, 0x07E0, 0x07E0, 0x07E0,
    0x07E0, 0x07E0, 0x07E0, 0x07E0, 0x07E0, 0x07E0, 0x07E0, 0x07E0, 0x07E0, 0x07E0, 0x07E0, 0x07E0,
    0x07E0, 0x07E0, 0x07E0, 0x07E0, 0x07E0, 0x07E0, 0x07E0, 0x07E0, 0x07E0, 0x07E0, 0x07E0, 0x07E0,
    0x07E0, 0x07E0, 0x07E0, 0x07E0, 0x07E0, 0x07E0, 0x07E0, 0x07E0, 0x07E0, 0x07E0, 0x07E0, 0x07E0,
    0x07E0, 0x07E0, 0x07E0, 0x07E0, 0x07E0, 0x07E0, 0x07E0, 0x07E0, 0x07E0, 0x07E0, 0x07E0, 0x07E0,
    0x07E0, 0x07E0, 0x07E0, 0x07E0, 0x07E0, 0x07E0, 0x07E0, 0x07E0, 0x07E0, 0x07E0, 0x07E0, 0x07E0,
    0x07E0, 0x07E0, 0x07E0, 0x07E0, 0x07E0, 0x07E0, 0x07E0, 0x07E0, 0x07E0, 0x07E0, 0x07E0, 0x07E0,
    0x07E0, 0x07E0, 0x07E0, 0x07E0, 0x07E0, 0x07E0, 0x07E0, 0x07E0, 0x07E0, 0x07E0, 0x07E0, 0x07E0,
    0x07E0, 0x07E0, 0x07E0, 0x07E0, 0x07E0, 0x07E0, 0x07E0, 0x07E0, 0x07E0, 0x07E0, 0x07E0, 0x07E0,
    0x07E0, 0x07E0, 0x07E0, 0x07E0, 0x07E0, 0x07E0, 0x07E0, 0x07E0, 0x07E0, 0x07E0, 0x07E0, 0x07E0,
    0x07E0, 0x07E0, 0x07E0, 0x07E0, 0x07E0, 0x07E0, 0x07E0, 0x07E0, 0x07E0, 0x07E0, 0x07E0, 0x07E0,
    0x07E0, 0x07E0, 0x07E0, 0x07E0, 0x07E0, 0x07E0, 0x07E0, 0x07E0, 0x07E0, 0x07E0, 0x07E0, 0x07E0,
    0x07E0, 0x07E0, 0x07E0, 0x07E0, 0x07E0, 0x07E0, 0x07E0, 0x07E0, 0x07E0, 0x07E0, 0x07E0, 0x07E0,
    0x07E0, 0x07E0, 0x07E0, 0x07E0, 0x07E0, 0x07E0, 0x07E0, 0x07E0, 0x07E0, 0x07E0, 0x07E0, 0x07E0,
    0x07E0, 0x07E0, 0x07E0, 0x07E0, 0x07E0, 0x07E0, 0x07E0, 0x07E0, 0x07E0, 0x07E0, 0x07E0, 0x07E0,
    0x07E0, 0x07E0, 0x07E0, 0x07E0, 0x07E0, 0x07E0, 0x07E0, 0x07E0, 0x07E0, 0x07E0, 0x07E0, 0x07E0,
    0x07E0, 0x07E0, 0x07E0, 0x07E0, 0x07E0, 0x07E0, 0x07E0, 0x07E0, 0x07E0, 0x07E0, 0x07E0, 0x07E0,
    0x07E0, 0x07E0, 0x07E0, 0x07E0, 0x07E0, 0x07E0, 0x07E0, 0x07E0, 0x07E0, 0x07E0, 0x07E0, 0x07E0,
    0x07E0, 0x07E0, 0x07E0, 0x07E0, 0x07E0, 0x07E0, 0x07E0, 0x07E0, 0x07E0, 0x07E0, 0x07E0, 0x07E0,
    0x07E0, 0x07E0, 0x07E0, 0x07E0, 0x07E0, 0x07E0, 0x07E0, 0x07E0, 0x07E0, 0x07E0, 0x07E0, 0x07E0,
    0x07E0, 0x07E0, 0x07E0, 0x07E0, 0x07E0, 0x07E0, 0x07E0, 0x07E0, 0x07E0, 0x07E0, 0x07E0, 0x07E0,
    0x07E0, 0x07E0, 0x07E0, 0x07E0, 0x07E0, 0x07E0, 0x07E0, 0x07E0, 0x07E0, 0x07E0, 0x07E0, 0x07E0,
    0x07E0, 0x07E0, 0x07E0, 0x07E0, 0x07E0, 0x07E0, 0x07E0, 0x07E0, 0x07E0, 0x07E0, 0x07E0, 0x07E0,
    0x07E0, 0x07E0, 0x07E0, 0x07E0, 0x07E0, 0x07E0, 0x07E0, 0x07E0, 0x07E0, 0x07E0, 0x07E0, 0x07E0,
    0x07E0, 0x07E0, 0x07E0, 0x07E0, 0x07E0, 0x07E0, 0x07E0, 0x07E0, 0x07E0, 0x07E0, 0x07E0, 0x07E0,
    0x07E0, 0x07E0, 0x07E0, 0x07E0, 0x07E0, 0x07E0, 0x07E0, 0x07E0, 0x07E0, 0x07E0, 0x07E0, 0x07E0,
    0x07E0, 0x07E0, 0x07E0, 0x07E0, 0x07E0, 0x07E0, 0x07E0, 0x07E0, 0x07E0, 0x07E0, 0x07E0, 0x07E0,
    0x07E0, 0x07E0, 0x07E0, 0x07E0, 0x07E0, 0x07E0, 0x07E0, 0x07E0, 0x07E0, 0x07E0, 0x07E0, 0x07E0,
    0x07E0, 0x07E0, 0x07E0, 0x07E0, 0x07E0, 0x07E0, 0x07E0, 0x07E0, 0x07E0, 0x07E0, 0x07E0, 0x07E0,
    0x07E0, 0x07E0, 0x07E0, 0x07E0, 0x07E0, 0x07E0, 0x07E0, 0x07E0, 0x07E0, 0x07E0, 0x07E0, 0x07E0,
    0x07E0, 0x07E0, 0x07E0, 0x07E0, 0x07E0, 0x07E0, 0x07E0, 0x07E0, 0x07E0, 0x07E0, 0x07E0, 0x07E0,
    0x07E0, 0x07E0, 0x07E0, 0x07E0, 0x07E0, 0x07E0, 0x07E0, 0x07E0, 0x07E0, 0x07E0, 0x07E0, 0x07E0,
    0x07E0, 0x07E0, 0x07E0, 0x07E0, 0x07E0, 0x07E0, 0x07E0, 0x07E0, 0x07E0, 0x07E0, 0x07E0, 0x07E0,
    0x07E0, 0x07E0, 0x07E0, 0x07E0, 0x07E0, 0x07E0, 0x07E0, 0x07E0, 0x07E0, 0x07E0, 0x07E0, 0x07E0,
    0x07E0, 0x07E0, 0x07E0, 0x07E0, 0x07E0, 0x07E0, 0x07E0, 0x07E0, 0x07E0, 0x07E0, 0x07E0, 0x07E0,
    0x07E0, 0x07E0, 0x07E0, 0x07E0, 0x07E0, 0x07E0, 0x07E0, 0x07E0, 0x07E0, 0x07E0, 0x07E0, 0x07E0,
    0x07E0, 0x07E0, 0x07E0, 0x07E0, 0x07E0, 0x07E0, 0x07E0, 0x07E0, 0x07E0, 0x07E0, 0x07E0, 0x07E0,
    0x07E0, 0x07E0, 0x07E0, 0x07E0, 0x07E0, 0x07E0, 0x07E0, 0x07E0, 0x07E0, 0x07E0, 0x07E0, 0x07E0,
    0x07E0, 0x07E0, 0x07E0, 0x07E0, 0x07E0, 0x07E0, 0x07E0, 0x07E0, 0x07E0, 0x07E0, 0x07E0, 0x07E0,
    0x07E0, 0x07E0, 0x07E0, 0x07E0, 0x07E0, 0x07E0, 0x07E0, 0x07E0, 0x07E0, 0x07E0, 0x07E0, 0x07E0,
    0x07E0, 0x07E0, 0x07E0, 0x07E0, 0x07E0, 0x07E0, 0x07E0, 0x07E0, 0x07E0, 0x07E0, 0x07E0, 0x07E0,
    0x07E0, 0x07E0, 0x07E0, 0x07E0, 0x07E0, 0x07E0, 0x07E0, 0x07E0, 0x07E0, 0x07E0, 0x07E0, 0x07E0,
    0x07E0, 0x07E0, 0x07E0, 0x07E0, 0x07E0, 0x07E0, 0x07E0, 0x07E0, 0x07E0, 0x07E0, 0x07E0, 0x07E0,
    0x07E0, 0x07E0, 0x07E0, 0x07E0, 0x07E0, 0x07E0, 0x07E0, 0x07E0, 0x07E0, 0x07E0, 0x07E0, 0x07E0,
    0x07E0, 0x07E0, 0x07E0, 0x07E0, 0x07E0, 0x07E0, 0x07E0, 0x07E0, 0x07E0, 0x07E0, 0x07E0, 0x07E0,
    0x07E0, 0x07E0, 0x07E0, 0x07E0, 0x07E0, 0x07E0, 0x07E0, 0x07E0, 0x07E0, 0x07E0, 0x07E0, 0x07E0,
    0x07E0, 0x07E0, 0x07E0, 0x07E0, 0x07E0, 0x07E0, 0x07E0, 0x07E0, 0x07E0, 0x07E0, 0x07E0, 0x07E0,
    0x07E0, 0x07E0, 0x07E0, 0x07E0, 0x07E0, 0x07E0, 0x07E0, 0x07E0, 0x07E0, 0x07E0, 0x07E0, 0x07E0,
    0x07E0, 0x07E0, 0x07E0, 0x07E0, 0x07E0, 0x07E0, 0x07E0, 0x07E0, 0x07E0, 0x07E0, 0x07E0, 0x07E0,
    0x07E0, 0x07E0, 0x07E0, 0x07E0, 0x07E0, 0x07E0, 0x07E0, 0x07E0, 0x07E0, 0x07E0, 0x07E0, 0x07E0,
    0x07E0, 0x07E0, 0x07E0, 0x07E0, 0x07E0, 0x07E0, 0x07E0, 0x07E0, 0x07E0, 0x07E0, 0x07E0, 0x07E0,
    0x07E0, 0x07E0, 0x07E0, 0x07E0, 0x07E0, 0x07E0, 0x07E0, 0x07E0, 0x07E0, 0x07E0, 0x07E0, 0x07E0,
    0x07E0, 0x07E0, 0x07E0, 0x07E0, 0x07E0, 0x07E0, 0x07E0, 0x07E0, 0x07E0, 0x07E0, 0x07E0, 0x07E0,
    0x07E0, 0x07E0, 0x07E0, 0x07E0, 0x07E0, 0x07E0, 0x07E0, 0x07E0, 0x07E0, 0x07E0, 0x07E0, 0x07E0,
    0x07E0, 0x07E0, 0x07E0, 0x07E0, 0x07E0, 0x07E0, 0x07E0, 0x07E0, 0x07E0, 0x07E0, 0x07E0, 0x07E0,
    0x07E0, 0x07E0, 0x07E0, 0x07E0, 0x07E0, 0x07E0, 0x07E0, 0x07E0, 0x07E0, 0x07E0, 0x07E0, 0x07E0,
    0x07E0, 0x07E0, 0x07E0, 0x07E0, 0x07E0, 0x07E0, 0x07E0, 0x07E0, 0x07E0, 0x07E0, 0x07E0, 0x07E0,
    0x07E0, 0x07E0, 0x07E0, 0x07E0, 0x07E0, 0x07E0, 0x07E0, 0x07E0, 0x07E0, 0x07E0, 0x07E0, 0x07E0,
    0x07E0, 0x07E0, 0x07E0, 0x07E0, 0x07E0, 0x07E0, 0x07E0, 0x07E0, 0x07E0, 0x07E0, 0x07E0, 0x07E0,
    0x07E0, 0x07E0, 0x07E0, 0x07E0, 0x07E0, 0x07E0, 0x07E0, 0x07E0, 0x07E0, 0x07E0, 0x07E0, 0x07E0,
    0x07E0, 0x07E0, 0x07E0, 0x07E0, 0x07E0, 0x07E0, 0x07E0, 0x07E0, 0x07E0, 0x07E0, 0x07E0, 0x07E0,
    0x07E0, 0x07E0, 0x07E0, 0x07E0, 0x07E0, 0x07E0, 0x07E0, 0x07E0, 0x07E0, 0x07E0, 0x07E0, 0x07E0,
    0x07E0, 0x07E0, 0x07E0, 0x07E0, 0x07E0, 0x07E0, 0x07E0, 0x07E0, 0x07E0, 0x07E0, 0x07E0, 0x07E0,
    0x07E0, 0x07E0, 0x07E0, 0x07E0, 0x07E0, 0x07E0, 0x07E0, 0x07E0, 0x07E0, 0x07E0, 0x07E0, 0x07E0,
    0x07E0, 0x07E0, 0x07E0, 0x07E0, 0x07E0, 0x07E0, 0x07E0, 0x07E0, 0x07E0, 0x07E0, 0x07E0, 0x07E0,
    0x07E0, 0x07E0, 0x07E0, 0x07E0, 0x07E0, 0x07E0, 0x07E0, 0x07E0, 0x07E0, 0x07E0, 0x07E0, 0x07E0,
    0x07E0, 0x07E0, 0x07E0, 0x07E0, 0x07E0, 0x07E0, 0x07E0, 0x07E0, 0x07E0, 0x07E0, 0x07E0, 0x07E0,
    0x07E0, 0x07E0, 0x07E0, 0x07E0, 0x07E0, 0x07E0, 0x07E0, 0x07E0, 0x07E0, 0x07E0, 0x07E0, 0x07E0,
    0x07E0, 0x07E0, 0x07E0, 0x07E0, 0x07E0, 0x07E0, 0x07E0, 0x07E0, 0x07E0, 0x07E0, 0x07E0, 0x07E0,
    0x07E0, 0x07E0, 0x07E0, 0x07E0, 0x07E0, 0x07E0, 0x07E0, 0x07E0, 0x07E0, 0x07E0, 0x07E0, 0x07E0,
    0x07E0, 0x07E0, 0x07E0, 0x07E0, 0x07E0, 0x07E0, 0x07E0, 0x07E0, 0x07E0, 0x07E0, 0x07E0, 0x07E0,
    0x07E0, 0x07E0, 0x07E0, 0x07E0, 0x07E0, 0x07E0, 0x07E0, 0x07E0, 0x07E0, 0x07E0, 0x07E0, 0x07E0,
    0x07E0, 0x07E0, 0x07E0, 0x07E0, 0x07E0, 0x07E0, 0x07E0, 0x07E0, 0x07E0, 0x07E0, 0x07E0, 0x07E0,
    0x07E0, 0x07E0, 0x07E0, 0x07E0, 0x07E0, 0x07E0, 0x07E0, 0x07E0, 0x07E0, 0x07E0, 0x07E0, 0x07E0,
    0x07E0, 0x07E0, 0x07E0, 0x07E0, 0x07E0, 0x07E0, 0x07E0, 0x07E0, 0x07E0, 0x07E0, 0x07E0, 0x07E0,
    0x07E0, 0x07E0, 0x07E0, 0x07E0, 0x07E0, 0x07E0, 0x07E0, 0x07E0, 0x07E0, 0x07E0, 0x07E0, 0x07E0,
    0x07E0, 0x07E0, 0x07E0, 0x07E0, 0x07E0, 0x07E0, 0x07E0, 0x07E0, 0x07E0, 0x07E0, 0x07E0, 0x07E0,
    0x07E0, 0x07E0, 0x07E0, 0x07E0, 0x07E0, 0x07E0, 0x07E0, 0x07E0, 0x07E0, 0x07E0, 0x07E0, 0x07E0,
    0x07E0, 0x07E0, 0x07E0, 0x07E0, 0x07E0, 0x07E0, 0x07E0, 0x07E0, 0x07E0, 0x07E0, 0x07E0, 0x07E0,
    0x07E0, 0x07E0, 0x07E0, 0x07E0, 0x07E0, 0x07E0, 0x07E0, 0x07E0, 0x07E0, 0x07E0, 0x07E0, 0x07E0,
    0x07E0, 0x07E0, 0x07E0, 0x07E0, 0x07E0, 0x07E0, 0x07E0, 0x07E0, 0x07E0, 0x07E0, 0x07E0, 0x07E0,
    0x07E0, 0x07E0, 0x07E0, 0x07E0, 0x07E0, 0x07E0, 0x07E0, 0x07E0, 0x07E0, 0x07E0, 0x07E0, 0x07E0,
    0x07E0, 0x07E0, 0x07E0, 0x07E0, 0x07E0, 0x07E0, 0x07E0, 0x07E0, 0x07E0, 0x07E0, 0x07E0, 0x07E0,
    0x07E0, 0x07E0, 0x07E0, 0x07E0, 0x07E0, 0x07E0, 0x07E0, 0x07E0, 0x07E0, 0x07E0, 0x07E0, 0x07E0,
    0x07E0, 0x07E0, 0x07E0, 0x07E0, 0x07E0, 0x07E0, 0x07E0, 0x07E0, 0x07E0, 0x07E0, 0x07E0, 0x07E0,
    0x07E0, 0x07E0, 0x07E0, 0x07E0, 0x07E0, 0x07E0, 0x07E0, 0x07E0, 0x07E0, 0x07E0, 0x07E0, 0x07E0,
    0x07E0, 0x07E0, 0x07E0, 0x07E0, 0x07E0, 0x07E0, 0x07E0, 0x07E0, 0x07E0, 0x07E0, 0x07E0, 0x07E0,
    0x07E0, 0x07E0, 0x07E0, 0x07E0, 0x07E0, 0x07E0, 0x07E0, 0x07E0, 0x07E0, 0x07E0, 0x07E0, 0x07E0,
    0x07E0, 0x07E0, 0x07E0, 0x07E0, 0x07E0, 0x07E0, 0x07E0, 0x07E0, 0x07E0, 0x07E0, 0x07E0, 0x07E0,
    0x07E0, 0x07E0, 0x07E0, 0x07E0, 0x07E0, 0x07E0, 0x07E0, 0x07E0, 0x07E0, 0x07E0, 0x07E0, 0x07E0,
    0x07E0, 0x07E0, 0x07E0, 0x07E0, 0x07E0, 0x07E0, 0x07E0, 0x07E0, 0x07E0, 0x07E0, 0x07E0, 0x07E0,
    0x07E0, 0x07E0, 0x07E0, 0x07E0, 0x07E0, 0x07E0, 0x07E0, 0x07E0, 0x07E0, 0x07E0, 0x07E0, 0x07E0,
    0x07E0, 0x07E0, 0x07E0, 0x07E0, 0x07E0, 0x07E0, 0x07E0, 0x07E0, 0x07E0, 0x07E0, 0x07E0, 0x07E0,
    0x07E0, 0x07E0, 0x07E0, 0x07E0, 0x07E0, 0x07E0, 0x07E0, 0x07E0, 0x07E0, 0x07E0, 0x07E0, 0x07E0,
    0x07E0, 0x07E0, 0x07E0, 0x07E0, 0x07E0, 0x07E0, 0x07E0, 0x07E0, 0x07E0, 0x07E0, 0x07E0, 0x07E0,
    0x07E0, 0x07E0, 0x07E0, 0x07E0, 0x07E0, 0x07E0, 0x07E0, 0x07E0, 0x07E0, 0x07E0, 0x07E0, 0x07E0,
    0x07E0, 0x07E0, 0x07E0, 0x07E0, 0x07E0, 0x07E0, 0x07E0, 0x07E0, 0x07E0, 0x07E0, 0x07E0, 0x07E0,
    0x07E0, 0x07E0, 0x07E0, 0x07E0, 0x07E0, 0x07E0, 0x07E0, 0x07E0, 0x07E0, 0x07E0, 0x07E0, 0x07E0,
    0x07E0, 0x07E0, 0x07E0, 0x07E0, 0x07E0, 0x07E0, 0x07E0, 0x07E0, 0x07E0, 0x07E0, 0x07E0, 0x07E0,
    0x07E0, 0x07E0, 0x07E0, 0x07E0, 0x07E0, 0x07E0, 0x07E0, 0x07E0, 0x07E0, 0x07E0, 0x07E0, 0x07E0,
    0x07E0, 0x07E0, 0x07E0, 0x07E0, 0x07E0, 0x07E0, 0x07E0, 0x07E0, 0x07E0, 0x07E0, 0x07E0, 0x07E0,
    0x07E0, 0x07E0, 0x07E0, 0x07E0, 0x07E0, 0x07E0, 0x07E0, 0x07E0, 0x07E0, 0x07E0, 0x07E0, 0x07E0,
    0x07E0, 0x07E0, 0x07E0, 0x07E0, 0x07E0, 0x07E0, 0x07E0, 0x07E0, 0x07E0, 0x07E0, 0x07E0, 0x07E0,
    0x07E0, 0x07E0, 0x07E0, 0x07E0, 0x07E0, 0x07E0, 0x07E0, 0x07E0, 0x07E0, 0x07E0, 0x07E0, 0x07E0,
    0x07E0, 0x07E0, 0x07E0, 0x07E0, 0x07E0, 0x07E0, 0x07E0, 0x07E0, 0x07E0, 0x07E0, 0x07E0, 0x07E0,
    0x07E0, 0x07E0, 0x07E0, 0x07E0, 0x07E0, 0x07E0, 0x07E0, 0x07E0, 0x07E0, 0x07E0, 0x07E0, 0x07E0,
    0x07E0, 0x07E0, 0x07E0, 0x07E0, 0x07E0, 0x07E0, 0x07E0, 0x07E0, 0x07E0, 0x07E0, 0x07E0, 0x07E0,
    0x07E0, 0x07E0, 0x07E0, 0x07E0, 0x07E0, 0x07E0, 0x07E0, 0x07E0, 0x07E0, 0x07E0, 0x07E0, 0x07E0,
    0x07E0, 0x07E0, 0x07E0, 0x07E0, 0x07E0, 0x07E0, 0x07E0, 0x07E0, 0x07E0, 0x07E0, 0x07E0, 0x07E0,
    0x07E0, 0x07E0, 0x07E0, 0x07E0, 0x07E0, 0x07E0, 0x07E0, 0x07E0, 0x07E0, 0x07E0, 0x07E0, 0x07E0,
    0x07E0, 0x07E0, 0x07E0, 0x07E0, 0x07E0, 0x07E0, 0x07E0, 0x07E0, 0x07E0, 0x07E0, 0x07E0, 0x07E0,
    0x07E0, 0x07E0, 0x07E0, 0x07E0, 0x07E0, 0x07E0, 0x07E0, 0x07E0, 0x07E0, 0x07E0, 0x07E0, 0x07E0,
    0x07E0, 0x07E0, 0x07E0, 0x07E0, 0x07E0, 0x07E0, 0x07E0, 0x07E0, 0x07E0, 0x07E0, 0x07E0, 0x07E0,
    0x07E0, 0x07E0, 0x07E0, 0x07E0, 0x07E0, 0x07E0, 0x07E0, 0x07E0, 0x07E0, 0x07E0, 0x07E0, 0x07E0,
    0x07E0, 0x07E0, 0x07E0, 0x07E0, 0x07E0, 0x07E0, 0x07E0, 0x07E0, 0x07E0, 0x07E0, 0x07E0, 0x07E0,
    0x07E0, 0x07E0, 0x07E0, 0x07E0, 0x07E0, 0x07E0, 0x07E0, 0x07E0, 0x07E0, 0x07E0, 0x07E0, 0x07E0,
    0x07E0, 0x07E0, 0x07E0, 0x07E0, 0x07E0, 0x07E0, 0x07E0, 0x07E0, 0x07E0, 0x07E0, 0x07E0, 0x07E0,
    0x07E0, 0x07E0, 0x07E0, 0x07E0, 0x07E0, 0x07E0, 0x07E0, 0x07E0, 0x07E0, 0x07E0, 0x07E0, 0x07E0,
    0x07E0, 0x07E0, 0x07E0, 0x07E0, 0x07E0, 0x07E0, 0x07E0, 0x07E0, 0x07E0, 0x07E0, 0x07E0, 0x07E0,
    0x07E0, 0x07E0, 0x07E0, 0x07E0, 0x07E0, 0x07E0, 0x07E0, 0x07E0, 0x07E0, 0x07E0, 0x07E0, 0x07E0,
    0x07E0, 0x07E0, 0x07E0, 0x07E0, 0x07E0, 0x07E0, 0x07E0, 0x07E0, 0x07E0, 0x07E0, 0x07E0, 0x07E0,
    0x07E0, 0x07E0, 0x07E0, 0x07E0, 0x07E0, 0x07E0, 0x07E0, 0x07E0, 0x07E0, 0x07E0, 0x07E0, 0x07E0,
    0x07E0, 0x07E0, 0x07E0, 0x07E0, 0x07E0, 0x07E0, 0x07E0, 0x07E0, 0x07E0, 0x07E0, 0x07E0, 0x07E0,
    0x07E0, 0x07E0, 0x07E0, 0x07E0, 0x07E0, 0x07E0, 0x07E0, 0x07E0, 0x07E0, 0x07E0, 0x07E0, 0x07E0,
    0x07E0, 0x07E0, 0x07E0, 0x07E0, 0x07E0, 0x07E0, 0x07E0, 0x07E0, 0x07E0, 0x07E0, 0x07E0, 0x07E0,
    0x07E0, 0x07E0, 0x07E0, 0x07E0, 0x07E0, 0x07E0, 0x07E0, 0x07E0, 0x07E0, 0x07E0, 0x07E0, 0x07E0,
    0x07E0, 0x07E0, 0x07E0, 0x07E0, 0x07E0, 0x07E0, 0x07E0, 0x07E0, 0x07E0, 0x07E0, 0x07E0, 0x07E0,
    0x07E0, 0x07E0, 0x07E0, 0x07E0, 0x07E0, 0x07E0, 0x07E0, 0x07E0, 0x07E0, 0x07E0, 0x07E0, 0x07E0,
    0x07E0, 0x07E0, 0x07E0, 0x07E0, 0x07E0, 0x07E0, 0x07E0, 0x07E0, 0x07E0, 0x07E0, 0x07E0, 0x07E0,
    0x07E0, 0x07E0, 0x07E0, 0x07E0, 0x07E0, 0x07E0, 0x07E0, 0x07E0, 0x07E0, 0x07E0, 0x07E0, 0x07E0,
    0x07E0, 0x07E0, 0x07E0, 0x07E0, 0x07E0, 0x07E0, 0x07E0, 0x07E0, 0x07E0, 0x07E0, 0x07E0, 0x07E0,
    0x07E0, 0x07E0, 0x07E0, 0x07E0, 0x07E0, 0x07E0, 0x07E0, 0x07E0, 0x07E0, 0x07E0, 0x07E0, 0x07E0,
    0x07E0, 0x07E0, 0x07E0, 0x07E0, 0x07E0, 0x07E0, 0x07E0, 0x07E0, 0x07E0, 0x07E0, 0x07E0, 0x07E0,
    0x07E0, 0x07E0, 0x07E0, 0x07E0, 0x07E0, 0x07E0, 0x07E0, 0x07E0, 0x07E0, 0x07E0, 0x07E0, 0x07E0,
    0x07E0, 0x07E0, 0x07E0, 0x07E0, 0x07E0, 0x07E0, 0x07E0, 0x07E0, 0x07E0, 0x07E0, 0x07E0, 0x07E0,
    0x07E0, 0x07E0, 0x07E0, 0x07E0, 0x07E0, 0x07E0, 0x07E0, 0x07E0, 0x07E0, 0x07E0, 0x07E0, 0x07E0,
    0x07E0, 0x07E0, 0x07E0, 0x07E0, 0x07E0, 0x07E0, 0x07E0, 0x07E0, 0x07E0, 0x07E0, 0x07E0, 0x07E0,
    0x07E0, 0x07E0, 0x07E0, 0x07E0, 0x07E0, 0x07E0, 0x07E0, 0x07E0, 0x07E0, 0x07E0, 0x07E0, 0x07E0,
    0x07E0, 0x07E0, 0x07E0, 0x07E0, 0x07E0, 0x07E0, 0x07E0, 0x07E0, 0x07E0, 0x07E0, 0x07E0, 0x07E0,
    0x07E0, 0x07E0, 0x07E0, 0x07E0, 0x07E0, 0x07E0, 0x07E0, 0x07E0, 0x07E0, 0x07E0, 0x07E0, 0x07E0,
    0x07E0, 0x07E0, 0x07E0, 0x07E0, 0x07E0, 0x07E0, 0x07E0, 0x07E0, 0x07E0, 0x07E0, 0x07E0, 0x07E0,
    0x07E0, 0x07E0, 0x07E0, 0x07E0, 0x07E0, 0x07E0, 0x07E0, 0x07E0, 0x07E0, 0x07E0, 0x07E0, 0x07E0,
    0x07E0, 0x07E0, 0x07E0, 0x07E0, 0x07E0, 0x07E0, 0x07E0, 0x07E0, 0x07E0, 0x07E0, 0x07E0, 0x07E0,
    0x07E0, 0x07E0, 0x07E0, 0x07E0, 0x07E0, 0x07E0, 0x07E0, 0x07E0, 0x07E0, 0x07E0, 0x07E0, 0x07E0,
    0x07E0, 0x07E0, 0x07E0, 0x07E0, 0x07E0, 0x07E0, 0x07E0, 0x07E0, 0x07E0, 0x07E0, 0x07E0, 0x07E0,
    0x07E0, 0x07E0, 0x07E0, 0x07E0, 0x07E0, 0x07E0, 0x07E0, 0x07E0, 0x07E0, 0x07E0, 0x07E0, 0x07E0,
    0x07E0, 0x07E0, 0x07E0, 0x07E0, 0x07E0, 0x07E0, 0x07E0, 0x07E0, 0x07E0, 0x07E0, 0x07E0, 0x07E0,
    0x07E0, 0x07E0, 0x07E0, 0x07E0, 0x07E0, 0x07E0, 0x07E0, 0x07E0, 0x07E0, 0x07E0, 0x07E0, 0x07E0,
    0x07E0, 0x07E0, 0x07E0, 0x07E0, 0x07E0, 0x07E0, 0x07E0, 0x07E0, 0x07E0, 0x07E0, 0x07E0, 0x07E0,
    0x07E0, 0x07E0, 0x07E0, 0x07E0, 0x07E0, 0x07E0, 0x07E0, 0x07E0, 0x07E0, 0x07E0, 0x07E0, 0x07E0,
    0x07E0, 0x07E0, 0x07E0, 0x07E0, 0x07E0, 0x07E0, 0x07E0, 0x07E0, 0x07E0, 0x07E0, 0x07E0, 0x07E0,
    0x07E0, 0x07E0, 0x07E0, 0x07E0, 0x07E0, 0x07E0, 0x07E0, 0x07E0, 0x07E0, 0x07E0, 0x07E0, 0x07E0,
    0x07E0, 0x07E0, 0x07E0, 0x07E0, 0x07E0, 0x07E0, 0x07E0, 0x07E0, 0x07E0, 0x07E0, 0x07E0, 0x07E0,
    0x07E0, 0x07E0, 0x07E0, 0x07E0, 0x07E0, 0x07E0, 0x07E0, 0x07E0, 0x07E0, 0x07E0, 0x07E0, 0x07E0,
    0x07E0, 0x07E0, 0x07E0, 0x07E0, 0x07E0, 0x07E0, 0x07E0, 0x07E0, 0x07E0, 0x07E0, 0x07E0, 0x07E0,
    0x07E0, 0x07E0, 0x07E0, 0x07E0, 0x07E0, 0x07E0, 0x07E0, 0x07E0, 0x07E0, 0x07E0, 0x07E0, 0x07E0,
    0x07E0, 0x07E0, 0x07E0, 0x07E0, 0x07E0, 0x07E0, 0x07E0, 0x07E0, 0x07E0, 0x07E0, 0x07E0, 0x07E0,
    0x07E0, 0x07E0, 0x07E0, 0x07E0, 0x07E0, 0x07E0, 0x07E0, 0x07E0, 0x07E0, 0x07E0, 0x07E0, 0x07E0,
    0x07E0, 0x07E0, 0x07E0, 0x07E0, 0x07E0, 0x07E0, 0x07E0, 0x07E0, 0x07E0, 0x07E0, 0x07E0, 0x07E0,
    0x07E0, 0x07E0, 0x07E0, 0x07E0, 0x07E0, 0x07E0, 0x07E0, 0x07E0, 0x07E0, 0x07E0, 0x07E0, 0x07E0,
    0x07E0, 0x07E0, 0x07E0, 0x07E0, 0x07E0, 0x07E0, 0x07E0, 0x07E0, 0x07E0, 0x07E0, 0x07E0, 0x07E0,
    0x07E0, 0x07E0, 0x07E0, 0x07E0, 0x07E0, 0x07E0, 0x07E0, 0x07E0, 0x07E0, 0x07E0, 0x07E0, 0x07E0,
    0x07E0, 0x07E0, 0x07E0, 0x07E0, 0x07E0, 0x07E0, 0x07E0, 0x07E0, 0x07E0, 0x07E0, 0x07E0, 0x07E0,
    0x07E0, 0x07E0, 0x07E0, 0x07E0, 0x07E0, 0x07E0, 0x07E0, 0x07E0, 0x07E0, 0x07E0, 0x07E0, 0x07E0,
    0x07E0, 0x07E0, 0x3165, 0x3165, 0x3165, 0x3165, 0x07E0, 0x07E0, 0x07E0, 0x07E0, 0x07E0, 0x07E0,
    0x07E0, 0x07E0, 0x07E0, 0x07E0, 0x07E0, 0x07E0, 0x07E0, 0x07E0, 0x07E0, 0x07E0, 0x07E0, 0x07E0,
    0x07E0, 0x07E0, 0x07E0, 0x07E0, 0x07E0, 0x07E0, 0x07E0, 0x07E0, 0x07E0, 0x07E0, 0x07E0, 0x07E0,
    0x07E0, 0x07E0, 0x07E0, 0x07E0, 0x07E0, 0x07E0, 0x07E0, 0x07E0, 0x07E0, 0x07E0, 0x07E0, 0x07E0,
    0x07E0, 0x07E0, 0x07E0, 0x07E0, 0x07E0, 0x07E0, 0x07E0, 0x07E0, 0x07E0, 0x07E0, 0x07E0, 0x07E0,
    0x07E0, 0x07E0, 0x07E0, 0x07E0, 0x3165, 0x3165, 0x5249, 0x5249, 0x5249, 0x5249, 0x3165, 0x3165,
    0x07E0, 0x07E0, 0x07E0, 0x07E0, 0x07E0, 0x07E0, 0x07E0, 0x07E0, 0x07E0, 0x07E0, 0x07E0, 0x07E0,
    0x07E0, 0x07E0, 0x07E0, 0x07E0, 0x07E0, 0x07E0, 0x07E0, 0x07E0, 0x07E0, 0x07E0, 0x07E0, 0x07E0,
    0x07E0, 0x07E0, 0x07E0, 0x07E0, 0x07E0, 0x07E0, 0x07E0, 0x07E0, 0x07E0, 0x07E0, 0x07E0, 0x07E0,
    0x07E0, 0x07E0, 0x07E0, 0x07E0, 0x07E0, 0x07E0, 0x07E0, 0x07E0, 0x07E0, 0x07E0, 0x07E0, 0x07E0,
    0x07E0, 0x07E0, 0x07E0, 0x07E0, 0x07E0, 0x07E0, 0x07E0, 0x3165, 0x5249, 0x5249, 0x4A08, 0x4A08,
    0x4A08, 0x5249, 0x5249, 0x5249, 0x3165, 0x3165, 0x3165, 0x3165, 0x07E0, 0x07E0, 0x07E0, 0x07E0,
    0x07E0, 0x07E0, 0x07E0, 0x07E0, 0x07E0, 0x07E0, 0x07E0, 0x07E0, 0x07E0, 0x07E0, 0x07E0, 0x07E0,
    0x07E0, 0x07E0, 0x07E0, 0x07E0, 0x07E0, 0x07E0, 0x07E0, 0x07E0, 0x07E0, 0x07E0, 0x07E0, 0x07E0,
    0x07E0, 0x07E0, 0x07E0, 0x07E0, 0x07E0, 0x07E0, 0x07E0, 0x07E0, 0x07E0, 0x07E0, 0x07E0, 0x07E0,
    0x07E0, 0x07E0, 0x07E0, 0x07E0, 0x07E0, 0x07E0, 0x07E0, 0x07E0, 0x07E0, 0x07E0, 0x3165, 0x4A08,
    0x4A08, 0x6A08, 0x6A08, 0x6A08, 0x28C3, 0x4A08, 0x4A08, 0x5249, 0x5249, 0x3165, 0x3000, 0x2904,
    0x3165, 0x3165, 0x3165, 0x3165, 0x07E0, 0x07E0, 0x07E0, 0x07E0, 0x07E0, 0x07E0, 0x07E0, 0x07E0,
    0x07E0, 0x07E0, 0x07E0, 0x07E0, 0x07E0, 0x07E0, 0x07E0, 0x07E0, 0x07E0, 0x07E0, 0x07E0, 0x07E0,
    0x07E0, 0x07E0, 0x07E0, 0x07E0, 0x07E0, 0x07E0, 0x07E0, 0x07E0, 0x07E0, 0x07E0, 0x07E0, 0x07E0,
    0x07E0, 0x07E0, 0x07E0, 0x07E0, 0x07E0, 0x07E0, 0x07E0, 0x07E0, 0x07E0, 0x07E0, 0x07E0, 0x07E0,
    0x07E0, 0x3165, 0x4A08, 0x28C3, 0x7A69, 0x7A69, 0x6A08, 0x7A69, 0x4A08, 0x6A08, 0x6A08, 0x4A08,
    0x5249, 0x5249, 0x3165, 0x3000, 0x2904, 0x3144, 0x3965, 0x3965, 0x3165, 0x3165, 0x3165, 0x07E0,
    0x07E0, 0x07E0, 0x07E0, 0x07E0, 0x07E0, 0x3165, 0x3165, 0x07E0, 0x07E0, 0x07E0, 0x07E0, 0x07E0,
    0x07E0, 0x07E0, 0x07E0, 0x07E0, 0x07E0, 0x07E0, 0x07E0, 0x07E0, 0x07E0, 0x07E0, 0x07E0, 0x07E0,
    0x07E0, 0x07E0, 0x07E0, 0x07E0, 0x07E0, 0x07E0, 0x07E0, 0x07E0, 0x07E0, 0x07E0, 0x07E0, 0x07E0,
    0x07E0, 0x07E0, 0x07E0, 0x07E0, 0x3165, 0x5269, 0x5269, 0x7A69, 0x4A08, 0x4A08, 0x5269, 0x6A08,
    0x5269, 0x7A69, 0x4A08, 0x28C3, 0x4A08, 0x5249, 0x5249, 0x3165, 0x3000, 0x2904, 0x3144, 0x3965,
    0x3965, 0x3965, 0x3965, 0x3165, 0x3165, 0x3165, 0x3165, 0x3165, 0x3165, 0x3144, 0x2904, 0x3165,
    0x07E0, 0x07E0, 0x07E0, 0x07E0, 0x07E0, 0x07E0, 0x07E0, 0x07E0, 0x07E0, 0x07E0, 0x07E0, 0x07E0,
    0x07E0, 0x07E0, 0x07E0, 0x07E0, 0x07E0, 0x07E0, 0x07E0, 0x07E0, 0x07E0, 0x07E0, 0x07E0, 0x07E0,
    0x07E0, 0x07E0, 0x07E0, 0x07E0, 0x07E0, 0x07E0, 0x07E0, 0x3165, 0x5AAA, 0x5269, 0x5AAA, 0x7A69,
    0x5AAA, 0x5AAA, 0x5AAA, 0x528A, 0x528A, 0x7A69, 0x5269, 0x6A08, 0x6A08, 0x4A08, 0x5249, 0x3165,
    0x3000, 0x2904, 0x3144, 0x5800, 0x3965, 0x3000, 0x3965, 0x3965, 0x3965, 0x3965, 0x3965, 0x3965,
    0x3965, 0x3144, 0x2904, 0x2904, 0x3165, 0x07E0, 0x07E0, 0x07E0, 0x07E0, 0x07E0, 0x07E0, 0x07E0,
    0x07E0, 0x07E0, 0x07E0, 0x07E0, 0x07E0, 0x07E0, 0x07E0, 0x07E0, 0x07E0, 0x07E0, 0x07E0, 0x07E0,
    0x07E0, 0x07E0, 0x07E0, 0x07E0, 0x07E0, 0x07E0, 0x07E0, 0x07E0, 0x07E0, 0x07E0, 0x07E0, 0x3165,
    0x5AAA, 0x5AAA, 0x5AAA, 0x5AAA, 0x5AAA, 0x5AAA, 0x5AAA, 0x5AAA, 0x528A, 0x7A69, 0x528A, 0x7A69,
    0x7A69, 0x6A08, 0x4A08, 0x3165, 0x3000, 0x3000, 0x2904, 0x3144, 0x5800, 0x5800, 0x3000, 0x4165,
    0x3965, 0x3965, 0x3965, 0x3965, 0x3965, 0x3965, 0x3144, 0x2904, 0x2904, 0x3165, 0x07E0, 0x07E0,
    0x07E0, 0x07E0, 0x07E0, 0x07E0, 0x07E0, 0x07E0, 0x07E0, 0x07E0, 0x07E0, 0x07E0, 0x07E0, 0x07E0,
    0x07E0, 0x07E0, 0x07E0, 0x07E0, 0x07E0, 0x07E0, 0x07E0, 0x07E0, 0x07E0, 0x07E0, 0x07E0, 0x07E0,
    0x07E0, 0x07E0, 0x3165, 0x5AAA, 0x5AAA, 0x5AAA, 0x5AAA, 0x5AAA, 0x5AAA, 0x5AAA, 0x5AAA, 0x5AAA,
    0x5AAA, 0x7A69, 0x528A, 0x528A, 0x7A69, 0x7A69, 0x5249, 0x5249, 0x3165, 0x3000, 0x2904, 0x3144,
    0x5800, 0x5800, 0x3000, 0x0000, 0x3000, 0x3000, 0x3000, 0x3000, 0x3000, 0x3965, 0x3144, 0x3144,
    0x2904, 0x3165, 0x07E0, 0x07E0, 0x07E0, 0x07E0, 0x07E0, 0x07E0, 0x07E0, 0x07E0, 0x07E0, 0x07E0,
    0x07E0, 0x07E0, 0x07E0, 0x07E0, 0x07E0, 0x07E0, 0x07E0, 0x07E0, 0x07E0, 0x07E0, 0x07E0, 0x07E0,
    0x07E0, 0x07E0, 0x07E0, 0x07E0, 0x07E0, 0x07E0, 0x3165, 0x5AAA, 0x5AAA, 0x5AAA, 0x5AAA, 0x5AAA,
    0x5AAA, 0x5AAA, 0x5AAA, 0x5AAA, 0x5AAA, 0x5AAA, 0x7A69, 0x7A69, 0x7A69, 0x5269, 0x5269, 0x5249,
    0x3165, 0x3000, 0x3000, 0x3144, 0x3965, 0x5800, 0x5800, 0x5800, 0x0000, 0x4000, 0x0000, 0x4165,
    0x3000, 0x3000, 0x3965, 0x3144, 0x2904, 0x2904, 0x3165, 0x07E0, 0x07E0, 0x07E0, 0x07E0, 0x07E0,
    0x07E0, 0x07E0, 0x07E0, 0x07E0, 0x07E0, 0x07E0, 0x07E0, 0x07E0, 0x07E0, 0x07E0, 0x07E0, 0x07E0,
    0x07E0, 0x07E0, 0x07E0, 0x07E0, 0x07E0, 0x07E0, 0x07E0, 0x07E0, 0x07E0, 0x3165, 0x5AAA, 0x5AAA,
    0x5AAA, 0x5AAA, 0x5AAA, 0x5AAA, 0x5AAA, 0x5AAA, 0x5AAA, 0x5AAA, 0x5AAA, 0x5AAA, 0x7A69, 0x5AAA,
    0x528A, 0x5269, 0x5269, 0x5249, 0x5249, 0x3165, 0x4000, 0x3144, 0x3965, 0x4165, 0x5800, 0x4000,
    0x3000, 0x4186, 0x4000, 0x4186, 0x3000, 0x3000, 0x3965, 0x3144, 0x2904, 0x2904, 0x3165, 0x07E0,
    0x07E0, 0x07E0, 0x07E0, 0x07E0, 0x07E0, 0x07E0, 0x07E0, 0x07E0, 0x07E0, 0x07E0, 0x07E0, 0x07E0,
    0x07E0, 0x07E0, 0x07E0, 0x07E0, 0x07E0, 0x07E0, 0x07E0, 0x07E0, 0x07E0, 0x07E0, 0x07E0, 0x07E0,
    0x07E0, 0x3165, 0x5269, 0x5269, 0x5AAA, 0x5AAA, 0x5AAA, 0x5AAA, 0x5AAA, 0x5AAA, 0x5AAA, 0x5AAA,
    0x5AAA, 0x5AAA, 0x7A69, 0x5AAA, 0x528A, 0x528A, 0x5269, 0x5269, 0x5249, 0x3165, 0x4000, 0x3144,
    0x3965, 0x4165, 0x5800, 0x5800, 0x3000, 0x0000, 0x4000, 0x4000, 0x4186, 0x3000, 0x3965, 0x3144,
    0x2904, 0x2904, 0x3165, 0x07E0, 0x07E0, 0x07E0, 0x07E0, 0x07E0, 0x07E0, 0x07E0, 0x07E0, 0x07E0,
    0x07E0, 0x07E0, 0x07E0, 0x07E0, 0x07E0, 0x07E0, 0x07E0, 0x07E0, 0x07E0, 0x07E0, 0x07E0, 0x07E0,
    0x07E0, 0x07E0, 0x07E0, 0x07E0, 0x3165, 0x5269, 0x4000, 0x28C3, 0x28C3, 0x5AAA, 0x5AAA, 0x5AAA,
    0x5AAA, 0x5AAA, 0x5AAA, 0x5AAA, 0x5AAA, 0x5AAA, 0x7A69, 0x5AAA, 0x528A, 0x528A, 0x5269, 0x5269,
    0x5249, 0x3165, 0x4000, 0x3144, 0x3965, 0x4165, 0x5800, 0x5800, 0x4000, 0x0000, 0x0000, 0x5800,
    0x4165, 0x3000, 0x3965, 0x3144, 0x3144, 0x2904, 0x3165, 0x07E0, 0x07E0, 0x07E0, 0x07E0, 0x07E0,
    0x07E0, 0x07E0, 0x07E0, 0x07E0, 0x07E0, 0x07E0, 0x07E0, 0x07E0, 0x07E0, 0x07E0, 0x07E0, 0x07E0,
    0x07E0, 0x07E0, 0x07E0, 0x07E0, 0x07E0, 0x07E0, 0x07E0, 0x07E0, 0x07E0, 0x3165, 0x7A69, 0x6A08,
    0x28C3, 0x28C3, 0x5AAA, 0x5AAA, 0x5AAA, 0x5AAA, 0x5AAA, 0x5AAA, 0x5AAA, 0x5AAA, 0x5AAA, 0x5AAA,
    0x528A, 0x7A69, 0x5269, 0x5269, 0x5249, 0x3165, 0x5800, 0x3144, 0x3965, 0x4165, 0x5800, 0x5800,
    0x4000, 0x0000, 0x3000, 0x4000, 0x4165, 0x0000, 0x3965, 0x3144, 0x2904, 0x2904, 0x3165, 0x07E0,
    0x07E0, 0x07E0, 0x07E0, 0x07E0, 0x07E0, 0x07E0, 0x07E0, 0x07E0, 0x07E0, 0x07E0, 0x07E0, 0x07E0,
    0x07E0, 0x07E0, 0x07E0, 0x07E0, 0x07E0, 0x07E0, 0x07E0, 0x07E0, 0x07E0, 0x07E0, 0x07E0, 0x07E0,
    0x07E0, 0x3165, 0x4000, 0x7A69, 0x6A08, 0x28C3, 0x28C3, 0x5AAA, 0x5AAA, 0x5AAA, 0x5AAA, 0x5AAA,
    0x5AAA, 0x5AAA, 0x5AAA, 0x5AAA, 0x528A, 0x528A, 0x5269, 0x5249, 0x5249, 0x3165, 0x5800, 0x3144,
    0x3965, 0x4165, 0x5800, 0x5800, 0x4165, 0x4000, 0x3000, 0x0000, 0x4165, 0x0000, 0x3144, 0x3144,
    0x2904, 0x2904, 0x3165, 0x07E0, 0x07E0, 0x07E0, 0x07E0, 0x07E0, 0x07E0, 0x07E0, 0x07E0, 0x07E0,
    0x07E0, 0x07E0, 0x07E0, 0x07E0, 0x07E0, 0x07E0, 0x07E0, 0x07E0, 0x07E0, 0x07E0, 0x07E0, 0x07E0,
    0x07E0, 0x07E0, 0x07E0, 0x07E0, 0x07E0, 0x07E0, 0x4000, 0x4000, 0x6A08, 0x7A69, 0x28C3, 0x5AAA,
    0x5AAA, 0x5AAA, 0x5AAA, 0x5AAA, 0x5AAA, 0x5AAA, 0x528A, 0x528A, 0x5269, 0x7A69, 0x7A69, 0x5249,
    0x3165, 0x4000, 0x5800, 0x3144, 0x3965, 0x4165, 0x4165, 0x5800, 0x4000, 0x4000, 0x3000, 0x0000,
    0x3965, 0x5800, 0x3144, 0x2904, 0x2904, 0x2904, 0x3165, 0x07E0, 0x07E0, 0x07E0, 0x07E0, 0x07E0,
    0x07E0, 0x07E0, 0x07E0, 0x07E0, 0x07E0, 0x07E0, 0x07E0, 0x07E0, 0x07E0, 0x07E0, 0x07E0, 0x07E0,
    0x07E0, 0x07E0, 0x07E0, 0x07E0, 0x07E0, 0x07E0, 0x07E0, 0x07E0, 0x07E0, 0x07E0, 0x3165, 0x4208,
    0x4000, 0x7A69, 0x28C3, 0x5AAA, 0x5AAA, 0x5AAA, 0x5AAA, 0x5AAA, 0x5AAA, 0x5AAA, 0x528A, 0x5AAA,
    0x5269, 0x7A69, 0x5249, 0x5249, 0x3165, 0x3000, 0x5800, 0x3144, 0x4165, 0x4165, 0x4165, 0x5800,
    0x5800, 0x3124, 0x5800, 0x0000, 0x3965, 0x3965, 0x3144, 0x2904, 0x2904, 0x3165, 0x07E0, 0x07E0,
    0x07E0, 0x07E0, 0x07E0, 0x07E0, 0x07E0, 0x07E0, 0x07E0, 0x07E0, 0x07E0, 0x07E0, 0x07E0, 0x07E0,
    0x07E0, 0x07E0, 0x07E0, 0x07E0, 0x07E0, 0x07E0, 0x07E0, 0x07E0, 0x07E0, 0x07E0, 0x07E0, 0x07E0,
    0x07E0, 0x07E0, 0x07E0, 0x7A69, 0x28C3, 0x4000, 0x28C3, 0x5AAA, 0x5AAA, 0x5AAA, 0x6A08, 0x528A,
    0x528A, 0x528A, 0x5269, 0x5269, 0x4A08, 0x28C3, 0x4A08, 0x3165, 0x3000, 0x2904, 0x5800, 0x3965,
    0x3965, 0x3965, 0x3965, 0x3965, 0x5800, 0x4000, 0x5800, 0x0000, 0x3965, 0x3965, 0x2904, 0x2904,
    0x3165, 0x3165, 0x07E0, 0x07E0, 0x07E0, 0x07E0, 0x07E0, 0x07E0, 0x07E0, 0x07E0, 0x07E0, 0x07E0,
    0x07E0, 0x07E0, 0x07E0, 0x07E0, 0x07E0, 0x07E0, 0x07E0, 0x07E0, 0x07E0, 0x07E0, 0x07E0, 0x07E0,
    0x07E0, 0x07E0, 0x07E0, 0x07E0, 0x07E0, 0x07E0, 0x07E0, 0x3165, 0x4208, 0x28C3, 0x28C3, 0x5269,
    0x5269, 0x7A69, 0x6A08, 0x528A, 0x528A, 0x5269, 0x5269, 0x4A08, 0x28C3, 0x7A69, 0x5249, 0x3165,
    0x4000, 0x2904, 0x5800, 0x3965, 0x3965, 0x3965, 0x3965, 0x3965, 0x3144, 0x3144, 0x3000, 0x5800,
    0x0000, 0x3144, 0x3144, 0x3144, 0x3165, 0x07E0, 0x07E0, 0x07E0, 0x07E0, 0x07E0, 0x07E0, 0x07E0,
    0x07E0, 0x07E0, 0x07E0, 0x07E0, 0x07E0, 0x07E0, 0x07E0, 0x07E0, 0x07E0, 0x07E0, 0x07E0, 0x07E0,
    0x07E0, 0x07E0, 0x07E0, 0x07E0, 0x07E0, 0x07E0, 0x07E0, 0x07E0, 0x07E0, 0x07E0, 0x07E0, 0x07E0,
    0x3165, 0x4A08, 0x5AAA, 0x4A08, 0x4A08, 0x7A69, 0x5269, 0x5269, 0x5269, 0x4A08, 0x4A08, 0x6A08,
    0x4A08, 0x5249, 0x5249, 0x4000, 0x5800, 0x3144, 0x3144, 0x3144, 0x3144, 0x3144, 0x3144, 0x3144,
    0x3165, 0x3165, 0x3000, 0x3165, 0x3165, 0x3144, 0x3144, 0x3165, 0x3165, 0x07E0, 0x07E0, 0x07E0,
    0x07E0, 0x07E0, 0x07E0, 0x07E0, 0x07E0, 0x07E0, 0x07E0, 0x07E0, 0x07E0, 0x07E0, 0x07E0, 0x07E0,
    0x07E0, 0x07E0, 0x07E0, 0x07E0, 0x07E0, 0x07E0, 0x07E0, 0x07E0, 0x07E0, 0x07E0, 0x07E0, 0x07E0,
    0x07E0, 0x07E0, 0x07E0, 0x07E0, 0x3165, 0x3165, 0x4A08, 0x6A08, 0x7A69, 0x4A08, 0x4A08, 0x4A08,
    0x4A08, 0x28C3, 0x6A08, 0x7A69, 0x5249, 0x5249, 0x4000, 0x3144, 0x5800, 0x3144, 0x3144, 0x3165,
    0x3165, 0x3165, 0x3165, 0x3165, 0x07E0, 0x07E0, 0x07E0, 0x07E0, 0x07E0, 0x3165, 0x3165, 0x3165,
    0x07E0, 0x07E0, 0x07E0, 0x07E0, 0x07E0, 0x07E0, 0x07E0, 0x07E0, 0x07E0, 0x07E0, 0x07E0, 0x07E0,
    0x07E0, 0x07E0, 0x07E0, 0x07E0, 0x07E0, 0x07E0, 0x07E0, 0x07E0, 0x07E0, 0x07E0, 0x07E0, 0x07E0,
    0x07E0, 0x07E0, 0x07E0, 0x07E0, 0x07E0, 0x07E0, 0x07E0, 0x07E0, 0x07E0, 0x3165, 0x5269, 0x7A69,
    0x4A08, 0x28C3, 0x6A08, 0x28C3, 0x28C3, 0x6A08, 0x7A69, 0x5249, 0x5249, 0x3165, 0x4000, 0x3144,
    0x3165, 0x3165, 0x3165, 0x07E0, 0x07E0, 0x07E0, 0x07E0, 0x07E0, 0x07E0, 0x07E0, 0x07E0, 0x5800,
    0x07E0, 0x07E0, 0x07E0, 0x07E0, 0x07E0, 0x07E0, 0x07E0, 0x07E0, 0x07E0, 0x07E0, 0x07E0, 0x07E0,
    0x07E0, 0x07E0, 0x07E0, 0x07E0, 0x07E0, 0x07E0, 0x07E0, 0x07E0, 0x07E0, 0x07E0, 0x07E0, 0x07E0,
    0x07E0, 0x07E0, 0x07E0, 0x07E0, 0x07E0, 0x07E0, 0x07E0, 0x07E0, 0x07E0, 0x07E0, 0x07E0, 0x07E0,
    0x07E0, 0x07E0, 0x07E0, 0x7A69, 0x5249, 0x5249, 0x7A69, 0x4A08, 0x7A69, 0x5249, 0x7A69, 0x5249,
    0x3165, 0x4000, 0x4000, 0x3165, 0x07E0, 0x07E0, 0x07E0, 0x07E0, 0x07E0, 0x07E0, 0x07E0, 0x07E0,
    0x07E0, 0x07E0, 0x07E0, 0x07E0, 0x07E0, 0x07E0, 0x07E0, 0x07E0, 0x07E0, 0x07E0, 0x07E0, 0x07E0,
    0x07E0, 0x07E0, 0x07E0, 0x07E0, 0x07E0, 0x07E0, 0x07E0, 0x07E0, 0x07E0, 0x07E0, 0x07E0, 0x07E0,
    0x07E0, 0x07E0, 0x07E0, 0x07E0, 0x07E0, 0x07E0, 0x07E0, 0x07E0, 0x07E0, 0x07E0, 0x07E0, 0x07E0,
    0x07E0, 0x07E0, 0x07E0, 0x07E0, 0x07E0, 0x07E0, 0x07E0, 0x07E0, 0x3165, 0x3165, 0x5249, 0x5249,
    0x5249, 0x5249, 0x3165, 0x3165, 0x07E0, 0x07E0, 0x07E0, 0x07E0, 0x07E0, 0x07E0, 0x07E0, 0x07E0,
    0x07E0, 0x07E0, 0x07E0, 0x07E0, 0x07E0, 0x07E0, 0x07E0, 0x07E0, 0x07E0, 0x07E0, 0x07E0, 0x07E0,
    0x07E0, 0x07E0, 0x07E0, 0x07E0, 0x07E0, 0x07E0, 0x07E0, 0x07E0, 0x07E0, 0x07E0, 0x07E0, 0x07E0,
    0x07E0, 0x07E0, 0x07E0, 0x07E0, 0x07E0, 0x07E0, 0x07E0, 0x07E0, 0x07E0, 0x07E0, 0x07E0, 0x07E0,
    0x07E0, 0x07E0, 0x07E0, 0x07E0, 0x07E0, 0x07E0, 0x07E0, 0x07E0, 0x07E0, 0x07E0, 0x07E0, 0x07E0,
    0x07E0, 0x07E0, 0x3165, 0x3165, 0x3165, 0x3165, 0x07E0, 0x07E0, 0x07E0, 0x07E0, 0x07E0, 0x07E0,
    0x07E0, 0x07E0, 0x07E0, 0x07E0, 0x07E0, 0x07E0, 0x07E0, 0x07E0, 0x07E0, 0x07E0, 0x07E0, 0x07E0,
    0x07E0, 0x07E0, 0x07E0, 0x07E0, 0x07E0, 0x07E0, 0x07E0, 0x07E0, 0x07E0, 0x07E0, 0x07E0, 0x07E0,
    0x07E0, 0x07E0, 0x07E0, 0x07E0, 0x07E0, 0x07E0, 0x07E0, 0x07E0, 0x07E0, 0x07E0, 0x07E0, 0x07E0,
    0x07E0, 0x07E0, 0x07E0, 0x07E0, 0x07E0, 0x07E0, 0x07E0, 0x07E0, 0x07E0, 0x07E0, 0x07E0, 0x07E0,
    0x07E0, 0x07E0, 0x07E0, 0x07E0, 0x07E0, 0x07E0, 0x07E0, 0x07E0, 0x07E0, 0x07E0, 0x07E0, 0x07E0,
    0x07E0, 0x07E0, 0x07E0, 0x07E0, 0x07E0, 0x07E0, 0x07E0, 0x07E0, 0x07E0, 0x07E0, 0x07E0, 0x07E0,
    0x07E0, 0x07E0, 0x07E0, 0x07E0, 0x07E0, 0x07E0, 0x07E0, 0x07E0, 0x07E0, 0x07E0, 0x07E0, 0x07E0,
    0x07E0, 0x07E0, 0x07E0, 0x07E0, 0x07E0, 0x07E0, 0x07E0, 0x07E0, 0x07E0, 0x07E0, 0x07E0, 0x07E0,
    0x07E0, 0x07E0, 0x07E0, 0x07E0, 0x07E0, 0x07E0, 0x07E0, 0x07E0, 0x07E0, 0x07E0, 0x07E0, 0x07E0,
    0x07E0, 0x07E0, 0x07E0, 0x07E0, 0x07E0, 0x07E0, 0x07E0, 0x07E0, 0x07E0, 0x07E0, 0x07E0, 0x07E0,
    0x07E0, 0x07E0, 0x07E0, 0x07E0, 0x07E0, 0x07E0, 0x07E0, 0x07E0, 0x07E0, 0x07E0, 0x07E0, 0x07E0,
    0x07E0, 0x07E0, 0x07E0, 0x07E0, 0x07E0, 0x07E0, 0x07E0, 0x07E0, 0x07E0, 0x07E0, 0x07E0, 0x07E0,
    0x07E0, 0x07E0, 0x07E0, 0x07E0, 0x07E0, 0x07E0, 0x07E0, 0x07E0, 0x07E0, 0x07E0, 0x07E0, 0x07E0,
    0x07E0, 0x07E0, 0x07E0, 0x07E0, 0x07E0, 0x07E0, 0x07E0, 0x07E0, 0x07E0, 0x07E0, 0x07E0, 0x07E0,
    0x07E0, 0x07E0, 0x07E0, 0x07E0, 0x07E0, 0x07E0, 0x07E0, 0x07E0, 0x07E0, 0x07E0, 0x07E0, 0x07E0,
    0x07E0, 0x07E0, 0x07E0, 0x07E0, 0x07E0, 0x07E0, 0x07E0, 0x07E0, 0x07E0, 0x07E0, 0x07E0, 0x07E0,
    0x07E0, 0x07E0, 0x07E0, 0x07E0, 0x07E0, 0x07E0, 0x07E0, 0x07E0, 0x07E0, 0x07E0, 0x07E0, 0x07E0,
    0x07E0, 0x07E0, 0x07E0, 0x07E0, 0x07E0, 0x07E0, 0x07E0, 0x07E0, 0x07E0, 0x07E0, 0x07E0, 0x07E0,
    0x07E0, 0x07E0, 0x07E0, 0x07E0, 0x07E0, 0x07E0, 0x07E0, 0x07E0, 0x07E0, 0x07E0, 0x07E0, 0x07E0,
    0x07E0, 0x07E0, 0x07E0, 0x07E0, 0x07E0, 0x07E0, 0x07E0, 0x07E0, 0x07E0, 0x07E0, 0x07E0, 0x07E0,
    0x07E0, 0x07E0, 0x07E0, 0x07E0, 0x07E0, 0x07E0, 0x07E0, 0x07E0, 0x07E0, 0x07E0, 0x07E0, 0x07E0,
    0x07E0, 0x07E0, 0x07E0, 0x07E0, 0x07E0, 0x07E0, 0x07E0, 0x07E0, 0x07E0, 0x07E0, 0x07E0, 0x07E0,
    0x07E0, 0x07E0, 0x07E0, 0x07E0, 0x07E0, 0x07E0, 0x07E0, 0x07E0, 0x07E0, 0x07E0, 0x07E0, 0x07E0,
    0x07E0, 0x07E0, 0x07E0, 0x07E0, 0x07E0, 0x07E0, 0x07E0, 0x07E0, 0x07E0, 0x07E0, 0x07E0, 0x07E0,
    0x07E0, 0x07E0, 0x07E0, 0x07E0, 0x07E0, 0x07E0, 0x07E0, 0x07E0, 0x07E0, 0x07E0, 0x07E0, 0x07E0,
    0x07E0, 0x07E0, 0x07E0, 0x07E0, 0x07E0, 0x07E0, 0x07E0, 0x07E0, 0x07E0, 0x07E0, 0x07E0, 0x07E0,
    0x07E0, 0x07E0, 0x07E0, 0x07E0, 0x07E0, 0x07E0, 0x07E0, 0x07E0, 0x07E0, 0x07E0, 0x07E0, 0x07E0,
    0x07E0, 0x07E0, 0x07E0, 0x07E0, 0x07E0, 0x07E0, 0x07E0, 0x07E0, 0x07E0, 0x07E0, 0x07E0, 0x07E0,
    0x07E0, 0x07E0, 0x07E0, 0x07E0, 0x07E0, 0x07E0, 0x07E0, 0x07E0, 0x07E0, 0x07E0, 0x07E0, 0x07E0,
    0x07E0, 0x07E0, 0x07E0, 0x07E0, 0x07E0, 0x07E0, 0x07E0, 0x07E0, 0x07E0, 0x07E0, 0x07E0, 0x07E0,
    0x07E0, 0x07E0, 0x07E0, 0x07E0, 0x07E0, 0x07E0, 0x07E0, 0x07E0, 0x07E0, 0x07E0, 0x07E0, 0x07E0,
    0x07E0, 0x07E0, 0x07E0, 0x07E0, 0x07E0, 0x07E0, 0x07E0, 0x07E0, 0x07E0, 0x07E0, 0x07E0, 0x07E0,
    0x07E0, 0x07E0, 0x07E0, 0x07E0, 0x07E0, 0x07E0, 0x07E0, 0x07E0, 0x07E0, 0x07E0, 0x07E0, 0x07E0,
    0x07E0, 0x07E0, 0x07E0, 0x07E0, 0x07E0, 0x07E0, 0x07E0, 0x07E0, 0x07E0, 0x07E0, 0x07E0, 0x07E0,
    0x07E0, 0x07E0, 0x07E0, 0x07E0, 0x07E0, 0x07E0, 0x07E0, 0x07E0, 0x07E0, 0x07E0, 0x07E0, 0x07E0,
    0x07E0, 0x07E0, 0x07E0, 0x07E0,
};

/* Timeline frame 7 */
static const uint16_t broken_coffin_frame_7[] = {
    0x07E0, 0x07E0, 0x07E0, 0x07E0, 0x07E0, 0x07E0, 0x07E0, 0x07E0, 0x07E0, 0x07E0, 0x07E0, 0x07E0,
    0x07E0, 0x07E0, 0x07E0, 0x07E0, 0x07E0, 0x07E0, 0x07E0, 0x07E0, 0x07E0, 0x07E0, 0x07E0, 0x07E0,
    0x07E0, 0x07E0, 0x07E0, 0x07E0, 0x07E0, 0x07E0, 0x07E0, 0x07E0, 0x07E0, 0x07E0, 0x07E0, 0x07E0,
    0x07E0, 0x07E0, 0x07E0, 0x07E0, 0x07E0, 0x07E0, 0x07E0, 0x07E0, 0x07E0, 0x07E0, 0x07E0, 0x07E0,
    0x07E0, 0x07E0, 0x07E0, 0x07E0, 0x07E0, 0x07E0, 0x07E0, 0x07E0, 0x07E0, 0x07E0, 0x07E0, 0x07E0,
    0x07E0, 0x07E0, 0x07E0, 0x07E0, 0x07E0, 0x07E0, 0x07E0, 0x07E0, 0x07E0, 0x07E0, 0x07E0, 0x07E0,
    0x07E0, 0x07E0, 0x07E0, 0x07E0, 0x07E0, 0x07E0, 0x07E0, 0x07E0, 0x07E0, 0x07E0, 0x07E0, 0x07E0,
    0x07E0, 0x07E0, 0x07E0, 0x07E0, 0x07E0, 0x07E0, 0x07E0, 0x07E0, 0x07E0, 0x07E0, 0x07E0, 0x07E0,
    0x07E0, 0x07E0, 0x07E0, 0x07E0, 0x07E0, 0x07E0, 0x07E0, 0x07E0, 0x07E0, 0x07E0, 0x07E0, 0x07E0,
    0x07E0, 0x07E0, 0x07E0, 0x07E0, 0x07E0, 0x07E0, 0x07E0, 0x07E0, 0x07E0, 0x07E0, 0x07E0, 0x07E0,
    0x07E0, 0x07E0, 0x07E0, 0x07E0, 0x07E0, 0x07E0, 0x07E0, 0x07E0, 0x07E0, 0x07E0, 0x07E0, 0x07E0,
    0x07E0, 0x07E0, 0x07E0, 0x07E0, 0x07E0, 0x07E0, 0x07E0, 0x07E0, 0x07E0, 0x07E0, 0x07E0, 0x07E0,
    0x07E0, 0x07E0, 0x07E0, 0x07E0, 0x07E0, 0x07E0, 0x07E0, 0x07E0, 0x07E0, 0x07E0, 0x07E0, 0x07E0,
    0x07E0, 0x07E0, 0x07E0, 0x07E0, 0x07E0, 0x07E0, 0x07E0, 0x07E0, 0x07E0, 0x07E0, 0x07E0, 0x07E0,
    0x07E0, 0x07E0, 0x07E0, 0x07E0, 0x07E0, 0x07E0, 0x07E0, 0x07E0, 0x07E0, 0x07E0, 0x07E0, 0x07E0,
    0x07E0, 0x07E0, 0x07E0, 0x07E0, 0x07E0, 0x07E0, 0x07E0, 0x07E0, 0x07E0, 0x07E0, 0x07E0, 0x07E0,
    0x07E0, 0x07E0, 0x07E0, 0x07E0, 0x07E0, 0x07E0, 0x07E0, 0x07E0, 0x07E0, 0x07E0, 0x07E0, 0x07E0,
    0x07E0, 0x07E0, 0x07E0, 0x07E0, 0x07E0, 0x07E0, 0x07E0, 0x07E0, 0x07E0, 0x07E0, 0x07E0, 0x07E0,
    0x07E0, 0x07E0, 0x07E0, 0x07E0, 0x07E0, 0x07E0, 0x07E0, 0x07E0, 0x07E0, 0x07E0, 0x07E0, 0x07E0,
    0x07E0, 0x07E0, 0x07E0, 0x07E0, 0x07E0, 0x07E0, 0x07E0, 0x07E0, 0x07E0, 0x07E0, 0x07E0, 0x07E0,
    0x07E0, 0x07E0, 0x07E0, 0x07E0, 0x07E0, 0x07E0, 0x07E0, 0x07E0, 0x07E0, 0x07E0, 0x07E0, 0x07E0,
    0x07E0, 0x07E0, 0x07E0, 0x07E0, 0x07E0, 0x07E0, 0x07E0, 0x07E0, 0x07E0, 0x07E0, 0x07E0, 0x07E0,
    0x07E0, 0x07E0, 0x07E0, 0x07E0, 0x07E0, 0x07E0, 0x07E0, 0x07E0, 0x07E0, 0x07E0, 0x07E0, 0x07E0,
    0x07E0, 0x07E0, 0x07E0, 0x07E0, 0x07E0, 0x07E0, 0x07E0, 0x07E0, 0x07E0, 0x07E0, 0x07E0, 0x07E0,
    0x07E0, 0x07E0, 0x07E0, 0x07E0, 0x07E0, 0x07E0, 0x07E0, 0x07E0, 0x07E0, 0x07E0, 0x07E0, 0x07E0,
    0x07E0, 0x07E0, 0x07E0, 0x07E0, 0x07E0, 0x07E0, 0x07E0, 0x07E0, 0x07E0, 0x07E0, 0x07E0, 0x07E0,
    0x07E0, 0x07E0, 0x07E0, 0x07E0, 0x07E0, 0x07E0, 0x07E0, 0x07E0, 0x07E0, 0x07E0, 0x07E0, 0x07E0,
    0x07E0, 0x07E0, 0x07E0, 0x07E0, 0x07E0, 0x07E0, 0x07E0, 0x07E0, 0x07E0, 0x07E0, 0x07E0, 0x07E0,
    0x07E0, 0x07E0, 0x07E0, 0x07E0, 0x07E0, 0x07E0, 0x07E0, 0x07E0, 0x07E0, 0x07E0, 0x07E0, 0x07E0,
    0x07E0, 0x07E0, 0x07E0, 0x07E0, 0x07E0, 0x07E0, 0x07E0, 0x07E0, 0x07E0, 0x07E0, 0x07E0, 0x07E0,
    0x07E0, 0x07E0, 0x07E0, 0x07E0, 0x07E0, 0x07E0, 0x07E0, 0x07E0, 0x07E0, 0x07E0, 0x07E0, 0x07E0,
    0x07E0, 0x07E0, 0x07E0, 0x07E0, 0x07E0, 0x07E0, 0x07E0, 0x07E0, 0x07E0, 0x07E0, 0x07E0, 0x07E0,
    0x07E0, 0x07E0, 0x07E0, 0x07E0, 0x07E0, 0x07E0, 0x07E0, 0x07E0, 0x07E0, 0x07E0, 0x07E0, 0x07E0,
    0x07E0, 0x07E0, 0x07E0, 0x07E0, 0x07E0, 0x07E0, 0x07E0, 0x07E0, 0x07E0, 0x07E0, 0x07E0, 0x07E0,
    0x07E0, 0x07E0, 0x07E0, 0x07E0, 0x07E0, 0x07E0, 0x07E0, 0x07E0, 0x07E0, 0x07E0, 0x07E0, 0x07E0,
    0x07E0, 0x07E0, 0x07E0, 0x07E0, 0x07E0, 0x07E0, 0x07E0, 0x07E0, 0x07E0, 0x07E0, 0x07E0, 0x07E0,
    0x07E0, 0x07E0, 0x07E0, 0x07E0, 0x07E0, 0x07E0, 0x07E0, 0x07E0, 0x07E0, 0x07E0, 0x07E0, 0x07E0,
    0x07E0, 0x07E0, 0x07E0, 0x07E0, 0x07E0, 0x07E0, 0x07E0, 0x07E0, 0x07E0, 0x07E0, 0x07E0, 0x07E0,
    0x07E0, 0x07E0, 0x07E0, 0x07E0, 0x07E0, 0x07E0, 0x07E0, 0x07E0, 0x07E0, 0x07E0, 0x07E0, 0x07E0,
    0x07E0, 0x07E0, 0x07E0, 0x07E0, 0x07E0, 0x07E0, 0x07E0, 0x07E0, 0x07E0, 0x07E0, 0x07E0, 0x07E0,
    0x07E0, 0x07E0, 0x07E0, 0x07E0, 0x07E0, 0x07E0, 0x07E0, 0x07E0, 0x07E0, 0x07E0, 0x07E0, 0x07E0,
    0x07E0, 0x07E0, 0x07E0, 0x07E0, 0x07E0, 0x07E0, 0x07E0, 0x07E0, 0x07E0, 0x07E0, 0x07E0, 0x07E0,
    0x07E0, 0x07E0, 0x07E0, 0x07E0, 0x07E0, 0x07E0, 0x07E0, 0x07E0, 0x07E0, 0x07E0, 0x07E0, 0x07E0,
    0x07E0, 0x07E0, 0x07E0, 0x07E0, 0x07E0, 0x07E0, 0x07E0, 0x07E0, 0x07E0, 0x07E0, 0x07E0, 0x07E0,
    0x07E0, 0x07E0, 0x07E0, 0x07E0, 0x07E0, 0x07E0, 0x07E0, 0x07E0, 0x07E0, 0x07E0, 0x07E0, 0x07E0,
    0x07E0, 0x07E0, 0x07E0, 0x07E0, 0x07E0, 0x07E0, 0x07E0, 0x07E0, 0x07E0, 0x07E0, 0x07E0, 0x07E0,
    0x07E0, 0x07E0, 0x07E0, 0x07E0, 0x07E0, 0x07E0, 0x07E0, 0x07E0, 0x07E0, 0x07E0, 0x07E0, 0x07E0,
    0x07E0, 0x07E0, 0x07E0, 0x07E0, 0x07E0, 0x07E0, 0x07E0, 0x07E0, 0x07E0, 0x07E0, 0x07E0, 0x07E0,
    0x07E0, 0x07E0, 0x07E0, 0x07E0, 0x07E0, 0x07E0, 0x07E0, 0x07E0, 0x07E0, 0x07E0, 0x07E0, 0x07E0,
    0x07E0, 0x07E0, 0x07E0, 0x07E0, 0x07E0, 0x07E0, 0x07E0, 0x07E0, 0x07E0, 0x07E0, 0x07E0, 0x07E0,
    0x07E0, 0x07E0, 0x07E0, 0x07E0, 0x07E0, 0x07E0, 0x07E0, 0x07E0, 0x07E0, 0x07E0, 0x07E0, 0x07E0,
    0x07E0, 0x07E0, 0x07E0, 0x07E0, 0x07E0, 0x07E0, 0x07E0, 0x07E0, 0x07E0, 0x07E0, 0x07E0, 0x07E0,
    0x07E0, 0x07E0, 0x07E0, 0x07E0, 0x07E0, 0x07E0, 0x07E0, 0x07E0, 0x07E0, 0x07E0, 0x07E0, 0x07E0,
    0x07E0, 0x07E0, 0x07E0, 0x07E0, 0x07E0, 0x07E0, 0x07E0, 0x07E0, 0x07E0, 0x07E0, 0x07E0, 0x07E0,
    0x07E0, 0x07E0, 0x07E0, 0x07E0, 0x07E0, 0x07E0, 0x07E0, 0x07E0, 0x07E0, 0x07E0, 0x07E0, 0x07E0,
    0x07E0, 0x07E0, 0x07E0, 0x07E0, 0x07E0, 0x07E0, 0x07E0, 0x07E0, 0x07E0, 0x07E0, 0x07E0, 0x07E0,
    0x07E0, 0x07E0, 0x07E0, 0x07E0, 0x07E0, 0x07E0, 0x07E0, 0x07E0, 0x07E0, 0x07E0, 0x07E0, 0x07E0,
    0x07E0, 0x07E0, 0x07E0, 0x07E0, 0x07E0, 0x07E0, 0x07E0, 0x07E0, 0x07E0, 0x07E0, 0x07E0, 0x07E0,
    0x07E0, 0x07E0, 0x07E0, 0x07E0, 0x07E0, 0x07E0, 0x07E0, 0x07E0, 0x07E0, 0x07E0, 0x07E0, 0x07E0,
    0x07E0, 0x07E0, 0x07E0, 0x07E0, 0x07E0, 0x07E0, 0x07E0, 0x07E0, 0x07E0, 0x07E0, 0x07E0, 0x07E0,
    0x07E0, 0x07E0, 0x07E0, 0x07E0, 0x07E0, 0x07E0, 0x07E0, 0x07E0, 0x07E0, 0x07E0, 0x07E0, 0x07E0,
    0x07E0, 0x07E0, 0x07E0, 0x07E0, 0x07E0, 0x07E0, 0x07E0, 0x07E0, 0x07E0, 0x07E0, 0x07E0, 0x07E0,
    0x07E0, 0x07E0, 0x07E0, 0x07E0, 0x07E0, 0x07E0, 0x07E0, 0x07E0, 0x07E0, 0x07E0, 0x07E0, 0x07E0,
    0x07E0, 0x07E0, 0x07E0, 0x07E0, 0x07E0, 0x07E0, 0x07E0, 0x07E0, 0x07E0, 0x07E0, 0x07E0, 0x07E0,
    0x07E0, 0x07E0, 0x07E0, 0x07E0, 0x07E0, 0x07E0, 0x07E0, 0x07E0, 0x07E0, 0x07E0, 0x07E0, 0x07E0,
    0x07E0, 0x07E0, 0x07E0, 0x07E0, 0x07E0, 0x07E0, 0x07E0, 0x07E0, 0x07E0, 0x07E0, 0x07E0, 0x07E0,
    0x07E0, 0x07E0, 0x07E0, 0x07E0, 0x07E0, 0x07E0, 0x07E0, 0x07E0, 0x07E0, 0x07E0, 0x07E0, 0x07E0,
    0x07E0, 0x07E0, 0x07E0, 0x07E0, 0x07E0, 0x07E0, 0x07E0, 0x07E0, 0x07E0, 0x07E0, 0x07E0, 0x07E0,
    0x07E0, 0x07E0, 0x07E0, 0x07E0, 0x07E0, 0x07E0, 0x07E0, 0x07E0, 0x07E0, 0x07E0, 0x07E0, 0x07E0,
    0x07E0, 0x07E0, 0x07E0, 0x07E0, 0x07E0, 0x07E0, 0x07E0, 0x07E0, 0x07E0, 0x07E0, 0x07E0, 0x07E0,
    0x07E0, 0x07E0, 0x07E0, 0x07E0, 0x07E0, 0x07E0, 0x07E0, 0x07E0, 0x07E0, 0x07E0, 0x07E0, 0x07E0,
    0x07E0, 0x07E0, 0x07E0, 0x07E0, 0x07E0, 0x07E0, 0x07E0, 0x07E0, 0x07E0, 0x07E0, 0x07E0, 0x07E0,
    0x07E0, 0x07E0, 0x07E0, 0x07E0, 0x07E0, 0x07E0, 0x07E0, 0x07E0, 0x07E0, 0x07E0, 0x07E0, 0x07E0,
    0x07E0, 0x07E0, 0x07E0, 0x07E0, 0x07E0, 0x07E0, 0x07E0, 0x07E0, 0x07E0, 0x07E0, 0x07E0, 0x07E0,
    0x07E0, 0x07E0, 0x07E0, 0x07E0, 0x07E0, 0x07E0, 0x07E0, 0x07E0, 0x07E0, 0x07E0, 0x07E0, 0x07E0,
    0x07E0, 0x07E0, 0x07E0, 0x07E0, 0x07E0, 0x07E0, 0x07E0, 0x07E0, 0x07E0, 0x07E0, 0x07E0, 0x07E0,
    0x07E0, 0x07E0, 0x07E0, 0x07E0, 0x07E0, 0x07E0, 0x07E0, 0x07E0, 0x07E0, 0x07E0, 0x07E0, 0x07E0,
    0x07E0, 0x07E0, 0x07E0, 0x07E0, 0x07E0, 0x07E0, 0x07E0, 0x07E0, 0x07E0, 0x07E0, 0x07E0, 0x07E0,
    0x07E0, 0x07E0, 0x07E0, 0x07E0, 0x07E0, 0x07E0, 0x07E0, 0x07E0, 0x07E0, 0x07E0, 0x07E0, 0x07E0,
    0x07E0, 0x07E0, 0x07E0, 0x07E0, 0x07E0, 0x07E0, 0x07E0, 0x07E0, 0x07E0, 0x07E0, 0x07E0, 0x07E0,
    0x07E0, 0x07E0, 0x07E0, 0x07E0, 0x07E0, 0x07E0, 0x07E0, 0x07E0, 0x07E0, 0x07E0, 0x07E0, 0x07E0,
    0x07E0, 0x07E0, 0x07E0, 0x07E0, 0x07E0, 0x07E0, 0x07E0, 0x07E0, 0x07E0, 0x07E0, 0x07E0, 0x07E0,
    0x07E0, 0x07E0, 0x07E0, 0x07E0, 0x07E0, 0x07E0, 0x07E0, 0x07E0, 0x07E0, 0x07E0, 0x07E0, 0x07E0,
    0x07E0, 0x07E0, 0x07E0, 0x07E0, 0x07E0, 0x07E0, 0x07E0, 0x07E0, 0x07E0, 0x07E0, 0x07E0, 0x07E0,
    0x07E0, 0x07E0, 0x07E0, 0x07E0, 0x07E0, 0x07E0, 0x07E0, 0x07E0, 0x07E0, 0x07E0, 0x07E0, 0x07E0,
    0x07E0, 0x07E0, 0x07E0, 0x07E0, 0x07E0, 0x07E0, 0x07E0, 0x07E0, 0x07E0, 0x07E0, 0x07E0, 0x07E0,
    0x07E0, 0x07E0, 0x07E0, 0x07E0, 0x07E0, 0x07E0, 0x07E0, 0x07E0, 0x07E0, 0x07E0, 0x07E0, 0x07E0,
    0x07E0, 0x07E0, 0x3165, 0x3165, 0x3165, 0x07E0, 0x07E0, 0x07E0, 0x07E0, 0x07E0, 0x07E0, 0x07E0,
    0x07E0, 0x07E0, 0x07E0, 0x07E0, 0x07E0, 0x07E0, 0x07E0, 0x07E0, 0x07E0, 0x07E0, 0x07E0, 0x07E0,
    0x07E0, 0x07E0, 0x07E0, 0x07E0, 0x07E0, 0x07E0, 0x07E0, 0x07E0, 0x07E0, 0x07E0, 0x07E0, 0x07E0,
    0x07E0, 0x07E0, 0x07E0, 0x07E0, 0x07E0, 0x07E0, 0x07E0, 0x07E0, 0x07E0, 0x07E0, 0x07E0, 0x07E0,
    0x07E0, 0x07E0, 0x07E0, 0x07E0, 0x07E0, 0x07E0, 0x07E0, 0x07E0, 0x07E0, 0x07E0, 0x07E0, 0x07E0,
    0x07E0, 0x07E0, 0x07E0, 0x07E0, 0x3165, 0x3165, 0x5AAA, 0x5269, 0x4A08, 0x3165, 0x3165, 0x07E0,
    0x07E0, 0x07E0, 0x07E0, 0x07E0, 0x07E0, 0x07E0, 0x07E0, 0x07E0, 0x07E0, 0x07E0, 0x07E0, 0x07E0,
    0x07E0, 0x07E0, 0x07E0, 0x07E0, 0x07E0, 0x07E0, 0x07E0, 0x07E0, 0x07E0, 0x07E0, 0x07E0, 0x07E0,
    0x07E0, 0x07E0, 0x07E0, 0x07E0, 0x07E0, 0x07E0, 0x07E0, 0x07E0, 0x07E0, 0x07E0, 0x07E0, 0x07E0,
    0x07E0, 0x07E0, 0x07E0, 0x07E0, 0x07E0, 0x07E0, 0x07E0, 0x07E0, 0x07E0, 0x07E0, 0x07E0, 0x07E0,
    0x07E0, 0x07E0, 0x07E0, 0x07E0, 0x07E0, 0x07E0, 0x3165, 0x3165, 0x5AAA, 0x5AAA, 0x5269, 0x5269,
    0x5269, 0x5269, 0x4800, 0x3165, 0x3165, 0x07E0, 0x07E0, 0x07E0, 0x07E0, 0x07E0, 0x07E0, 0x07E0,
    0x07E0, 0x07E0, 0x07E0, 0x07E0, 0x07E0, 0x07E0, 0x07E0, 0x07E0, 0x07E0, 0x07E0, 0x07E0, 0x07E0,
    0x07E0, 0x07E0, 0x07E0, 0x07E0, 0x07E0, 0x07E0, 0x07E0, 0x07E0, 0x07E0, 0x07E0, 0x07E0, 0x07E0,
    0x07E0, 0x07E0, 0x07E0, 0x07E0, 0x07E0, 0x07E0, 0x07E0, 0x07E0, 0x07E0, 0x07E0, 0x07E0, 0x07E0,
    0x07E0, 0x07E0, 0x07E0, 0x07E0, 0x07E0, 0x07E0, 0x07E0, 0x07E0, 0x3165, 0x3165, 0x5AAA, 0x5AAA,
    0x5AAA, 0x5AAA, 0x5AAA, 0x5269, 0x4A08, 0x5269, 0x5269, 0x5269, 0x4800, 0x3165, 0x3165, 0x07E0,
    0x07E0, 0x07E0, 0x07E0, 0x07E0, 0x07E0, 0x07E0, 0x07E0, 0x07E0, 0x07E0, 0x07E0, 0x07E0, 0x07E0,
    0x07E0, 0x07E0, 0x07E0, 0x07E0, 0x07E0, 0x07E0, 0x07E0, 0x07E0, 0x07E0, 0x07E0, 0x07E0, 0x07E0,
    0x07E0, 0x07E0, 0x07E0, 0x07E0, 0x07E0, 0x07E0, 0x07E0, 0x07E0, 0x07E0, 0x07E0, 0x07E0, 0x07E0,
    0x07E0, 0x07E0, 0x07E0, 0x07E0, 0x07E0, 0x07E0, 0x07E0, 0x07E0, 0x07E0, 0x07E0, 0x07E0, 0x3165,
    0x5AAA, 0x5AAA, 0x5AAA, 0x5269, 0x5AAA, 0x5AAA, 0x5AAA, 0x7A69, 0x5269, 0x4A08, 0x4A08, 0x5269,
    0x5269, 0x5269, 0x5AAA, 0x3165, 0x07E0, 0x07E0, 0x07E0, 0x07E0, 0x07E0, 0x07E0, 0x07E0, 0x07E0,
    0x07E0, 0x07E0, 0x07E0, 0x07E0, 0x07E0, 0x07E0, 0x07E0, 0x07E0, 0x07E0, 0x07E0, 0x07E0, 0x07E0,
    0x07E0, 0x07E0, 0x07E0, 0x07E0, 0x07E0, 0x07E0, 0x07E0, 0x07E0, 0x07E0, 0x07E0, 0x07E0, 0x07E0,
    0x07E0, 0x07E0, 0x07E0, 0x07E0, 0x07E0, 0x07E0, 0x07E0, 0x07E0, 0x07E0, 0x07E0, 0x07E0, 0x07E0,
    0x07E0, 0x07E0, 0x3165, 0x4A08, 0x4A08, 0x4A08, 0x5269, 0x5269, 0x5AAA, 0x7A69, 0x7A69, 0x28E3,
    0x82AA, 0x7A69, 0x5269, 0x4A08, 0x5269, 0x39A6, 0x39A6, 0x39A6, 0x3165, 0x07E0, 0x07E0, 0x07E0,
    0x07E0, 0x07E0, 0x07E0, 0x07E0, 0x07E0, 0x07E0, 0x07E0, 0x07E0, 0x07E0, 0x07E0, 0x07E0, 0x07E0,
    0x07E0, 0x07E0, 0x07E0, 0x07E0, 0x07E0, 0x07E0, 0x07E0, 0x07E0, 0x07E0, 0x07E0, 0x07E0, 0x07E0,
    0x07E0, 0x07E0, 0x07E0, 0x07E0, 0x07E0, 0x07E0, 0x07E0, 0x07E0, 0x07E0, 0x07E0, 0x07E0, 0x07E0,
    0x07E0, 0x07E0, 0x07E0, 0x07E0, 0x07E0, 0x3165, 0x4A08, 0x4A08, 0x4A08, 0x5269, 0x5AAA, 0x5AAA,
    0x7A69, 0x59A6, 0x28E3, 0x59A6, 0x59A6, 0x59A6, 0x7A69, 0x5269, 0x39A6, 0x39A6, 0x0000, 0x39A6,
    0x39A6, 0x3165, 0x07E0, 0x07E0, 0x07E0, 0x07E0, 0x07E0, 0x07E0, 0x07E0, 0x07E0, 0x07E0, 0x07E0,
    0x07E0, 0x07E0, 0x07E0, 0x07E0, 0x07E0, 0x07E0, 0x07E0, 0x07E0, 0x07E0, 0x07E0, 0x07E0, 0x07E0,
    0x07E0, 0x07E0, 0x07E0, 0x07E0, 0x07E0, 0x07E0, 0x07E0, 0x07E0, 0x07E0, 0x07E0, 0x07E0, 0x07E0,
    0x07E0, 0x07E0, 0x07E0, 0x07E0, 0x07E0, 0x07E0, 0x07E0, 0x07E0, 0x3165, 0x4A08, 0x4A08, 0x4A08,
    0x5269, 0x5269, 0x5AAA, 0x7A69, 0x7A69, 0x59A6, 0x59A6, 0x28E3, 0x59A6, 0x59A6, 0x7A69, 0x82AA,
    0x5AAA, 0x39A6, 0x39A6, 0x0000, 0x0000, 0x39A6, 0x3165, 0x07E0, 0x07E0, 0x07E0, 0x07E0, 0x07E0,
    0x07E0, 0x07E0, 0x07E0, 0x07E0, 0x07E0, 0x07E0, 0x07E0, 0x07E0, 0x07E0, 0x07E0, 0x07E0, 0x07E0,
    0x07E0, 0x07E0, 0x07E0, 0x07E0, 0x07E0, 0x07E0, 0x07E0, 0x07E0, 0x07E0, 0x07E0, 0x07E0, 0x07E0,
    0x07E0, 0x07E0, 0x07E0, 0x07E0, 0x07E0, 0x07E0, 0x07E0, 0x07E0, 0x07E0, 0x07E0, 0x07E0, 0x07E0,
    0x4A08, 0x4A08, 0x5269, 0x4A08, 0x5269, 0x5269, 0x7A69, 0x28E3, 0x59A6, 0x4144, 0x4144, 0x39A6,
    0x4144, 0x4144, 0x59A6, 0x28E3, 0x7A69, 0x5269, 0x39A6, 0x39A6, 0x0000, 0x0000, 0x3165, 0x07E0,
    0x07E0, 0x07E0, 0x07E0, 0x07E0, 0x07E0, 0x07E0, 0x07E0, 0x07E0, 0x07E0, 0x07E0, 0x07E0, 0x07E0,
    0x07E0, 0x07E0, 0x07E0, 0x07E0, 0x07E0, 0x07E0, 0x07E0, 0x07E0, 0x07E0, 0x07E0, 0x07E0, 0x07E0,
    0x07E0, 0x07E0, 0x07E0, 0x07E0, 0x07E0, 0x07E0, 0x07E0, 0x07E0, 0x07E0, 0x07E0, 0x07E0, 0x07E0,
    0x07E0, 0x07E0, 0x07E0, 0x3165, 0x4A08, 0x5269, 0x5269, 0x4A08, 0x5269, 0x7A69, 0x59A6, 0x59A6,
    0x28E3, 0x39A6, 0x39A6, 0x738E, 0x82AA, 0x39A6, 0x28E3, 0x59A6, 0x59A6, 0x82AA, 0x5269, 0x4A08,
    0x39A6, 0x0000, 0x39A6, 0x3165, 0x07E0, 0x07E0, 0x07E0, 0x07E0, 0x07E0, 0x07E0, 0x07E0, 0x07E0,
    0x07E0, 0x07E0, 0x07E0, 0x07E0, 0x07E0, 0x07E0, 0x07E0, 0x07E0, 0x07E0, 0x07E0, 0x07E0, 0x07E0,
    0x07E0, 0x07E0, 0x07E0, 0x07E0, 0x07E0, 0x07E0, 0x07E0, 0x07E0, 0x07E0, 0x07E0, 0x07E0, 0x07E0,
    0x07E0, 0x07E0, 0x07E0, 0x07E0, 0x07E0, 0x07E0, 0x07E0, 0x3165, 0x4A08, 0x5269, 0x4A08, 0x4A08,
    0x5269, 0x7A69, 0x59A6, 0x4144, 0x4144, 0x39A6, 0x738E, 0x7B8E, 0x82AA, 0x39A6, 0x4144, 0x59A6,
    0x7A69, 0x82AA, 0x5269, 0x4A08, 0x39A6, 0x0000, 0x39A6, 0x3165, 0x07E0, 0x07E0, 0x07E0, 0x07E0,
    0x07E0, 0x07E0, 0x07E0, 0x07E0, 0x07E0, 0x07E0, 0x07E0, 0x07E0, 0x07E0, 0x07E0, 0x07E0, 0x07E0,
    0x07E0, 0x07E0, 0x07E0, 0x07E0, 0x07E0, 0x07E0, 0x07E0, 0x07E0, 0x07E0, 0x07E0, 0x07E0, 0x07E0,
    0x07E0, 0x07E0, 0x07E0, 0x07E0, 0x07E0, 0x07E0, 0x07E0, 0x07E0, 0x07E0, 0x07E0, 0x07E0, 0x3165,
    0x4A08, 0x5269, 0x4A08, 0x39A6, 0x5269, 0x82AA, 0x7A69, 0x39A6, 0x39A6, 0x82AA, 0x82AA, 0x2000,
    0x82AA, 0x0000, 0x39A6, 0x39A6, 0x7A69, 0x82AA, 0x5269, 0x4A08, 0x5269, 0x39A6, 0x4A08, 0x3165,
    0x07E0, 0x07E0, 0x07E0, 0x07E0, 0x07E0, 0x07E0, 0x07E0, 0x07E0, 0x07E0, 0x07E0, 0x07E0, 0x07E0,
    0x07E0, 0x07E0, 0x07E0, 0x07E0, 0x07E0, 0x07E0, 0x07E0, 0x07E0, 0x07E0, 0x07E0, 0x07E0, 0x07E0,
    0x07E0, 0x07E0, 0x07E0, 0x07E0, 0x07E0, 0x07E0, 0x07E0, 0x07E0, 0x07E0, 0x07E0, 0x07E0, 0x07E0,
    0x07E0, 0x07E0, 0x07E0, 0x3165, 0x4A08, 0x5269, 0x39A6, 0x0000, 0x5269, 0x528A, 0x3165, 0x738E,
    0x2000, 0x7B8E, 0x83CF, 0x82AA, 0x0000, 0x7BAE, 0x2000, 0x738E, 0x3165, 0x82AA, 0x5269, 0x5269,
    0x5269, 0x4A08, 0x4A08, 0x3165, 0x07E0, 0x07E0, 0x07E0, 0x07E0, 0x07E0, 0x07E0, 0x07E0, 0x07E0,
    0x07E0, 0x07E0, 0x07E0, 0x07E0, 0x07E0, 0x07E0, 0x07E0, 0x07E0, 0x07E0, 0x07E0, 0x07E0, 0x07E0,
    0x07E0, 0x07E0, 0x07E0, 0x07E0, 0x07E0, 0x07E0, 0x07E0, 0x07E0, 0x07E0, 0x07E0, 0x07E0, 0x07E0,
    0x07E0, 0x07E0, 0x07E0, 0x07E0, 0x07E0, 0x07E0, 0x07E0, 0x3165, 0x4A08, 0x4A08, 0x39A6, 0x0000,
    0x39A6, 0x5269, 0x3165, 0x3165, 0x738E, 0x2000, 0x83CF, 0x2000, 0x0000, 0x2000, 0x7B8E, 0x3165,
    0x82AA, 0x82AA, 0x5269, 0x5269, 0x5269, 0x4A08, 0x4A08, 0x3165, 0x07E0, 0x07E0, 0x07E0, 0x07E0,
    0x07E0, 0x07E0, 0x07E0, 0x07E0, 0x07E0, 0x07E0, 0x07E0, 0x07E0, 0x07E0, 0x07E0, 0x07E0, 0x07E0,
    0x07E0, 0x07E0, 0x07E0, 0x07E0, 0x07E0, 0x07E0, 0x07E0, 0x07E0, 0x07E0, 0x07E0, 0x07E0, 0x07E0,
    0x07E0, 0x07E0, 0x07E0, 0x07E0, 0x07E0, 0x07E0, 0x07E0, 0x07E0, 0x07E0, 0x07E0, 0x07E0, 0x07E0,
    0x3165, 0x4A08, 0x39A6, 0x39A6, 0x0000, 0x39A6, 0x82AA, 0x3165, 0x738E, 0x2000, 0x83CF, 0x0000,
    0x0000, 0x2000, 0x738E, 0x3165, 0x82AA, 0x5269, 0x5269, 0x5269, 0x4A08, 0x4A08, 0x3165, 0x07E0,
    0x07E0, 0x07E0, 0x07E0, 0x07E0, 0x07E0, 0x07E0, 0x07E0, 0x07E0, 0x07E0, 0x07E0, 0x07E0, 0x07E0,
    0x07E0, 0x07E0, 0x07E0, 0x07E0, 0x07E0, 0x07E0, 0x07E0, 0x07E0, 0x07E0, 0x07E0, 0x07E0, 0x07E0,
    0x07E0, 0x07E0, 0x07E0, 0x07E0, 0x07E0, 0x07E0, 0x07E0, 0x07E0, 0x07E0, 0x07E0, 0x07E0, 0x07E0,
    0x07E0, 0x07E0, 0x07E0, 0x07E0, 0x3165, 0x4A08, 0x4A08, 0x39A6, 0x0000, 0x39A6, 0x5269, 0x3165,
    0x3165, 0x2000, 0x0000, 0x0000, 0x83CF, 0x82AA, 0x3165, 0x3165, 0x82AA, 0x5269, 0x5269, 0x5269,
    0x4A08, 0x5249, 0x3165, 0x07E0, 0x07E0, 0x07E0, 0x07E0, 0x07E0, 0x07E0, 0x07E0, 0x07E0, 0x07E0,
    0x07E0, 0x07E0, 0x07E0, 0x07E0, 0x07E0, 0x07E0, 0x07E0, 0x07E0, 0x07E0, 0x07E0, 0x07E0, 0x07E0,
    0x07E0, 0x07E0, 0x07E0, 0x07E0, 0x07E0, 0x07E0, 0x07E0, 0x07E0, 0x07E0, 0x07E0, 0x07E0, 0x07E0,
    0x07E0, 0x07E0, 0x07E0, 0x07E0, 0x07E0, 0x07E0, 0x07E0, 0x07E0, 0x07E0, 0x3165, 0x4A08, 0x4A08,
    0x0000, 0x0000, 0x39A6, 0x5269, 0x3165, 0x0000, 0x0000, 0x2000, 0x7B8E, 0x82AA, 0x3165, 0x82AA,
    0x4A08, 0x5269, 0x5269, 0x4A08, 0x4A08, 0x3165, 0x07E0, 0x07E0, 0x07E0, 0x07E0, 0x07E0, 0x07E0,
    0x07E0, 0x07E0, 0x07E0, 0x07E0, 0x07E0, 0x07E0, 0x07E0, 0x07E0, 0x07E0, 0x07E0, 0x07E0, 0x07E0,
    0x07E0, 0x07E0, 0x07E0, 0x07E0, 0x07E0, 0x07E0, 0x07E0, 0x07E0, 0x07E0, 0x07E0, 0x07E0, 0x07E0,
    0x07E0, 0x07E0, 0x07E0, 0x07E0, 0x07E0, 0x07E0, 0x07E0, 0x07E0, 0x07E0, 0x07E0, 0x07E0, 0x07E0,
    0x07E0, 0x3165, 0x3165, 0x4A08, 0x39A6, 0x39A6, 0x39A6, 0x4A08, 0x0000, 0x0000, 0x738E, 0x2000,
    0x738E, 0x6B4D, 0x3165, 0x82AA, 0x5269, 0x5269, 0x4A08, 0x4A08, 0x3165, 0x3165, 0x07E0, 0x07E0,
    0x07E0, 0x07E0, 0x07E0, 0x07E0, 0x07E0, 0x07E0, 0x07E0, 0x07E0, 0x07E0, 0x07E0, 0x07E0, 0x07E0,
    0x07E0, 0x07E0, 0x07E0, 0x07E0, 0x07E0, 0x07E0, 0x07E0, 0x07E0, 0x07E0, 0x07E0, 0x07E0, 0x07E0,
    0x07E0, 0x07E0, 0x07E0, 0x07E0, 0x07E0, 0x07E0, 0x07E0, 0x07E0, 0x07E0, 0x07E0, 0x07E0, 0x07E0,
    0x07E0, 0x07E0, 0x07E0, 0x07E0, 0x07E0, 0x3165, 0x3165, 0x3165, 0x3165, 0x5249, 0x5249, 0x28C3,
    0x4A08, 0x3165, 0x738E, 0x2000, 0x738E, 0x3165, 0x528A, 0x5269, 0x4A08, 0x28C3, 0x5249, 0x5249,
    0x3165, 0x3165, 0x3165, 0x07E0, 0x07E0, 0x07E0, 0x07E0, 0x07E0, 0x07E0, 0x07E0, 0x07E0, 0x07E0,
    0x07E0, 0x07E0, 0x07E0, 0x07E0, 0x07E0, 0x07E0, 0x07E0, 0x07E0, 0x07E0, 0x07E0, 0x07E0, 0x07E0,
    0x07E0, 0x07E0, 0x07E0, 0x07E0, 0x07E0, 0x07E0, 0x07E0, 0x07E0, 0x07E0, 0x07E0, 0x07E0, 0x07E0,
    0x07E0, 0x07E0, 0x07E0, 0x07E0, 0x07E0, 0x07E0, 0x07E0, 0x07E0, 0x07E0, 0x3165, 0x3165, 0x3000,
    0x3000, 0x3165, 0x5249, 0x4A08, 0x5249, 0x3165, 0x738E, 0x738E, 0x738E, 0x3165, 0x5269, 0x5249,
    0x5249, 0x4A08, 0x5249, 0x3165, 0x3165, 0x4000, 0x3165, 0x07E0, 0x07E0, 0x07E0, 0x07E0, 0x07E0,
    0x07E0, 0x07E0, 0x07E0, 0x07E0, 0x07E0, 0x07E0, 0x07E0, 0x07E0, 0x07E0, 0x07E0, 0x07E0, 0x07E0,
    0x07E0, 0x07E0, 0x07E0, 0x07E0, 0x07E0, 0x07E0, 0x07E0, 0x07E0, 0x07E0, 0x07E0, 0x07E0, 0x07E0,
    0x07E0, 0x07E0, 0x07E0, 0x07E0, 0x07E0, 0x07E0, 0x07E0, 0x07E0, 0x07E0, 0x07E0, 0x07E0, 0x07E0,
    0x07E0, 0x07E0, 0x3165, 0x3165, 0x2904, 0x3000, 0x3000, 0x3165, 0x3165, 0x5249, 0x3165, 0x3165,
    0x3165, 0x5249, 0x5249, 0x5249, 0x3165, 0x3165, 0x3165, 0x2800, 0x2800, 0x4000, 0x07E0, 0x07E0,
    0x07E0, 0x07E0, 0x07E0, 0x07E0, 0x07E0, 0x07E0, 0x07E0, 0x07E0, 0x07E0, 0x07E0, 0x07E0, 0x07E0,
    0x07E0, 0x07E0, 0x07E0, 0x07E0, 0x07E0, 0x07E0, 0x07E0, 0x07E0, 0x07E0, 0x07E0, 0x07E0, 0x07E0,
    0x07E0, 0x07E0, 0x07E0, 0x07E0, 0x07E0, 0x07E0, 0x07E0, 0x07E0, 0x07E0, 0x07E0, 0x07E0, 0x07E0,
    0x07E0, 0x07E0, 0x07E0, 0x07E0, 0x07E0, 0x07E0, 0x3165, 0x3165, 0x2904, 0x2904, 0x3000, 0x3000,
    0x3000, 0x3165, 0x3165, 0x3165, 0x5249, 0x5249, 0x3165, 0x3165, 0x3000, 0x3000, 0x5800, 0x2800,
    0x2800, 0x4000, 0x07E0, 0x4000, 0x07E0, 0x07E0, 0x07E0, 0x07E0, 0x07E0, 0x07E0, 0x07E0, 0x07E0,
    0x07E0, 0x07E0, 0x07E0, 0x07E0, 0x07E0, 0x07E0, 0x07E0, 0x07E0, 0x07E0, 0x07E0, 0x07E0, 0x07E0,
    0x07E0, 0x07E0, 0x07E0, 0x07E0, 0x07E0, 0x07E0, 0x07E0, 0x07E0, 0x07E0, 0x07E0, 0x07E0, 0x07E0,
    0x07E0, 0x07E0, 0x07E0, 0x07E0, 0x07E0, 0x07E0, 0x07E0, 0x07E0, 0x07E0, 0x07E0, 0x3165, 0x3165,
    0x3144, 0x3144, 0x2904, 0x2904, 0x3000, 0x3000, 0x3165, 0x3165, 0x3165, 0x3165, 0x3165, 0x4000,
    0x2904, 0x2904, 0x2800, 0x2800, 0x4000, 0x3165, 0x07E0, 0x07E0, 0x07E0, 0x07E0, 0x07E0, 0x07E0,
    0x07E0, 0x07E0, 0x07E0, 0x07E0, 0x07E0, 0x07E0, 0x07E0, 0x07E0, 0x07E0, 0x07E0, 0x07E0, 0x07E0,
    0x07E0, 0x07E0, 0x07E0, 0x07E0, 0x07E0, 0x07E0, 0x07E0, 0x07E0, 0x07E0, 0x07E0, 0x07E0, 0x07E0,
    0x07E0, 0x07E0, 0x07E0, 0x07E0, 0x07E0, 0x07E0, 0x07E0, 0x07E0, 0x07E0, 0x07E0, 0x07E0, 0x07E0,
    0x07E0, 0x07E0, 0x3165, 0x3165, 0x3965, 0x3144, 0x3144, 0x3144, 0x3144, 0x4000, 0x4000, 0x2904,
    0x2904, 0x3165, 0x2904, 0x2904, 0x2904, 0x2800, 0x2800, 0x40A6, 0x40A6, 0x3165, 0x07E0, 0x07E0,
    0x07E0, 0x07E0, 0x07E0, 0x07E0, 0x07E0, 0x07E0, 0x07E0, 0x07E0, 0x07E0, 0x07E0, 0x07E0, 0x07E0,
    0x07E0, 0x07E0, 0x07E0, 0x07E0, 0x07E0, 0x07E0, 0x07E0, 0x07E0, 0x07E0, 0x07E0, 0x07E0, 0x07E0,
    0x07E0, 0x07E0, 0x07E0, 0x07E0, 0x07E0, 0x07E0, 0x07E0, 0x07E0, 0x07E0, 0x07E0, 0x07E0, 0x07E0,
    0x07E0, 0x07E0, 0x07E0, 0x07E0, 0x07E0, 0x07E0, 0x07E0, 0x3165, 0x3965, 0x3965, 0x3965, 0x3965,
    0x3965, 0x4000, 0x4000, 0x3144, 0x3144, 0x3165, 0x2800, 0x2800, 0x40A6, 0x3000, 0x40A6, 0x40A6,
    0x40A6, 0x4000, 0x07E0, 0x07E0, 0x07E0, 0x07E0, 0x07E0, 0x07E0, 0x07E0, 0x07E0, 0x07E0, 0x07E0,
    0x07E0, 0x07E0, 0x07E0, 0x07E0, 0x07E0, 0x07E0, 0x07E0, 0x07E0, 0x07E0, 0x07E0, 0x07E0, 0x07E0,
    0x07E0, 0x07E0, 0x07E0, 0x07E0, 0x07E0, 0x07E0, 0x07E0, 0x07E0, 0x07E0, 0x07E0, 0x07E0, 0x07E0,
    0x07E0, 0x07E0, 0x07E0, 0x07E0, 0x07E0, 0x07E0, 0x07E0, 0x07E0, 0x07E0, 0x07E0, 0x07E0, 0x3165,
    0x3165, 0x3965, 0x4165, 0x4165, 0x4165, 0x4000, 0x4165, 0x4165, 0x3165, 0x3165, 0x40A6, 0x2800,
    0x3000, 0x3000, 0x40A6, 0x40A6, 0x3165, 0x4000, 0x4000, 0x07E0, 0x07E0, 0x07E0, 0x07E0, 0x07E0,
    0x07E0, 0x07E0, 0x07E0, 0x07E0, 0x07E0, 0x07E0, 0x07E0, 0x07E0, 0x07E0, 0x07E0, 0x07E0, 0x07E0,
    0x07E0, 0x07E0, 0x07E0, 0x07E0, 0x07E0, 0x07E0, 0x07E0, 0x07E0, 0x07E0, 0x07E0, 0x07E0, 0x07E0,
    0x07E0, 0x07E0, 0x07E0, 0x07E0, 0x07E0, 0x07E0, 0x07E0, 0x07E0, 0x07E0, 0x07E0, 0x07E0, 0x07E0,
    0x07E0, 0x07E0, 0x2800, 0x3165, 0x3165, 0x3965, 0x4165, 0x4165, 0x4165, 0x4165, 0x4165, 0x4165,
    0x4000, 0x2800, 0x2800, 0x3000, 0x40A6, 0x2800, 0x2800, 0x4000, 0x3165, 0x2800, 0x07E0, 0x07E0,
    0x07E0, 0x07E0, 0x07E0, 0x07E0, 0x07E0, 0x07E0, 0x07E0, 0x07E0, 0x07E0, 0x07E0, 0x07E0, 0x07E0,
    0x07E0, 0x07E0, 0x07E0, 0x07E0, 0x07E0, 0x07E0, 0x07E0, 0x07E0, 0x07E0, 0x07E0, 0x07E0, 0x07E0,
    0x07E0, 0x07E0, 0x07E0, 0x07E0, 0x07E0, 0x07E0, 0x07E0, 0x07E0, 0x07E0, 0x07E0, 0x07E0, 0x07E0,
    0x07E0, 0x07E0, 0x07E0, 0x07E0, 0x07E0, 0x07E0, 0x2800, 0x3165, 0x3165, 0x3965, 0x4165, 0x4165,
    0x4165, 0x4165, 0x4165, 0x4165, 0x4000, 0x2800, 0x3000, 0x3000, 0x40A6, 0x2800, 0x4000, 0x4000,
    0x3165, 0x3800, 0x07E0, 0x07E0, 0x07E0, 0x07E0, 0x07E0, 0x07E0, 0x07E0, 0x07E0, 0x07E0, 0x07E0,
    0x07E0, 0x07E0, 0x07E0, 0x07E0, 0x07E0, 0x07E0, 0x07E0, 0x07E0, 0x07E0, 0x07E0, 0x07E0, 0x07E0,
    0x07E0, 0x07E0, 0x07E0, 0x07E0, 0x07E0, 0x07E0, 0x07E0, 0x07E0, 0x07E0, 0x07E0, 0x07E0, 0x07E0,
    0x07E0, 0x07E0, 0x07E0, 0x07E0, 0x07E0, 0x07E0, 0x07E0, 0x07E0, 0x07E0, 0x07E0, 0x2800, 0x3165,
    0x3165, 0x3965, 0x3965, 0x4165, 0x4165, 0x4165, 0x4165, 0x3165, 0x4144, 0x2800, 0x4144, 0x40A6,
    0x2800, 0x2800, 0x4000, 0x3165, 0x3800, 0x3800, 0x07E0, 0x07E0, 0x07E0, 0x07E0, 0x07E0, 0x07E0,
    0x07E0, 0x07E0, 0x07E0, 0x07E0, 0x07E0, 0x07E0, 0x07E0, 0x07E0, 0x07E0, 0x07E0, 0x07E0, 0x07E0,
    0x07E0, 0x07E0, 0x07E0, 0x07E0, 0x07E0, 0x07E0, 0x07E0, 0x07E0, 0x07E0, 0x07E0, 0x07E0, 0x07E0,
    0x07E0, 0x07E0, 0x07E0, 0x07E0, 0x07E0, 0x07E0, 0x07E0, 0x07E0, 0x07E0, 0x07E0, 0x07E0, 0x07E0,
    0x07E0, 0x07E0, 0x2800, 0x3165, 0x3144, 0x3165, 0x3965, 0x3965, 0x4165, 0x4165, 0x4186, 0x4000,
    0x2800, 0x3000, 0x3000, 0x3000, 0x2800, 0x4000, 0x3165, 0x4000, 0x2800, 0x2800, 0x07E0, 0x07E0,
    0x07E0, 0x07E0, 0x07E0, 0x07E0, 0x07E0, 0x07E0, 0x07E0, 0x07E0, 0x07E0, 0x07E0, 0x07E0, 0x07E0,
    0x07E0, 0x07E0, 0x07E0, 0x07E0, 0x07E0, 0x07E0, 0x07E0, 0x07E0, 0x07E0, 0x07E0, 0x07E0, 0x07E0,
    0x07E0, 0x07E0, 0x07E0, 0x07E0, 0x07E0, 0x07E0, 0x07E0, 0x07E0, 0x07E0, 0x07E0, 0x07E0, 0x07E0,
    0x07E0, 0x07E0, 0x07E0, 0x07E0, 0x07E0, 0x07E0, 0x07E0, 0x3144, 0x3144, 0x3165, 0x3965, 0x3965,
    0x4165, 0x2904, 0x4186, 0x4000, 0x2800, 0x3000, 0x3000, 0x4144, 0x2800, 0x4000, 0x3165, 0x2800,
    0x2800, 0x07E0, 0x07E0, 0x07E0, 0x07E0, 0x07E0, 0x07E0, 0x07E0, 0x07E0, 0x07E0, 0x07E0, 0x07E0,
    0x07E0, 0x07E0, 0x07E0, 0x07E0, 0x07E0, 0x07E0, 0x07E0, 0x07E0, 0x07E0, 0x07E0, 0x07E0, 0x07E0,
    0x07E0, 0x07E0, 0x07E0, 0x07E0, 0x07E0, 0x07E0, 0x07E0, 0x07E0, 0x07E0, 0x07E0, 0x07E0, 0x07E0,
    0x07E0, 0x07E0, 0x07E0, 0x07E0, 0x07E0, 0x07E0, 0x07E0, 0x3165, 0x3165, 0x07E0, 0x07E0, 0x07E0,
    0x3144, 0x3165, 0x2800, 0x3965, 0x4165, 0x2904, 0x3965, 0x3165, 0x4144, 0x4144, 0x2800, 0x2800,
    0x4000, 0x4000, 0x3165, 0x2800, 0x07E0, 0x2800, 0x3165, 0x07E0, 0x07E0, 0x07E0, 0x07E0, 0x07E0,
    0x07E0, 0x07E0, 0x07E0, 0x07E0, 0x07E0, 0x07E0, 0x07E0, 0x07E0, 0x07E0, 0x07E0, 0x07E0, 0x07E0,
    0x07E0, 0x07E0, 0x07E0, 0x07E0, 0x07E0, 0x07E0, 0x07E0, 0x07E0, 0x07E0, 0x07E0, 0x07E0, 0x07E0,
    0x07E0, 0x07E0, 0x07E0, 0x07E0, 0x07E0, 0x07E0, 0x07E0, 0x07E0, 0x07E0, 0x07E0, 0x07E0, 0x3165,
    0x39E7, 0x07E0, 0x07E0, 0x07E0, 0x4000, 0x3965, 0x3965, 0x3965, 0x4165, 0x2904, 0x3965, 0x3965,
    0x3165, 0x4144, 0x4144, 0x2800, 0x4000, 0x4000, 0x3165, 0x2800, 0x07E0, 0x3165, 0x39E7, 0x3165,
    0x07E0, 0x07E0, 0x07E0, 0x07E0, 0x07E0, 0x07E0, 0x07E0, 0x07E0, 0x07E0, 0x07E0, 0x07E0, 0x07E0,
    0x07E0, 0x07E0, 0x07E0, 0x07E0, 0x07E0, 0x07E0, 0x07E0, 0x07E0, 0x07E0, 0x07E0, 0x07E0, 0x07E0,
    0x07E0, 0x07E0, 0x07E0, 0x07E0, 0x07E0, 0x07E0, 0x07E0, 0x07E0, 0x07E0, 0x07E0, 0x07E0, 0x07E0,
    0x07E0, 0x07E0, 0x3165, 0x39E7, 0x39E7, 0x3165, 0x07E0, 0x3165, 0x3165, 0x3965, 0x3965, 0x3965,
    0x3965, 0x3965, 0x3965, 0x3965, 0x3165, 0x2800, 0x4144, 0x4144, 0x4000, 0x4000, 0x4000, 0x3165,
    0x07E0, 0x3165, 0x3165, 0x39E7, 0x3165, 0x07E0, 0x07E0, 0x07E0, 0x07E0, 0x07E0, 0x07E0, 0x07E0,
    0x07E0, 0x07E0, 0x07E0, 0x07E0, 0x07E0, 0x07E0, 0x07E0, 0x07E0, 0x07E0, 0x07E0, 0x07E0, 0x07E0,
    0x07E0, 0x07E0, 0x07E0, 0x07E0, 0x07E0, 0x07E0, 0x07E0, 0x07E0, 0x07E0, 0x07E0, 0x07E0, 0x07E0,
    0x07E0, 0x07E0, 0x07E0, 0x07E0, 0x07E0, 0x3165, 0x4207, 0x39E7, 0x39E7, 0x3165, 0x07E0, 0x3165,
    0x3165, 0x3965, 0x3965, 0x3965, 0x3965, 0x3965, 0x3965, 0x3965, 0x3165, 0x2800, 0x2800, 0x4144,
    0x4144, 0x3000, 0x4000, 0x3165, 0x07E0, 0x3165, 0x39E7, 0x39E7, 0x3165, 0x3165, 0x07E0, 0x07E0,
    0x07E0, 0x07E0, 0x07E0, 0x07E0, 0x07E0, 0x07E0, 0x07E0, 0x07E0, 0x07E0, 0x07E0, 0x07E0, 0x07E0,
    0x07E0, 0x07E0, 0x07E0, 0x07E0, 0x07E0, 0x07E0, 0x07E0, 0x07E0, 0x07E0, 0x07E0, 0x07E0, 0x07E0,
    0x07E0, 0x07E0, 0x07E0, 0x07E0, 0x07E0, 0x07E0, 0x07E0, 0x07E0, 0x07E0, 0x3165, 0x4207, 0x4207,
    0x39E7, 0x39E7, 0x3165, 0x31A6, 0x3165, 0x3144, 0x3144, 0x3965, 0x3965, 0x3965, 0x3965, 0x3965,
    0x3165, 0x2800, 0x2800, 0x4144, 0x4144, 0x4000, 0x3000, 0x39E7, 0x3165, 0x39E7, 0x39E7, 0x4207,
    0x4207, 0x3165, 0x07E0, 0x07E0, 0x07E0, 0x07E0, 0x07E0, 0x07E0, 0x07E0, 0x07E0, 0x07E0, 0x07E0,
    0x07E0, 0x07E0, 0x07E0, 0x07E0, 0x07E0, 0x07E0, 0x07E0, 0x07E0, 0x07E0, 0x07E0, 0x07E0, 0x07E0,
    0x07E0, 0x07E0, 0x07E0, 0x07E0, 0x07E0, 0x07E0, 0x07E0, 0x07E0, 0x07E0, 0x07E0, 0x07E0, 0x07E0,
    0x07E0, 0x3165, 0x3165, 0x07E0, 0x3165, 0x39E7, 0x39E7, 0x31A6, 0x3165, 0x2904, 0x3144, 0x3144,
    0x3165, 0x3965, 0x3965, 0x3165, 0x3165, 0x3000, 0x2800, 0x4000, 0x4144, 0x4144, 0x3165, 0x31A6,
    0x39E7, 0x4207, 0x39E7, 0x3165, 0x4207, 0x3165, 0x07E0, 0x07E0, 0x07E0, 0x07E0, 0x07E0, 0x07E0,
    0x07E0, 0x07E0, 0x07E0, 0x07E0, 0x07E0, 0x07E0, 0x07E0, 0x07E0, 0x07E0, 0x07E0, 0x07E0, 0x07E0,
    0x07E0, 0x07E0, 0x07E0, 0x07E0, 0x07E0, 0x07E0, 0x07E0, 0x07E0, 0x07E0, 0x07E0, 0x07E0, 0x07E0,
    0x07E0, 0x07E0, 0x07E0, 0x3165, 0x3165, 0x4207, 0x3165, 0x07E0, 0x3165, 0x3165, 0x39E7, 0x39E7,
    0x31A6, 0x3165, 0x2904, 0x2904, 0x3144, 0x3965, 0x3965, 0x3165, 0x4144, 0x2800, 0x2800, 0x4000,
    0x4144, 0x3165, 0x31A6, 0x39E7, 0x39E7, 0x3165, 0x3165, 0x3165, 0x4207, 0x3165, 0x07E0, 0x07E0,
    0x07E0, 0x07E0, 0x07E0, 0x07E0, 0x07E0, 0x07E0, 0x07E0, 0x07E0, 0x07E0, 0x07E0, 0x07E0, 0x07E0,
    0x07E0, 0x07E0, 0x07E0, 0x07E0, 0x07E0, 0x07E0, 0x07E0, 0x07E0, 0x07E0, 0x07E0, 0x07E0, 0x07E0,
    0x07E0, 0x07E0, 0x07E0, 0x07E0, 0x07E0, 0x07E0, 0x07E0, 0x3165, 0x4207, 0x4207, 0x3165, 0x07E0,
    0x07E0, 0x3165, 0x3165, 0x31A6, 0x31A6, 0x3165, 0x2904, 0x2904, 0x2904, 0x3165, 0x3965, 0x3965,
    0x3165, 0x4000, 0x4000, 0x3165, 0x07E0, 0x3165, 0x31A6, 0x39E7, 0x3165, 0x3165, 0x07E0, 0x07E0,
    0x3165, 0x4207, 0x4207, 0x3165, 0x07E0, 0x07E0, 0x07E0, 0x07E0, 0x07E0, 0x07E0, 0x07E0, 0x07E0,
    0x07E0, 0x07E0, 0x07E0, 0x07E0, 0x07E0, 0x07E0, 0x07E0, 0x07E0, 0x07E0, 0x07E0, 0x07E0, 0x07E0,
    0x07E0, 0x07E0, 0x07E0, 0x07E0, 0x07E0, 0x07E0, 0x07E0, 0x07E0, 0x07E0, 0x07E0, 0x07E0, 0x3165,
    0x4207, 0x3165, 0x07E0, 0x07E0, 0x07E0, 0x07E0, 0x07E0, 0x3165, 0x3165, 0x3165, 0x3165, 0x2904,
    0x2904, 0x2904, 0x3165, 0x3965, 0x3165, 0x4000, 0x4000, 0x4000, 0x07E0, 0x3165, 0x3165, 0x3165,
    0x3800, 0x3800, 0x3000, 0x07E0, 0x3165, 0x4207, 0x4207, 0x3165, 0x07E0, 0x07E0, 0x07E0, 0x07E0,
    0x07E0, 0x07E0, 0x07E0, 0x07E0, 0x07E0, 0x07E0, 0x07E0, 0x07E0, 0x07E0, 0x07E0, 0x07E0, 0x07E0,
    0x07E0, 0x07E0, 0x07E0, 0x07E0, 0x07E0, 0x07E0, 0x07E0, 0x07E0, 0x07E0, 0x07E0, 0x07E0, 0x07E0,
    0x07E0, 0x07E0, 0x07E0, 0x4207, 0x3165, 0x07E0, 0x07E0, 0x07E0, 0x07E0, 0x07E0, 0x07E0, 0x07E0,
    0x07E0, 0x07E0, 0x07E0, 0x3165, 0x2904, 0x2904, 0x3165, 0x3965, 0x3165, 0x5000, 0x4000, 0x4000,
    0x07E0, 0x07E0, 0x07E0, 0x07E0, 0x3000, 0x3000, 0x3000, 0x07E0, 0x07E0, 0x3165, 0x4207, 0x3165,
    0x07E0, 0x07E0, 0x07E0, 0x07E0, 0x07E0, 0x07E0, 0x07E0, 0x07E0, 0x07E0, 0x07E0, 0x07E0, 0x07E0,
    0x07E0, 0x07E0, 0x07E0, 0x07E0, 0x07E0, 0x07E0, 0x07E0, 0x07E0, 0x07E0, 0x07E0, 0x07E0, 0x07E0,
    0x07E0, 0x07E0, 0x07E0, 0x07E0, 0x07E0, 0x3165, 0x4207, 0x3165, 0x3165, 0x07E0, 0x07E0, 0x07E0,
    0x07E0, 0x07E0, 0x07E0, 0x07E0, 0x07E0, 0x07E0, 0x07E0, 0x07E0, 0x3165, 0x3165, 0x3165, 0x3965,
    0x3165, 0x07E0, 0x5000, 0x5000, 0x5000, 0x07E0, 0x07E0, 0x07E0, 0x07E0, 0x07E0, 0x07E0, 0x07E0,
    0x07E0, 0x3165, 0x4207, 0x3165, 0x07E0, 0x07E0, 0x07E0, 0x07E0, 0x07E0, 0x07E0, 0x07E0, 0x07E0,
    0x07E0, 0x07E0, 0x07E0, 0x07E0, 0x07E0, 0x07E0, 0x07E0, 0x07E0, 0x07E0, 0x07E0, 0x07E0, 0x07E0,
    0x07E0, 0x07E0, 0x07E0, 0x07E0, 0x07E0, 0x07E0, 0x07E0, 0x07E0, 0x07E0, 0x3165, 0x3165, 0x07E0,
    0x07E0, 0x07E0, 0x07E0, 0x07E0, 0x07E0, 0x07E0, 0x07E0, 0x07E0, 0x07E0, 0x07E0, 0x07E0, 0x07E0,
    0x07E0, 0x07E0, 0x3165, 0x3965, 0x3165, 0x07E0, 0x5000, 0x5000, 0x5000, 0x07E0, 0x07E0, 0x07E0,
    0x07E0, 0x07E0, 0x07E0, 0x07E0, 0x07E0, 0x3165, 0x4207, 0x4207, 0x3165, 0x07E0, 0x07E0, 0x07E0,
    0x07E0, 0x07E0, 0x07E0, 0x07E0, 0x07E0, 0x07E0, 0x07E0, 0x07E0, 0x07E0, 0x07E0, 0x07E0, 0x07E0,
    0x07E0, 0x07E0, 0x07E0, 0x07E0, 0x07E0, 0x07E0, 0x07E0, 0x07E0, 0x07E0, 0x07E0, 0x07E0, 0x07E0,
    0x07E0, 0x3165, 0x07E0, 0x07E0, 0x07E0, 0x07E0, 0x07E0, 0x07E0, 0x07E0, 0x07E0, 0x07E0, 0x07E0,
    0x07E0, 0x07E0, 0x07E0, 0x07E0, 0x07E0, 0x07E0, 0x07E0, 0x3165, 0x3165, 0x07E0, 0x07E0, 0x5000,
    0x07E0, 0x07E0, 0x07E0, 0x07E0, 0x07E0, 0x07E0, 0x07E0, 0x07E0, 0x07E0, 0x07E0, 0x07E0, 0x07E0,
    0x3165, 0x3165, 0x07E0, 0x07E0, 0x07E0, 0x07E0, 0x07E0, 0x07E0, 0x07E0, 0x07E0, 0x07E0, 0x07E0,
    0x07E0, 0x07E0, 0x07E0, 0x07E0, 0x07E0, 0x07E0, 0x07E0, 0x07E0, 0x07E0, 0x07E0, 0x07E0, 0x07E0,
    0x07E0, 0x07E0, 0x07E0, 0x07E0, 0x07E0, 0x07E0, 0x07E0, 0x07E0, 0x07E0, 0x07E0, 0x07E0, 0x07E0,
    0x07E0, 0x07E0, 0x07E0, 0x07E0, 0x07E0, 0x07E0, 0x07E0, 0x07E0, 0x07E0, 0x07E0, 0x07E0, 0x3165,
    0x3165, 0x07E0, 0x07E0, 0x07E0, 0x07E0, 0x07E0, 0x07E0, 0x07E0, 0x07E0, 0x07E0, 0x07E0, 0x07E0,
    0x07E0, 0x07E0, 0x07E0, 0x07E0, 0x07E0, 0x3165, 0x07E0, 0x07E0, 0x07E0, 0x07E0, 0x07E0, 0x07E0,
    0x07E0, 0x07E0, 0x07E0, 0x07E0, 0x07E0, 0x07E0, 0x07E0, 0x07E0, 0x07E0, 0x07E0, 0x07E0, 0x07E0,
    0x07E0, 0x07E0, 0x07E0, 0x07E0, 0x07E0, 0x07E0, 0x07E0, 0x07E0, 0x07E0, 0x07E0, 0x07E0, 0x07E0,
    0x07E0, 0x07E0, 0x07E0, 0x07E0, 0x07E0, 0x07E0, 0x07E0, 0x07E0, 0x07E0, 0x07E0, 0x07E0, 0x07E0,
    0x07E0, 0x07E0, 0x07E0, 0x07E0, 0x07E0, 0x07E0, 0x07E0, 0x07E0, 0x07E0, 0x07E0, 0x07E0, 0x07E0,
    0x07E0, 0x07E0, 0x07E0, 0x07E0, 0x07E0, 0x07E0, 0x07E0, 0x07E0, 0x07E0, 0x07E0, 0x07E0, 0x07E0,
    0x07E0, 0x07E0, 0x07E0, 0x07E0, 0x07E0, 0x07E0, 0x07E0, 0x07E0, 0x07E0, 0x07E0, 0x07E0, 0x07E0,
    0x07E0, 0x07E0, 0x07E0, 0x07E0, 0x07E0, 0x07E0, 0x07E0, 0x07E0, 0x07E0, 0x07E0, 0x07E0, 0x07E0,
    0x07E0, 0x07E0, 0x07E0, 0x07E0, 0x07E0, 0x07E0, 0x07E0, 0x07E0, 0x07E0, 0x07E0, 0x07E0, 0x07E0,
    0x07E0, 0x07E0, 0x07E0, 0x07E0, 0x07E0, 0x07E0, 0x07E0, 0x07E0, 0x07E0, 0x07E0, 0x07E0, 0x07E0,
    0x07E0, 0x07E0, 0x07E0, 0x07E0, 0x07E0, 0x07E0, 0x07E0, 0x07E0, 0x07E0, 0x07E0, 0x07E0, 0x07E0,
    0x07E0, 0x07E0, 0x07E0, 0x07E0, 0x07E0, 0x07E0, 0x07E0, 0x07E0, 0x07E0, 0x07E0, 0x07E0, 0x07E0,
    0x07E0, 0x07E0, 0x07E0, 0x07E0, 0x07E0, 0x07E0, 0x07E0, 0x07E0, 0x07E0, 0x07E0, 0x07E0, 0x07E0,
    0x07E0, 0x07E0, 0x07E0, 0x07E0, 0x07E0, 0x07E0, 0x07E0, 0x07E0, 0x07E0, 0x07E0, 0x07E0, 0x07E0,
    0x07E0, 0x07E0, 0x07E0, 0x07E0, 0x07E0, 0x07E0, 0x07E0, 0x07E0, 0x07E0, 0x07E0, 0x07E0, 0x07E0,
    0x07E0, 0x07E0, 0x07E0, 0x07E0, 0x07E0, 0x07E0, 0x07E0, 0x07E0, 0x07E0, 0x07E0, 0x07E0, 0x07E0,
    0x07E0, 0x07E0, 0x07E0, 0x07E0, 0x07E0, 0x07E0, 0x07E0, 0x07E0, 0x07E0, 0x07E0, 0x07E0, 0x07E0,
    0x07E0, 0x07E0, 0x07E0, 0x07E0, 0x07E0, 0x07E0, 0x07E0, 0x07E0, 0x07E0, 0x07E0, 0x07E0, 0x07E0,
    0x07E0, 0x07E0, 0x07E0, 0x07E0,
};

/* Timeline frame 8 */
static const uint16_t broken_coffin_frame_8[] = {
    0x07E0, 0x07E0, 0x07E0, 0x07E0, 0x07E0, 0x07E0, 0x07E0, 0x07E0, 0x07E0, 0x07E0, 0x07E0, 0x07E0,
    0x07E0, 0x07E0, 0x07E0, 0x07E0, 0x07E0, 0x07E0, 0x07E0, 0x07E0, 0x07E0, 0x07E0, 0x07E0, 0x07E0,
    0x07E0, 0x07E0, 0x07E0, 0x07E0, 0x07E0, 0x07E0, 0x07E0, 0x07E0, 0x07E0, 0x07E0, 0x07E0, 0x07E0,
    0x07E0, 0x07E0, 0x07E0, 0x07E0, 0x07E0, 0x07E0, 0x07E0, 0x07E0, 0x07E0, 0x07E0, 0x07E0, 0x07E0,
    0x07E0, 0x07E0, 0x07E0, 0x07E0, 0x07E0, 0x07E0, 0x07E0, 0x07E0, 0x07E0, 0x07E0, 0x07E0, 0x07E0,
    0x07E0, 0x07E0, 0x07E0, 0x07E0, 0x07E0, 0x07E0, 0x07E0, 0x07E0, 0x07E0, 0x07E0, 0x07E0, 0x07E0,
    0x07E0, 0x07E0, 0x07E0, 0x07E0, 0x07E0, 0x07E0, 0x07E0, 0x07E0, 0x07E0, 0x07E0, 0x07E0, 0x07E0,
    0x07E0, 0x07E0, 0x07E0, 0x07E0, 0x07E0, 0x07E0, 0x07E0, 0x07E0, 0x07E0, 0x07E0, 0x07E0, 0x07E0,
    0x07E0, 0x07E0, 0x07E0, 0x07E0, 0x07E0, 0x07E0, 0x07E0, 0x07E0, 0x07E0, 0x07E0, 0x07E0, 0x07E0,
    0x07E0, 0x07E0, 0x07E0, 0x07E0, 0x07E0, 0x07E0, 0x07E0, 0x07E0, 0x07E0, 0x07E0, 0x07E0, 0x07E0,
    0x07E0, 0x07E0, 0x07E0, 0x07E0, 0x07E0, 0x07E0, 0x07E0, 0x07E0, 0x07E0, 0x07E0, 0x07E0, 0x07E0,
    0x07E0, 0x07E0, 0x07E0, 0x07E0, 0x07E0, 0x07E0, 0x07E0, 0x07E0, 0x07E0, 0x07E0, 0x07E0, 0x07E0,
    0x07E0, 0x07E0, 0x07E0, 0x07E0, 0x07E0, 0x07E0, 0x07E0, 0x07E0, 0x07E0, 0x07E0, 0x07E0, 0x07E0,
    0x07E0, 0x07E0, 0x07E0, 0x07E0, 0x07E0, 0x07E0, 0x07E0, 0x07E0, 0x07E0, 0x07E0, 0x07E0, 0x07E0,
    0x07E0, 0x07E0, 0x07E0, 0x07E0, 0x07E0, 0x07E0, 0x07E0, 0x07E0, 0x07E0, 0x07E0, 0x07E0, 0x07E0,
    0x07E0, 0x07E0, 0x07E0, 0x07E0, 0x07E0, 0x07E0, 0x07E0, 0x07E0, 0x07E0, 0x07E0, 0x07E0, 0x07E0,
    0x07E0, 0x07E0, 0x07E0, 0x07E0, 0x07E0, 0x07E0, 0x07E0, 0x07E0, 0x07E0, 0x07E0, 0x07E0, 0x07E0,
    0x07E0, 0x07E0, 0x07E0, 0x07E0, 0x07E0, 0x07E0, 0x07E0, 0x07E0, 0x07E0, 0x07E0, 0x07E0, 0x07E0,
    0x07E0, 0x07E0, 0x07E0, 0x07E0, 0x07E0, 0x07E0, 0x07E0, 0x07E0, 0x07E0, 0x07E0, 0x07E0, 0x07E0,
    0x07E0, 0x07E0, 0x07E0, 0x07E0, 0x07E0, 0x07E0, 0x07E0, 0x07E0, 0x07E0, 0x07E0, 0x07E0, 0x07E0,
    0x07E0, 0x07E0, 0x07E0, 0x07E0, 0x07E0, 0x07E0, 0x07E0, 0x07E0, 0x07E0, 0x07E0, 0x07E0, 0x07E0,
    0x07E0, 0x07E0, 0x07E0, 0x07E0, 0x07E0, 0x07E0, 0x07E0, 0x07E0, 0x07E0, 0x07E0, 0x07E0, 0x07E0,
    0x07E0, 0x07E0, 0x07E0, 0x07E0, 0x07E0, 0x07E0, 0x07E0, 0x07E0, 0x07E0, 0x07E0, 0x07E0, 0x07E0,
    0x07E0, 0x07E0, 0x07E0, 0x07E0, 0x07E0, 0x07E0, 0x07E0, 0x07E0, 0x07E0, 0x07E0, 0x07E0, 0x07E0,
    0x07E0, 0x07E0, 0x07E0, 0x07E0, 0x07E0, 0x07E0, 0x07E0, 0x07E0, 0x07E0, 0x07E0, 0x07E0, 0x07E0,
    0x07E0, 0x07E0, 0x07E0, 0x07E0, 0x07E0, 0x07E0, 0x07E0, 0x07E0, 0x07E0, 0x07E0, 0x07E0, 0x07E0,
    0x07E0, 0x07E0, 0x07E0, 0x07E0, 0x07E0, 0x07E0, 0x07E0, 0x07E0, 0x07E0, 0x07E0, 0x07E0, 0x07E0,
    0x07E0, 0x07E0, 0x07E0, 0x07E0, 0x07E0, 0x07E0, 0x07E0, 0x07E0, 0x07E0, 0x07E0, 0x07E0, 0x07E0,
    0x07E0, 0x07E0, 0x07E0, 0x07E0, 0x07E0, 0x07E0, 0x07E0, 0x07E0, 0x07E0, 0x07E0, 0x07E0, 0x07E0,
    0x07E0, 0x07E0, 0x07E0, 0x07E0, 0x07E0, 0x07E0, 0x07E0, 0x07E0, 0x07E0, 0x07E0, 0x07E0, 0x07E0,
    0x07E0, 0x07E0, 0x07E0, 0x07E0, 0x07E0, 0x07E0, 0x07E0, 0x07E0, 0x07E0, 0x07E0, 0x07E0, 0x07E0,
    0x07E0, 0x07E0, 0x07E0, 0x07E0, 0x07E0, 0x07E0, 0x07E0, 0x07E0, 0x07E0, 0x07E0, 0x07E0, 0x07E0,
    0x07E0, 0x07E0, 0x07E0, 0x07E0, 0x07E0, 0x07E0, 0x07E0, 0x07E0, 0x07E0, 0x07E0, 0x07E0, 0x07E0,
    0x07E0, 0x07E0, 0x07E0, 0x07E0, 0x07E0, 0x07E0, 0x07E0, 0x07E0, 0x07E0, 0x07E0, 0x07E0, 0x07E0,
    0x07E0, 0x07E0, 0x07E0, 0x07E0, 0x07E0, 0x07E0, 0x07E0, 0x07E0, 0x07E0, 0x07E0, 0x07E0, 0x07E0,
    0x07E0, 0x07E0, 0x07E0, 0x07E0, 0x07E0, 0x07E0, 0x07E0, 0x07E0, 0x07E0, 0x07E0, 0x07E0, 0x07E0,
    0x07E0, 0x07E0, 0x07E0, 0x07E0, 0x07E0, 0x07E0, 0x07E0, 0x07E0, 0x07E0, 0x07E0, 0x07E0, 0x07E0,
    0x07E0, 0x07E0, 0x07E0, 0x07E0, 0x07E0, 0x07E0, 0x07E0, 0x07E0, 0x07E0, 0x07E0, 0x07E0, 0x07E0,
    0x07E0, 0x07E0, 0x07E0, 0x07E0, 0x07E0, 0x07E0, 0x07E0, 0x07E0, 0x07E0, 0x07E0, 0x07E0, 0x07E0,
    0x07E0, 0x07E0, 0x07E0, 0x07E0, 0x07E0, 0x07E0, 0x07E0, 0x07E0, 0x07E0, 0x07E0, 0x07E0, 0x07E0,
    0x07E0, 0x07E0, 0x07E0, 0x07E0, 0x07E0, 0x07E0, 0x07E0, 0x07E0, 0x07E0, 0x07E0, 0x07E0, 0x07E0,
    0x07E0, 0x07E0, 0x07E0, 0x07E0, 0x07E0, 0x07E0, 0x07E0, 0x07E0, 0x07E0, 0x07E0, 0x07E0, 0x07E0,
    0x07E0, 0x07E0, 0x07E0, 0x07E0, 0x07E0, 0x07E0, 0x07E0, 0x07E0, 0x07E0, 0x07E0, 0x07E0, 0x07E0,
    0x07E0, 0x07E0, 0x07E0, 0x07E0, 0x07E0, 0x07E0, 0x07E0, 0x07E0, 0x07E0, 0x07E0, 0x07E0, 0x07E0,
    0x07E0, 0x07E0, 0x07E0, 0x07E0, 0x07E0, 0x07E0, 0x07E0, 0x07E0, 0x07E0, 0x07E0, 0x07E0, 0x07E0,
    0x07E0, 0x07E0, 0x07E0, 0x07E0, 0x07E0, 0x07E0, 0x07E0, 0x07E0, 0x07E0, 0x07E0, 0x07E0, 0x07E0,
    0x07E0, 0x07E0, 0x07E0, 0x07E0, 0x07E0, 0x07E0, 0x07E0, 0x07E0, 0x07E0, 0x07E0, 0x07E0, 0x07E0,
    0x07E0, 0x07E0, 0x07E0, 0x07E0, 0x07E0, 0x07E0, 0x07E0, 0x07E0, 0x07E0, 0x07E0, 0x07E0, 0x07E0,
    0x07E0, 0x07E0, 0x07E0, 0x07E0, 0x07E0, 0x07E0, 0x07E0, 0x07E0, 0x07E0, 0x07E0, 0x07E0, 0x07E0,
    0x07E0, 0x07E0, 0x07E0, 0x07E0, 0x07E0, 0x07E0, 0x07E0, 0x07E0, 0x07E0, 0x07E0, 0x07E0, 0x07E0,
    0x07E0, 0x07E0, 0x07E0, 0x07E0, 0x07E0, 0x07E0, 0x07E0, 0x07E0, 0x07E0, 0x07E0, 0x07E0, 0x07E0,
    0x07E0, 0x07E0, 0x07E0, 0x07E0, 0x07E0, 0x07E0, 0x07E0, 0x07E0, 0x07E0, 0x07E0, 0x07E0, 0x07E0,
    0x07E0, 0x07E0, 0x07E0, 0x07E0, 0x07E0, 0x07E0, 0x07E0, 0x07E0, 0x07E0, 0x07E0, 0x07E0, 0x07E0,
    0x07E0, 0x07E0, 0x07E0, 0x07E0, 0x07E0, 0x07E0, 0x07E0, 0x07E0, 0x07E0, 0x07E0, 0x07E0, 0x07E0,
    0x07E0, 0x07E0, 0x07E0, 0x07E0, 0x07E0, 0x07E0, 0x07E0, 0x07E0, 0x07E0, 0x07E0, 0x07E0, 0x07E0,
    0x07E0, 0x07E0, 0x07E0, 0x07E0, 0x07E0, 0x07E0, 0x07E0, 0x07E0, 0x07E0, 0x07E0, 0x07E0, 0x07E0,
    0x07E0, 0x07E0, 0x07E0, 0x07E0, 0x07E0, 0x07E0, 0x07E0, 0x07E0, 0x07E0, 0x07E0, 0x07E0, 0x07E0,
    0x07E0, 0x07E0, 0x07E0, 0x07E0, 0x07E0, 0x07E0, 0x07E0, 0x07E0, 0x07E0, 0x07E0, 0x07E0, 0x07E0,
    0x07E0, 0x07E0, 0x07E0, 0x07E0, 0x07E0, 0x07E0, 0x07E0, 0x07E0, 0x07E0, 0x07E0, 0x07E0, 0x07E0,
    0x07E0, 0x07E0, 0x07E0, 0x07E0, 0x07E0, 0x07E0, 0x07E0, 0x07E0, 0x07E0, 0x07E0, 0x07E0, 0x07E0,
    0x07E0, 0x07E0, 0x07E0, 0x07E0, 0x07E0, 0x07E0, 0x07E0, 0x07E0, 0x07E0, 0x07E0, 0x07E0, 0x07E0,
    0x07E0, 0x07E0, 0x07E0, 0x07E0, 0x07E0, 0x07E0, 0x07E0, 0x07E0, 0x07E0, 0x07E0, 0x07E0, 0x07E0,
    0x07E0, 0x07E0, 0x07E0, 0x07E0, 0x07E0, 0x07E0, 0x07E0, 0x07E0, 0x07E0, 0x07E0, 0x07E0, 0x07E0,
    0x07E0, 0x07E0, 0x07E0, 0x07E0, 0x07E0, 0x07E0, 0x07E0, 0x07E0, 0x07E0, 0x07E0, 0x07E0, 0x07E0,
    0x07E0, 0x07E0, 0x07E0, 0x07E0, 0x07E0, 0x07E0, 0x07E0, 0x07E0, 0x07E0, 0x07E0, 0x07E0, 0x07E0,
    0x07E0, 0x07E0, 0x07E0, 0x07E0, 0x07E0, 0x07E0, 0x07E0, 0x07E0, 0x07E0, 0x07E0, 0x07E0, 0x07E0,
    0x07E0, 0x07E0, 0x07E0, 0x07E0, 0x07E0, 0x07E0, 0x07E0, 0x07E0, 0x07E0, 0x07E0, 0x07E0, 0x07E0,
    0x07E0, 0x07E0, 0x07E0, 0x07E0, 0x07E0, 0x07E0, 0x07E0, 0x07E0, 0x07E0, 0x07E0, 0x07E0, 0x07E0,
    0x07E0, 0x07E0, 0x07E0, 0x07E0, 0x07E0, 0x07E0, 0x07E0, 0x07E0, 0x07E0, 0x07E0, 0x07E0, 0x07E0,
    0x07E0, 0x07E0, 0x07E0, 0x07E0, 0x07E0, 0x07E0, 0x07E0, 0x07E0, 0x07E0, 0x07E0, 0x07E0, 0x07E0,
    0x07E0, 0x07E0, 0x07E0, 0x07E0, 0x07E0, 0x07E0, 0x07E0, 0x07E0, 0x07E0, 0x07E0, 0x07E0, 0x07E0,
    0x07E0, 0x07E0, 0x07E0, 0x07E0, 0x07E0, 0x07E0, 0x07E0, 0x07E0, 0x07E0, 0x07E0, 0x07E0, 0x07E0,
    0x07E0, 0x07E0, 0x07E0, 0x07E0, 0x07E0, 0x07E0, 0x07E0, 0x07E0, 0x07E0, 0x07E0, 0x07E0, 0x07E0,
    0x07E0, 0x07E0, 0x07E0, 0x07E0, 0x07E0, 0x07E0, 0x07E0, 0x07E0, 0x07E0, 0x07E0, 0x07E0, 0x07E0,
    0x07E0, 0x07E0, 0x07E0, 0x07E0, 0x07E0, 0x07E0, 0x07E0, 0x07E0, 0x07E0, 0x07E0, 0x07E0, 0x07E0,
    0x07E0, 0x07E0, 0x07E0, 0x07E0, 0x07E0, 0x07E0, 0x07E0, 0x07E0, 0x07E0, 0x07E0, 0x07E0, 0x07E0,
    0x07E0, 0x07E0, 0x07E0, 0x07E0, 0x07E0, 0x07E0, 0x07E0, 0x07E0, 0x07E0, 0x07E0, 0x07E0, 0x07E0,
    0x07E0, 0x07E0, 0x07E0, 0x07E0, 0x07E0, 0x07E0, 0x07E0, 0x07E0, 0x07E0, 0x07E0, 0x07E0, 0x07E0,
    0x07E0, 0x07E0, 0x07E0, 0x07E0, 0x07E0, 0x07E0, 0x07E0, 0x07E0, 0x07E0, 0x07E0, 0x07E0, 0x07E0,
    0x07E0, 0x07E0, 0x07E0, 0x07E0, 0x07E0, 0x07E0, 0x07E0, 0x07E0, 0x07E0, 0x07E0, 0x07E0, 0x07E0,
    0x07E0, 0x07E0, 0x07E0, 0x07E0, 0x07E0, 0x07E0, 0x07E0, 0x07E0, 0x07E0, 0x07E0, 0x07E0, 0x07E0,
    0x07E0, 0x07E0, 0x07E0, 0x07E0, 0x07E0, 0x07E0, 0x07E0, 0x07E0, 0x07E0, 0x07E0, 0x07E0, 0x07E0,
    0x07E0, 0x07E0, 0x07E0, 0x07E0, 0x07E0, 0x07E0, 0x07E0, 0x07E0, 0x07E0, 0x07E0, 0x07E0, 0x07E0,
    0x07E0, 0x07E0, 0x07E0, 0x07E0, 0x07E0, 0x07E0, 0x07E0, 0x07E0, 0x07E0, 0x07E0, 0x07E0, 0x07E0,
    0x07E0, 0x07E0, 0x07E0, 0x07E0, 0x07E0, 0x07E0, 0x07E0, 0x07E0, 0x07E0, 0x07E0, 0x07E0, 0x07E0,
    0x07E0, 0x07E0, 0x07E0, 0x07E0, 0x07E0, 0x07E0, 0x07E0, 0x07E0, 0x07E0, 0x07E0, 0x07E0, 0x07E0,
    0x07E0, 0x07E0, 0x07E0, 0x07E0, 0x07E0, 0x07E0, 0x07E0, 0x07E0, 0x07E0, 0x07E0, 0x07E0, 0x07E0,
    0x07E0, 0x07E0, 0x07E0, 0x07E0, 0x07E0, 0x07E0, 0x07E0, 0x07E0, 0x07E0, 0x07E0, 0x07E0, 0x07E0,
    0x07E0, 0x07E0, 0x07E0, 0x07E0, 0x07E0, 0x07E0, 0x07E0, 0x07E0, 0x07E0, 0x07E0, 0x07E0, 0x07E0,
    0x07E0, 0x07E0, 0x07E0, 0x07E0, 0x07E0, 0x07E0, 0x07E0, 0x07E0, 0x07E0, 0x07E0, 0x07E0, 0x07E0,
    0x07E0, 0x07E0, 0x07E0, 0x07E0, 0x07E0, 0x07E0, 0x07E0, 0x07E0, 0x07E0, 0x07E0, 0x07E0, 0x07E0,
    0x07E0, 0x07E0, 0x07E0, 0x07E0, 0x07E0, 0x07E0, 0x07E0, 0x07E0, 0x07E0, 0x07E0, 0x07E0, 0x07E0,
    0x07E0, 0x07E0, 0x07E0, 0x07E0, 0x07E0, 0x07E0, 0x07E0, 0x07E0, 0x07E0, 0x07E0, 0x07E0, 0x07E0,
    0x07E0, 0x07E0, 0x07E0, 0x07E0, 0x07E0, 0x07E0, 0x07E0, 0x07E0, 0x07E0, 0x07E0, 0x07E0, 0x07E0,
    0x07E0, 0x07E0, 0x07E0, 0x07E0, 0x07E0, 0x07E0, 0x07E0, 0x07E0, 0x07E0, 0x07E0, 0x07E0, 0x07E0,
    0x07E0, 0x07E0, 0x07E0, 0x07E0, 0x07E0, 0x07E0, 0x07E0, 0x07E0, 0x07E0, 0x07E0, 0x07E0, 0x07E0,
    0x07E0, 0x07E0, 0x07E0, 0x07E0, 0x07E0, 0x07E0, 0x07E0, 0x07E0, 0x07E0, 0x07E0, 0x07E0, 0x07E0,
    0x07E0, 0x07E0, 0x07E0, 0x07E0, 0x07E0, 0x07E0, 0x07E0, 0x07E0, 0x07E0, 0x07E0, 0x07E0, 0x07E0,
    0x07E0, 0x07E0, 0x07E0, 0x07E0, 0x07E0, 0x07E0, 0x07E0, 0x07E0, 0x07E0, 0x07E0, 0x07E0, 0x07E0,
    0x07E0, 0x07E0, 0x07E0, 0x07E0, 0x07E0, 0x07E0, 0x07E0, 0x07E0, 0x07E0, 0x07E0, 0x07E0, 0x07E0,
    0x07E0, 0x07E0, 0x07E0, 0x07E0, 0x07E0, 0x07E0, 0x07E0, 0x07E0, 0x07E0, 0x07E0, 0x07E0, 0x07E0,
    0x07E0, 0x07E0, 0x07E0, 0x07E0, 0x07E0, 0x07E0, 0x07E0, 0x07E0, 0x07E0, 0x07E0, 0x07E0, 0x07E0,
    0x07E0, 0x07E0, 0x07E0, 0x07E0, 0x07E0, 0x07E0, 0x07E0, 0x07E0, 0x07E0, 0x07E0, 0x07E0, 0x07E0,
    0x07E0, 0x07E0, 0x07E0, 0x07E0, 0x07E0, 0x07E0, 0x07E0, 0x07E0, 0x07E0, 0x07E0, 0x07E0, 0x07E0,
    0x07E0, 0x07E0, 0x07E0, 0x07E0, 0x07E0, 0x07E0, 0x07E0, 0x07E0, 0x07E0, 0x07E0, 0x07E0, 0x07E0,
    0x07E0, 0x07E0, 0x07E0, 0x07E0, 0x07E0, 0x07E0, 0x07E0, 0x07E0, 0x07E0, 0x07E0, 0x07E0, 0x07E0,
    0x07E0, 0x07E0, 0x07E0, 0x07E0, 0x07E0, 0x07E0, 0x07E0, 0x07E0, 0x07E0, 0x07E0, 0x07E0, 0x07E0,
    0x07E0, 0x07E0, 0x07E0, 0x07E0, 0x07E0, 0x07E0, 0x07E0, 0x07E0, 0x07E0, 0x07E0, 0x07E0, 0x07E0,
    0x07E0, 0x07E0, 0x07E0, 0x07E0, 0x07E0, 0x07E0, 0x07E0, 0x07E0, 0x07E0, 0x07E0, 0x07E0, 0x07E0,
    0x07E0, 0x07E0, 0x07E0, 0x07E0, 0x07E0, 0x07E0, 0x07E0, 0x07E0, 0x07E0, 0x07E0, 0x07E0, 0x07E0,
    0x07E0, 0x07E0, 0x07E0, 0x07E0, 0x07E0, 0x07E0, 0x07E0, 0x07E0, 0x07E0, 0x07E0, 0x07E0, 0x07E0,
    0x07E0, 0x07E0, 0x07E0, 0x07E0, 0x07E0, 0x07E0, 0x07E0, 0x07E0, 0x07E0, 0x07E0, 0x07E0, 0x07E0,
    0x07E0, 0x07E0, 0x07E0, 0x07E0, 0x07E0, 0x07E0, 0x07E0, 0x07E0, 0x07E0, 0x07E0, 0x07E0, 0x07E0,
    0x07E0, 0x07E0, 0x07E0, 0x07E0, 0x07E0, 0x07E0, 0x07E0, 0x07E0, 0x07E0, 0x07E0, 0x07E0, 0x07E0,
    0x07E0, 0x07E0, 0x07E0, 0x07E0, 0x07E0, 0x07E0, 0x07E0, 0x07E0, 0x07E0, 0x07E0, 0x07E0, 0x07E0,
    0x07E0, 0x07E0, 0x07E0, 0x07E0, 0x07E0, 0x07E0, 0x07E0, 0x07E0, 0x07E0, 0x07E0, 0x07E0, 0x07E0,
    0x07E0, 0x07E0, 0x07E0, 0x07E0, 0x07E0, 0x07E0, 0x07E0, 0x07E0, 0x07E0, 0x07E0, 0x07E0, 0x07E0,
    0x07E0, 0x07E0, 0x07E0, 0x07E0, 0x07E0, 0x07E0, 0x07E0, 0x07E0, 0x07E0, 0x07E0, 0x07E0, 0x07E0,
    0x07E0, 0x07E0, 0x07E0, 0x07E0, 0x07E0, 0x07E0, 0x07E0, 0x07E0, 0x07E0, 0x07E0, 0x07E0, 0x07E0,
    0x07E0, 0x07E0, 0x07E0, 0x07E0, 0x07E0, 0x07E0, 0x07E0, 0x07E0, 0x07E0, 0x07E0, 0x07E0, 0x07E0,
    0x07E0, 0x07E0, 0x07E0, 0x07E0, 0x07E0, 0x07E0, 0x07E0, 0x07E0, 0x07E0, 0x07E0, 0x07E0, 0x07E0,
    0x07E0, 0x07E0, 0x07E0, 0x07E0, 0x07E0, 0x07E0, 0x07E0, 0x07E0, 0x07E0, 0x07E0, 0x07E0, 0x07E0,
    0x07E0, 0x07E0, 0x07E0, 0x07E0, 0x07E0, 0x07E0, 0x07E0, 0x07E0, 0x07E0, 0x07E0, 0x07E0, 0x07E0,
    0x07E0, 0x07E0, 0x07E0, 0x07E0, 0x07E0, 0x07E0, 0x07E0, 0x07E0, 0x07E0, 0x07E0, 0x07E0, 0x07E0,
    0x07E0, 0x07E0, 0x07E0, 0x07E0, 0x07E0, 0x07E0, 0x07E0, 0x07E0, 0x07E0, 0x07E0, 0x07E0, 0x07E0,
    0x07E0, 0x07E0, 0x07E0, 0x07E0, 0x07E0, 0x07E0, 0x07E0, 0x07E0, 0x07E0, 0x07E0, 0x07E0, 0x07E0,
    0x07E0, 0x07E0, 0x07E0, 0x07E0, 0x07E0, 0x07E0, 0x07E0, 0x07E0, 0x07E0, 0x07E0, 0x07E0, 0x07E0,
    0x07E0, 0x07E0, 0x07E0, 0x07E0, 0x07E0, 0x07E0, 0x07E0, 0x07E0, 0x07E0, 0x07E0, 0x07E0, 0x07E0,
    0x07E0, 0x07E0, 0x07E0, 0x07E0, 0x07E0, 0x07E0, 0x07E0, 0x07E0, 0x07E0, 0x07E0, 0x07E0, 0x07E0,
    0x07E0, 0x07E0, 0x07E0, 0x07E0, 0x07E0, 0x07E0, 0x07E0, 0x07E0, 0x07E0, 0x07E0, 0x07E0, 0x07E0,
    0x07E0, 0x07E0, 0x07E0, 0x07E0, 0x07E0, 0x07E0, 0x07E0, 0x07E0, 0x07E0, 0x07E0, 0x07E0, 0x07E0,
    0x07E0, 0x07E0, 0x07E0, 0x07E0, 0x07E0, 0x07E0, 0x07E0, 0x07E0, 0x07E0, 0x07E0, 0x07E0, 0x07E0,
    0x07E0, 0x07E0, 0x07E0, 0x07E0, 0x07E0, 0x07E0, 0x07E0, 0x07E0, 0x07E0, 0x07E0, 0x07E0, 0x07E0,
    0x07E0, 0x07E0, 0x07E0, 0x07E0, 0x07E0, 0x07E0, 0x07E0, 0x07E0, 0x07E0, 0x07E0, 0x07E0, 0x07E0,
    0x07E0, 0x07E0, 0x07E0, 0x07E0, 0x07E0, 0x07E0, 0x07E0, 0x07E0, 0x07E0, 0x07E0, 0x07E0, 0x07E0,
    0x07E0, 0x07E0, 0x07E0, 0x07E0, 0x07E0, 0x07E0, 0x07E0, 0x07E0, 0x07E0, 0x07E0, 0x07E0, 0x07E0,
    0x07E0, 0x07E0, 0x07E0, 0x07E0, 0x07E0, 0x07E0, 0x07E0, 0x07E0, 0x07E0, 0x07E0, 0x07E0, 0x07E0,
    0x07E0, 0x07E0, 0x07E0, 0x07E0, 0x07E0, 0x07E0, 0x07E0, 0x07E0, 0x07E0, 0x07E0, 0x07E0, 0x07E0,
    0x07E0, 0x07E0, 0x07E0, 0x07E0, 0x07E0, 0x07E0, 0x07E0, 0x07E0, 0x07E0, 0x07E0, 0x07E0, 0x07E0,
    0x07E0, 0x07E0, 0x07E0, 0x07E0, 0x07E0, 0x07E0, 0x07E0, 0x07E0, 0x07E0, 0x07E0, 0x07E0, 0x07E0,
    0x07E0, 0x07E0, 0x07E0, 0x07E0, 0x07E0, 0x07E0, 0x07E0, 0x07E0, 0x07E0, 0x07E0, 0x07E0, 0x07E0,
    0x07E0, 0x07E0, 0x07E0, 0x07E0, 0x07E0, 0x07E0, 0x07E0, 0x07E0, 0x07E0, 0x07E0, 0x07E0, 0x07E0,
    0x07E0, 0x07E0, 0x07E0, 0x07E0, 0x07E0, 0x07E0, 0x07E0, 0x07E0, 0x07E0, 0x07E0, 0x07E0, 0x07E0,
    0x07E0, 0x07E0, 0x07E0, 0x07E0, 0x07E0, 0x07E0, 0x07E0, 0x07E0, 0x07E0, 0x07E0, 0x07E0, 0x07E0,
    0x07E0, 0x07E0, 0x07E0, 0x07E0, 0x07E0, 0x07E0, 0x07E0, 0x07E0, 0x07E0, 0x07E0, 0x07E0, 0x07E0,
    0x07E0, 0x07E0, 0x07E0, 0x07E0, 0x07E0, 0x07E0, 0x07E0, 0x07E0, 0x07E0, 0x07E0, 0x07E0, 0x07E0,
    0x07E0, 0x07E0, 0x07E0, 0x07E0, 0x07E0, 0x07E0, 0x07E0, 0x07E0, 0x07E0, 0x07E0, 0x07E0, 0x07E0,
    0x07E0, 0x07E0, 0x07E0, 0x07E0, 0x07E0, 0x07E0, 0x07E0, 0x07E0, 0x07E0, 0x07E0, 0x07E0, 0x07E0,
    0x07E0, 0x07E0, 0x07E0, 0x07E0, 0x07E0, 0x07E0, 0x07E0, 0x07E0, 0x07E0, 0x07E0, 0x07E0, 0x07E0,
    0x07E0, 0x07E0, 0x07E0, 0x07E0, 0x07E0, 0x07E0, 0x07E0, 0x07E0, 0x07E0, 0x07E0, 0x07E0, 0x07E0,
    0x07E0, 0x07E0, 0x07E0, 0x07E0, 0x07E0, 0x07E0, 0x07E0, 0x07E0, 0x07E0, 0x07E0, 0x07E0, 0x07E0,
    0x07E0, 0x07E0, 0x07E0, 0x07E0, 0x07E0, 0x07E0, 0x07E0, 0x07E0, 0x07E0, 0x07E0, 0x07E0, 0x07E0,
    0x07E0, 0x07E0, 0x07E0, 0x07E0, 0x07E0, 0x07E0, 0x07E0, 0x07E0, 0x07E0, 0x07E0, 0x07E0, 0x07E0,
    0x07E0, 0x07E0, 0x07E0, 0x07E0, 0x07E0, 0x07E0, 0x07E0, 0x07E0, 0x07E0, 0x07E0, 0x07E0, 0x07E0,
    0x07E0, 0x07E0, 0x07E0, 0x07E0, 0x07E0, 0x07E0, 0x07E0, 0x07E0, 0x07E0, 0x07E0, 0x07E0, 0x07E0,
    0x07E0, 0x07E0, 0x07E0, 0x07E0, 0x07E0, 0x07E0, 0x07E0, 0x07E0, 0x07E0, 0x07E0, 0x07E0, 0x07E0,
    0x07E0, 0x07E0, 0x07E0, 0x07E0, 0x07E0, 0x07E0, 0x07E0, 0x07E0, 0x07E0, 0x07E0, 0x07E0, 0x07E0,
    0x07E0, 0x07E0, 0x07E0, 0x07E0, 0x07E0, 0x07E0, 0x07E0, 0x07E0, 0x07E0, 0x07E0, 0x07E0, 0x07E0,
    0x07E0, 0x07E0, 0x07E0, 0x07E0, 0x07E0, 0x07E0, 0x07E0, 0x07E0, 0x07E0, 0x07E0, 0x07E0, 0x07E0,
    0x07E0, 0x07E0, 0x07E0, 0x07E0, 0x07E0, 0x07E0, 0x07E0, 0x07E0, 0x07E0, 0x07E0, 0x07E0, 0x07E0,
    0x07E0, 0x07E0, 0x07E0, 0x07E0, 0x07E0, 0x07E0, 0x07E0, 0x07E0, 0x07E0, 0x07E0, 0x07E0, 0x07E0,
    0x07E0, 0x07E0, 0x07E0, 0x07E0, 0x07E0, 0x07E0, 0x07E0, 0x07E0, 0x07E0, 0x07E0, 0x07E0, 0x07E0,
    0x07E0, 0x07E0, 0x07E0, 0x07E0, 0x07E0, 0x07E0, 0x07E0, 0x07E0, 0x07E0, 0x07E0, 0x07E0, 0x07E0,
    0x07E0, 0x07E0, 0x07E0, 0x07E0, 0x07E0, 0x07E0, 0x07E0, 0x07E0, 0x07E0, 0x07E0, 0x07E0, 0x07E0,
    0x07E0, 0x07E0, 0x07E0, 0x07E0, 0x07E0, 0x07E0, 0x07E0, 0x07E0, 0x07E0, 0x07E0, 0x07E0, 0x07E0,
    0x07E0, 0x07E0, 0x07E0, 0x07E0, 0x07E0, 0x07E0, 0x07E0, 0x07E0, 0x07E0, 0x07E0, 0x07E0, 0x07E0,
    0x07E0, 0x07E0, 0x07E0, 0x07E0, 0x07E0, 0x07E0, 0x07E0, 0x07E0, 0x07E0, 0x07E0, 0x07E0, 0x07E0,
    0x07E0, 0x07E0, 0x07E0, 0x07E0, 0x07E0, 0x07E0, 0x07E0, 0x07E0, 0x07E0, 0x07E0, 0x07E0, 0x07E0,
    0x07E0, 0x07E0, 0x07E0, 0x07E0, 0x07E0, 0x07E0, 0x07E0, 0x07E0, 0x07E0, 0x07E0, 0x07E0, 0x07E0,
    0x07E0, 0x07E0, 0x07E0, 0x07E0, 0x07E0, 0x07E0, 0x07E0, 0x07E0, 0x07E0, 0x07E0, 0x07E0, 0x07E0,
    0x07E0, 0x07E0, 0x07E0, 0x07E0, 0x07E0, 0x07E0, 0x07E0, 0x07E0, 0x07E0, 0x07E0, 0x07E0, 0x07E0,
    0x07E0, 0x07E0, 0x07E0, 0x07E0, 0x07E0, 0x07E0, 0x07E0, 0x07E0, 0x07E0, 0x07E0, 0x07E0, 0x07E0,
    0x07E0, 0x07E0, 0x07E0, 0x07E0, 0x07E0, 0x07E0, 0x07E0, 0x07E0, 0x07E0, 0x07E0, 0x07E0, 0x07E0,
    0x07E0, 0x07E0, 0x07E0, 0x07E0, 0x07E0, 0x07E0, 0x07E0, 0x07E0, 0x07E0, 0x07E0, 0x07E0, 0x07E0,
    0x07E0, 0x07E0, 0x07E0, 0x07E0, 0x07E0, 0x07E0, 0x07E0, 0x07E0, 0x07E0, 0x07E0, 0x07E0, 0x07E0,
    0x07E0, 0x07E0, 0x07E0, 0x07E0, 0x07E0, 0x07E0, 0x07E0, 0x07E0, 0x07E0, 0x07E0, 0x07E0, 0x07E0,
    0x07E0, 0x07E0, 0x07E0, 0x07E0, 0x07E0, 0x07E0, 0x07E0, 0x07E0, 0x07E0, 0x07E0, 0x07E0, 0x07E0,
    0x07E0, 0x07E0, 0x07E0, 0x07E0, 0x07E0, 0x07E0, 0x07E0, 0x07E0, 0x07E0, 0x07E0, 0x07E0, 0x07E0,
    0x07E0, 0x07E0, 0x07E0, 0x07E0, 0x07E0, 0x07E0, 0x07E0, 0x07E0, 0x07E0, 0x07E0, 0x07E0, 0x07E0,
    0x07E0, 0x07E0, 0x07E0, 0x07E0, 0x07E0, 0x07E0, 0x07E0, 0x07E0, 0x07E0, 0x07E0, 0x07E0, 0x07E0,
    0x07E0, 0x07E0, 0x07E0, 0x07E0, 0x07E0, 0x07E0, 0x07E0, 0x07E0, 0x07E0, 0x07E0, 0x07E0, 0x07E0,
    0x07E0, 0x07E0, 0x07E0, 0x07E0, 0x07E0, 0x07E0, 0x07E0, 0x07E0, 0x07E0, 0x07E0, 0x07E0, 0x07E0,
    0x07E0, 0x07E0, 0x07E0, 0x07E0, 0x07E0, 0x07E0, 0x07E0, 0x07E0, 0x07E0, 0x07E0, 0x07E0, 0x07E0,
    0x07E0, 0x07E0, 0x07E0, 0x07E0, 0x07E0, 0x07E0, 0x07E0, 0x07E0, 0x07E0, 0x07E0, 0x07E0, 0x07E0,
    0x07E0, 0x07E0, 0x07E0, 0x07E0, 0x07E0, 0x07E0, 0x07E0, 0x07E0, 0x07E0, 0x07E0, 0x07E0, 0x07E0,
    0x07E0, 0x07E0, 0x07E0, 0x07E0, 0x07E0, 0x07E0, 0x07E0, 0x07E0, 0x07E0, 0x07E0, 0x07E0, 0x07E0,
    0x07E0, 0x07E0, 0x07E0, 0x07E0, 0x07E0, 0x07E0, 0x07E0, 0x07E0, 0x07E0, 0x07E0, 0x07E0, 0x07E0,
    0x07E0, 0x07E0, 0x07E0, 0x07E0, 0x07E0, 0x07E0, 0x07E0, 0x07E0, 0x07E0, 0x07E0, 0x07E0, 0x07E0,
    0x07E0, 0x07E0, 0x07E0, 0x07E0, 0x07E0, 0x07E0, 0x07E0, 0x07E0, 0x07E0, 0x07E0, 0x07E0, 0x07E0,
    0x07E0, 0x07E0, 0x07E0, 0x07E0, 0x07E0, 0x07E0, 0x07E0, 0x07E0, 0x07E0, 0x07E0, 0x07E0, 0x07E0,
    0x07E0, 0x07E0, 0x07E0, 0x07E0, 0x07E0, 0x07E0, 0x07E0, 0x07E0, 0x07E0, 0x07E0, 0x07E0, 0x07E0,
    0x07E0, 0x07E0, 0x07E0, 0x07E0, 0x07E0, 0x07E0, 0x07E0, 0x07E0, 0x07E0, 0x07E0, 0x07E0, 0x07E0,
    0x07E0, 0x07E0, 0x07E0, 0x07E0, 0x07E0, 0x07E0, 0x07E0, 0x07E0, 0x07E0, 0x07E0, 0x07E0, 0x07E0,
    0x07E0, 0x07E0, 0x07E0, 0x07E0, 0x07E0, 0x07E0, 0x07E0, 0x07E0, 0x07E0, 0x07E0, 0x07E0, 0x07E0,
    0x07E0, 0x07E0, 0x07E0, 0x07E0, 0x07E0, 0x07E0, 0x07E0, 0x07E0, 0x07E0, 0x07E0, 0x07E0, 0x07E0,
    0x07E0, 0x07E0, 0x07E0, 0x07E0, 0x07E0, 0x07E0, 0x07E0, 0x07E0, 0x07E0, 0x07E0, 0x07E0, 0x07E0,
    0x07E0, 0x07E0, 0x07E0, 0x07E0, 0x07E0, 0x07E0, 0x07E0, 0x07E0, 0x07E0, 0x07E0, 0x07E0, 0x07E0,
    0x07E0, 0x07E0, 0x07E0, 0x07E0, 0x07E0, 0x07E0, 0x07E0, 0x07E0, 0x07E0, 0x07E0, 0x07E0, 0x07E0,
    0x07E0, 0x07E0, 0x07E0, 0x07E0, 0x07E0, 0x07E0, 0x07E0, 0x07E0, 0x07E0, 0x07E0, 0x07E0, 0x07E0,
    0x07E0, 0x07E0, 0x07E0, 0x07E0, 0x07E0, 0x07E0, 0x07E0, 0x07E0, 0x07E0, 0x07E0, 0x07E0, 0x07E0,
    0x07E0, 0x07E0, 0x07E0, 0x07E0, 0x07E0, 0x07E0, 0x07E0, 0x07E0, 0x07E0, 0x07E0, 0x07E0, 0x07E0,
    0x07E0, 0x07E0, 0x07E0, 0x07E0, 0x07E0, 0x07E0, 0x07E0, 0x07E0, 0x07E0, 0x07E0, 0x07E0, 0x07E0,
    0x07E0, 0x07E0, 0x07E0, 0x07E0, 0x07E0, 0x07E0, 0x07E0, 0x07E0, 0x07E0, 0x07E0, 0x07E0, 0x07E0,
    0x07E0, 0x07E0, 0x07E0, 0x07E0, 0x07E0, 0x07E0, 0x07E0, 0x07E0, 0x07E0, 0x07E0, 0x07E0, 0x07E0,
    0x07E0, 0x07E0, 0x07E0, 0x07E0, 0x07E0, 0x07E0, 0x07E0, 0x07E0, 0x07E0, 0x07E0, 0x07E0, 0x07E0,
    0x07E0, 0x07E0, 0x07E0, 0x07E0, 0x07E0, 0x07E0, 0x07E0, 0x07E0, 0x07E0, 0x07E0, 0x07E0, 0x07E0,
    0x07E0, 0x07E0, 0x07E0, 0x07E0, 0x07E0, 0x07E0, 0x07E0, 0x07E0, 0x07E0, 0x07E0, 0x07E0, 0x07E0,
    0x07E0, 0x07E0, 0x07E0, 0x07E0, 0x07E0, 0x07E0, 0x07E0, 0x07E0, 0x07E0, 0x07E0, 0x07E0, 0x07E0,
    0x07E0, 0x07E0, 0x07E0, 0x07E0, 0x07E0, 0x07E0, 0x07E0, 0x07E0, 0x07E0, 0x07E0, 0x07E0, 0x07E0,
    0x07E0, 0x07E0, 0x07E0, 0x07E0, 0x07E0, 0x07E0, 0x07E0, 0x07E0, 0x07E0, 0x07E0, 0x07E0, 0x07E0,
    0x07E0, 0x07E0, 0x07E0, 0x07E0, 0x07E0, 0x07E0, 0x07E0, 0x07E0, 0x07E0, 0x07E0, 0x07E0, 0x07E0,
    0x07E0, 0x07E0, 0x07E0, 0x07E0, 0x07E0, 0x07E0, 0x07E0, 0x07E0, 0x07E0, 0x07E0, 0x07E0, 0x07E0,
    0x07E0, 0x07E0, 0x07E0, 0x07E0, 0x07E0, 0x07E0, 0x07E0, 0x07E0, 0x07E0, 0x07E0, 0x07E0, 0x07E0,
    0x07E0, 0x07E0, 0x07E0, 0x07E0, 0x07E0, 0x07E0, 0x07E0, 0x07E0, 0x07E0, 0x07E0, 0x07E0, 0x07E0,
    0x07E0, 0x07E0, 0x07E0, 0x07E0, 0x07E0, 0x07E0, 0x07E0, 0x07E0, 0x07E0, 0x07E0, 0x07E0, 0x07E0,
    0x07E0, 0x07E0, 0x07E0, 0x07E0, 0x07E0, 0x07E0, 0x07E0, 0x07E0, 0x07E0, 0x07E0, 0x07E0, 0x07E0,
    0x07E0, 0x07E0, 0x07E0, 0x07E0, 0x07E0, 0x07E0, 0x07E0, 0x07E0, 0x07E0, 0x07E0, 0x07E0, 0x07E0,
    0x07E0, 0x07E0, 0x07E0, 0x07E0, 0x07E0, 0x07E0, 0x07E0, 0x07E0, 0x07E0, 0x07E0, 0x07E0, 0x07E0,
    0x07E0, 0x07E0, 0x07E0, 0x07E0, 0x07E0, 0x07E0, 0x07E0, 0x07E0, 0x07E0, 0x07E0, 0x07E0, 0x07E0,
    0x07E0, 0x07E0, 0x07E0, 0x07E0, 0x07E0, 0x07E0, 0x07E0, 0x07E0, 0x07E0, 0x07E0, 0x07E0, 0x07E0,
    0x07E0, 0x07E0, 0x07E0, 0x07E0, 0x07E0, 0x07E0, 0x07E0, 0x07E0, 0x07E0, 0x07E0, 0x07E0, 0x07E0,
    0x07E0, 0x07E0, 0x07E0, 0x07E0, 0x07E0, 0x07E0, 0x07E0, 0x07E0, 0x07E0, 0x07E0, 0x07E0, 0x07E0,
    0x07E0, 0x07E0, 0x07E0, 0x07E0, 0x07E0, 0x07E0, 0x07E0, 0x07E0, 0x07E0, 0x07E0, 0x07E0, 0x07E0,
    0x07E0, 0x07E0, 0x07E0, 0x07E0, 0x07E0, 0x07E0, 0x07E0, 0x07E0, 0x07E0, 0x07E0, 0x07E0, 0x07E0,
    0x07E0, 0x07E0, 0x07E0, 0x07E0, 0x07E0, 0x07E0, 0x07E0, 0x07E0, 0x07E0, 0x07E0, 0x07E0, 0x07E0,
    0x07E0, 0x07E0, 0x07E0, 0x07E0, 0x07E0, 0x07E0, 0x07E0, 0x07E0, 0x07E0, 0x07E0, 0x07E0, 0x07E0,
    0x07E0, 0x07E0, 0x07E0, 0x07E0, 0x07E0, 0x07E0, 0x07E0, 0x07E0, 0x07E0, 0x07E0, 0x07E0, 0x07E0,
    0x07E0, 0x07E0, 0x07E0, 0x07E0, 0x07E0, 0x07E0, 0x07E0, 0x07E0, 0x07E0, 0x07E0, 0x07E0, 0x07E0,
    0x07E0, 0x07E0, 0x07E0, 0x07E0, 0x07E0, 0x07E0, 0x07E0, 0x07E0, 0x07E0, 0x07E0, 0x07E0, 0x07E0,
    0x07E0, 0x07E0, 0x07E0, 0x07E0, 0x07E0, 0x07E0, 0x07E0, 0x07E0, 0x07E0, 0x07E0, 0x07E0, 0x07E0,
    0x07E0, 0x07E0, 0x07E0, 0x07E0, 0x07E0, 0x07E0, 0x07E0, 0x07E0, 0x07E0, 0x07E0, 0x07E0, 0x07E0,
    0x07E0, 0x07E0, 0x07E0, 0x07E0, 0x07E0, 0x07E0, 0x07E0, 0x07E0, 0x07E0, 0x07E0, 0x07E0, 0x07E0,
    0x07E0, 0x07E0, 0x07E0, 0x07E0, 0x07E0, 0x07E0, 0x07E0, 0x07E0, 0x07E0, 0x07E0, 0x07E0, 0x07E0,
    0x07E0, 0x07E0, 0x07E0, 0x07E0, 0x07E0, 0x07E0, 0x07E0, 0x07E0, 0x07E0, 0x07E0, 0x07E0, 0x07E0,
    0x07E0, 0x07E0, 0x07E0, 0x07E0, 0x07E0, 0x07E0, 0x07E0, 0x07E0, 0x07E0, 0x07E0, 0x07E0, 0x07E0,
    0x07E0, 0x07E0, 0x07E0, 0x07E0, 0x07E0, 0x07E0, 0x07E0, 0x07E0, 0x07E0, 0x07E0, 0x07E0, 0x07E0,
    0x07E0, 0x07E0, 0x07E0, 0x07E0, 0x07E0, 0x07E0, 0x07E0, 0x07E0, 0x07E0, 0x07E0, 0x07E0, 0x07E0,
    0x07E0, 0x07E0, 0x07E0, 0x07E0, 0x07E0, 0x07E0, 0x07E0, 0x07E0, 0x07E0, 0x07E0, 0x07E0, 0x07E0,
    0x07E0, 0x07E0, 0x07E0, 0x07E0, 0x07E0, 0x07E0, 0x07E0, 0x07E0, 0x07E0, 0x07E0, 0x07E0, 0x07E0,
    0x07E0, 0x07E0, 0x07E0, 0x07E0, 0x07E0, 0x07E0, 0x07E0, 0x07E0, 0x07E0, 0x07E0, 0x07E0, 0x07E0,
    0x07E0, 0x07E0, 0x07E0, 0x07E0, 0x07E0, 0x07E0, 0x07E0, 0x07E0, 0x07E0, 0x07E0, 0x07E0, 0x07E0,
    0x07E0, 0x07E0, 0x07E0, 0x07E0, 0x07E0, 0x07E0, 0x07E0, 0x07E0, 0x07E0, 0x07E0, 0x07E0, 0x07E0,
    0x07E0, 0x07E0, 0x07E0, 0x07E0, 0x07E0, 0x07E0, 0x07E0, 0x07E0, 0x07E0, 0x07E0, 0x07E0, 0x07E0,
    0x07E0, 0x07E0, 0x07E0, 0x07E0, 0x07E0, 0x07E0, 0x07E0, 0x07E0, 0x07E0, 0x07E0, 0x07E0, 0x07E0,
    0x07E0, 0x07E0, 0x07E0, 0x07E0, 0x07E0, 0x07E0, 0x07E0, 0x07E0, 0x07E0, 0x07E0, 0x07E0, 0x07E0,
    0x07E0, 0x07E0, 0x07E0, 0x07E0, 0x07E0, 0x07E0, 0x07E0, 0x07E0, 0x07E0, 0x07E0, 0x07E0, 0x07E0,
    0x07E0, 0x07E0, 0x07E0, 0x07E0, 0x07E0, 0x07E0, 0x07E0, 0x07E0, 0x07E0, 0x07E0, 0x07E0, 0x07E0,
    0x07E0, 0x07E0, 0x07E0, 0x07E0, 0x07E0, 0x07E0, 0x07E0, 0x07E0, 0x07E0, 0x07E0, 0x07E0, 0x07E0,
    0x07E0, 0x07E0, 0x07E0, 0x07E0, 0x07E0, 0x07E0, 0x07E0, 0x07E0, 0x07E0, 0x07E0, 0x07E0, 0x07E0,
    0x07E0, 0x07E0, 0x07E0, 0x07E0, 0x07E0, 0x07E0, 0x07E0, 0x07E0, 0x07E0, 0x07E0, 0x07E0, 0x07E0,
    0x07E0, 0x07E0, 0x07E0, 0x07E0, 0x07E0, 0x07E0, 0x07E0, 0x07E0, 0x07E0, 0x07E0, 0x07E0, 0x07E0,
    0x07E0, 0x07E0, 0x07E0, 0x07E0, 0x07E0, 0x07E0, 0x07E0, 0x07E0, 0x07E0, 0x07E0, 0x07E0, 0x07E0,
    0x07E0, 0x07E0, 0x07E0, 0x07E0, 0x07E0, 0x07E0, 0x07E0, 0x07E0, 0x07E0, 0x07E0, 0x07E0, 0x07E0,
    0x07E0, 0x07E0, 0x07E0, 0x07E0, 0x07E0, 0x07E0, 0x07E0, 0x07E0, 0x07E0, 0x07E0, 0x07E0, 0x07E0,
    0x07E0, 0x07E0, 0x07E0, 0x07E0, 0x07E0, 0x07E0, 0x07E0, 0x07E0, 0x07E0, 0x07E0, 0x07E0, 0x07E0,
    0x07E0, 0x07E0, 0x07E0, 0x07E0, 0x07E0, 0x07E0, 0x07E0, 0x07E0, 0x07E0, 0x07E0, 0x07E0, 0x07E0,
    0x07E0, 0x07E0, 0x07E0, 0x07E0, 0x07E0, 0x07E0, 0x07E0, 0x07E0, 0x07E0, 0x07E0, 0x07E0, 0x07E0,
    0x07E0, 0x07E0, 0x07E0, 0x07E0, 0x07E0, 0x07E0, 0x07E0, 0x07E0, 0x07E0, 0x07E0, 0x07E0, 0x07E0,
    0x07E0, 0x07E0, 0x07E0, 0x07E0, 0x07E0, 0x07E0, 0x07E0, 0x07E0, 0x07E0, 0x07E0, 0x07E0, 0x07E0,
    0x07E0, 0x07E0, 0x07E0, 0x07E0, 0x07E0, 0x07E0, 0x07E0, 0x07E0, 0x07E0, 0x07E0, 0x07E0, 0x07E0,
    0x07E0, 0x07E0, 0x07E0, 0x07E0, 0x07E0, 0x07E0, 0x07E0, 0x07E0, 0x07E0, 0x07E0, 0x07E0, 0x07E0,
    0x07E0, 0x07E0, 0x07E0, 0x07E0, 0x07E0, 0x07E0, 0x07E0, 0x07E0, 0x07E0, 0x07E0, 0x07E0, 0x07E0,
    0x07E0, 0x07E0, 0x07E0, 0x07E0, 0x07E0, 0x07E0, 0x3165, 0x07E0, 0x07E0, 0x07E0, 0x07E0, 0x07E0,
    0x07E0, 0x07E0, 0x07E0, 0x07E0, 0x07E0, 0x07E0, 0x07E0, 0x07E0, 0x07E0, 0x07E0, 0x07E0, 0x07E0,
    0x07E0, 0x07E0, 0x07E0, 0x07E0, 0x07E0, 0x07E0, 0x07E0, 0x07E0, 0x07E0, 0x07E0, 0x07E0, 0x07E0,
    0x07E0, 0x07E0, 0x07E0, 0x07E0, 0x07E0, 0x07E0, 0x07E0, 0x07E0, 0x07E0, 0x07E0, 0x07E0, 0x07E0,
    0x07E0, 0x07E0, 0x07E0, 0x07E0, 0x07E0, 0x07E0, 0x07E0, 0x07E0, 0x07E0, 0x07E0, 0x07E0, 0x07E0,
    0x07E0, 0x07E0, 0x07E0, 0x07E0, 0x07E0, 0x07E0, 0x07E0, 0x07E0, 0x07E0, 0x3165, 0x39E7, 0x3165,
    0x07E0, 0x07E0, 0x07E0, 0x07E0, 0x07E0, 0x07E0, 0x07E0, 0x07E0, 0x07E0, 0x07E0, 0x07E0, 0x07E0,
    0x07E0, 0x07E0, 0x07E0, 0x07E0, 0x07E0, 0x07E0, 0x07E0, 0x07E0, 0x07E0, 0x07E0, 0x07E0, 0x07E0,
    0x07E0, 0x07E0, 0x07E0, 0x07E0, 0x07E0, 0x07E0, 0x07E0, 0x07E0, 0x07E0, 0x07E0, 0x07E0, 0x07E0,
    0x07E0, 0x07E0, 0x07E0, 0x07E0, 0x07E0, 0x07E0, 0x07E0, 0x07E0, 0x07E0, 0x07E0, 0x07E0, 0x07E0,
    0x07E0, 0x07E0, 0x07E0, 0x07E0, 0x07E0, 0x07E0, 0x07E0, 0x07E0, 0x07E0, 0x07E0, 0x07E0, 0x3165,
    0x3165, 0x39E7, 0x39E7, 0x07E0, 0x07E0, 0x07E0, 0x07E0, 0x07E0, 0x07E0, 0x07E0, 0x07E0, 0x3165,
    0x3165, 0x07E0, 0x07E0, 0x07E0, 0x07E0, 0x07E0, 0x07E0, 0x07E0, 0x07E0, 0x07E0, 0x07E0, 0x07E0,
    0x07E0, 0x07E0, 0x07E0, 0x07E0, 0x07E0, 0x07E0, 0x07E0, 0x07E0, 0x07E0, 0x07E0, 0x07E0, 0x07E0,
    0x07E0, 0x07E0, 0x07E0, 0x07E0, 0x07E0, 0x07E0, 0x07E0, 0x07E0, 0x07E0, 0x07E0, 0x07E0, 0x07E0,
    0x07E0, 0x07E0, 0x07E0, 0x07E0, 0x07E0, 0x07E0, 0x07E0, 0x07E0, 0x07E0, 0x07E0, 0x07E0, 0x07E0,
    0x07E0, 0x07E0, 0x3165, 0x4207, 0x4207, 0x39E7, 0x3165, 0x07E0, 0x07E0, 0x07E0, 0x07E0, 0x07E0,
    0x07E0, 0x07E0, 0x07E0, 0x39E7, 0x4207, 0x3165, 0x07E0, 0x07E0, 0x07E0, 0x07E0, 0x07E0, 0x07E0,
    0x07E0, 0x07E0, 0x07E0, 0x07E0, 0x07E0, 0x07E0, 0x07E0, 0x07E0, 0x07E0, 0x07E0, 0x07E0, 0x07E0,
    0x07E0, 0x07E0, 0x07E0, 0x07E0, 0x07E0, 0x07E0, 0x07E0, 0x07E0, 0x07E0, 0x07E0, 0x07E0, 0x07E0,
    0x07E0, 0x07E0, 0x07E0, 0x07E0, 0x07E0, 0x07E0, 0x07E0, 0x07E0, 0x07E0, 0x07E0, 0x07E0, 0x07E0,
    0x07E0, 0x07E0, 0x07E0, 0x07E0, 0x3165, 0x3165, 0x4207, 0x3165, 0x3165, 0x39E7, 0x3165, 0x07E0,
    0x07E0, 0x07E0, 0x07E0, 0x07E0, 0x07E0, 0x07E0, 0x07E0, 0x3165, 0x4207, 0x3165, 0x3165, 0x3165,
    0x07E0, 0x07E0, 0x07E0, 0x07E0, 0x07E0, 0x07E0, 0x07E0, 0x07E0, 0x07E0, 0x07E0, 0x07E0, 0x07E0,
    0x07E0, 0x07E0, 0x07E0, 0x07E0, 0x07E0, 0x07E0, 0x07E0, 0x07E0, 0x07E0, 0x07E0, 0x07E0, 0x07E0,
    0x07E0, 0x07E0, 0x07E0, 0x07E0, 0x07E0, 0x07E0, 0x07E0, 0x07E0, 0x07E0, 0x07E0, 0x07E0, 0x07E0,
    0x07E0, 0x07E0, 0x07E0, 0x07E0, 0x07E0, 0x07E0, 0x07E0, 0x3165, 0x4207, 0x4207, 0x4207, 0x3165,
    0x3165, 0x39E7, 0x3165, 0x07E0, 0x07E0, 0x07E0, 0x07E0, 0x07E0, 0x07E0, 0x07E0, 0x07E0, 0x3165,
    0x39E7, 0x4207, 0x4207, 0x3165, 0x3165, 0x07E0, 0x07E0, 0x07E0, 0x07E0, 0x07E0, 0x07E0, 0x07E0,
    0x07E0, 0x07E0, 0x07E0, 0x07E0, 0x07E0, 0x07E0, 0x07E0, 0x07E0, 0x07E0, 0x07E0, 0x07E0, 0x07E0,
    0x07E0, 0x07E0, 0x07E0, 0x07E0, 0x07E0, 0x07E0, 0x07E0, 0x07E0, 0x07E0, 0x07E0, 0x07E0, 0x07E0,
    0x07E0, 0x07E0, 0x07E0, 0x07E0, 0x07E0, 0x07E0, 0x07E0, 0x07E0, 0x07E0, 0x07E0, 0x3165, 0x4207,
    0x4207, 0x3165, 0x3165, 0x3165, 0x3165, 0x39E7, 0x3165, 0x07E0, 0x07E0, 0x07E0, 0x07E0, 0x07E0,
    0x07E0, 0x07E0, 0x07E0, 0x3165, 0x39E7, 0x3165, 0x3165, 0x4207, 0x3165, 0x3165, 0x07E0, 0x07E0,
    0x07E0, 0x07E0, 0x07E0, 0x07E0, 0x07E0, 0x07E0, 0x07E0, 0x07E0, 0x07E0, 0x07E0, 0x07E0, 0x07E0,
    0x07E0, 0x07E0, 0x07E0, 0x07E0, 0x07E0, 0x07E0, 0x07E0, 0x07E0, 0x07E0, 0x07E0, 0x07E0, 0x07E0,
    0x07E0, 0x07E0, 0x07E0, 0x07E0, 0x07E0, 0x07E0, 0x07E0, 0x07E0, 0x07E0, 0x07E0, 0x07E0, 0x07E0,
    0x3165, 0x4207, 0x4207, 0x4207, 0x3165, 0x07E0, 0x07E0, 0x07E0, 0x3165, 0x39E7, 0x31A6, 0x07E0,
    0x07E0, 0x07E0, 0x07E0, 0x07E0, 0x07E0, 0x07E0, 0x07E0, 0x3165, 0x39E7, 0x3165, 0x3165, 0x3165,
    0x4207, 0x4207, 0x3165, 0x07E0, 0x07E0, 0x07E0, 0x07E0, 0x07E0, 0x07E0, 0x07E0, 0x07E0, 0x07E0,
    0x07E0, 0x07E0, 0x07E0, 0x07E0, 0x07E0, 0x07E0, 0x07E0, 0x07E0, 0x07E0, 0x07E0, 0x07E0, 0x07E0,
    0x07E0, 0x07E0, 0x07E0, 0x07E0, 0x07E0, 0x07E0, 0x07E0, 0x07E0, 0x07E0, 0x07E0, 0x07E0, 0x07E0,
    0x07E0, 0x07E0, 0x07E0, 0x3165, 0x3165, 0x3165, 0x3165, 0x3165, 0x07E0, 0x07E0, 0x07E0, 0x07E0,
    0x3165, 0x31A6, 0x31A6, 0x3165, 0x07E0, 0x07E0, 0x07E0, 0x07E0, 0x07E0, 0x07E0, 0x07E0, 0x3165,
    0x39E7, 0x3165, 0x07E0, 0x3165, 0x4207, 0x4207, 0x4207, 0x3165, 0x07E0, 0x07E0, 0x07E0, 0x07E0,
    0x07E0, 0x07E0, 0x07E0, 0x07E0, 0x07E0, 0x07E0, 0x07E0, 0x07E0, 0x07E0, 0x07E0, 0x07E0, 0x07E0,
    0x07E0, 0x07E0, 0x07E0, 0x07E0, 0x07E0, 0x07E0, 0x07E0, 0x07E0, 0x07E0, 0x07E0, 0x07E0, 0x07E0,
    0x07E0, 0x07E0, 0x07E0, 0x07E0, 0x07E0, 0x07E0, 0x07E0, 0x07E0, 0x07E0, 0x07E0, 0x07E0, 0x07E0,
    0x07E0, 0x07E0, 0x07E0, 0x07E0, 0x3165, 0x31A6, 0x31A6, 0x3165, 0x07E0, 0x07E0, 0x07E0, 0x07E0,
    0x07E0, 0x07E0, 0x07E0, 0x31A6, 0x39E7, 0x3165, 0x3165, 0x07E0, 0x07E0, 0x3165, 0x4207, 0x4207,
    0x3165, 0x07E0, 0x07E0, 0x07E0, 0x07E0, 0x07E0, 0x07E0, 0x07E0, 0x07E0, 0x07E0, 0x07E0, 0x07E0,
    0x07E0, 0x07E0, 0x07E0, 0x07E0, 0x07E0, 0x07E0, 0x07E0, 0x07E0, 0x07E0, 0x07E0, 0x07E0, 0x07E0,
    0x07E0, 0x07E0, 0x07E0, 0x07E0, 0x07E0, 0x07E0, 0x07E0, 0x07E0, 0x07E0, 0x07E0, 0x07E0, 0x07E0,
    0x07E0, 0x07E0, 0x07E0, 0x07E0, 0x07E0, 0x07E0, 0x07E0, 0x07E0, 0x07E0, 0x3165, 0x3165, 0x07E0,
    0x07E0, 0x07E0, 0x07E0, 0x07E0, 0x07E0, 0x07E0, 0x3165, 0x31A6, 0x39E7, 0x3165, 0x07E0, 0x07E0,
    0x07E0, 0x07E0, 0x3165, 0x4207, 0x4207, 0x3165, 0x3165, 0x07E0, 0x07E0, 0x07E0, 0x07E0, 0x07E0,
    0x07E0, 0x07E0, 0x07E0, 0x07E0, 0x07E0, 0x07E0, 0x07E0, 0x07E0, 0x07E0, 0x07E0, 0x07E0, 0x07E0,
    0x07E0, 0x07E0, 0x07E0, 0x07E0, 0x07E0, 0x07E0, 0x07E0, 0x07E0, 0x07E0, 0x07E0, 0x07E0, 0x07E0,
    0x07E0, 0x07E0, 0x07E0, 0x07E0, 0x07E0, 0x07E0, 0x07E0, 0x07E0, 0x07E0, 0x07E0, 0x07E0, 0x07E0,
    0x07E0, 0x07E0, 0x07E0, 0x07E0, 0x07E0, 0x07E0, 0x07E0, 0x07E0, 0x07E0, 0x07E0, 0x3165, 0x31A6,
    0x39E7, 0x3165, 0x07E0, 0x07E0, 0x07E0, 0x07E0, 0x07E0, 0x07E0, 0x3165, 0x07E0, 0x3165, 0x07E0,
    0x07E0, 0x07E0, 0x07E0, 0x07E0, 0x07E0, 0x07E0, 0x07E0, 0x07E0, 0x07E0, 0x07E0, 0x07E0, 0x07E0,
    0x07E0, 0x07E0, 0x07E0, 0x07E0, 0x07E0, 0x07E0, 0x07E0, 0x07E0, 0x07E0, 0x07E0, 0x07E0, 0x07E0,
    0x07E0, 0x07E0, 0x07E0, 0x07E0, 0x07E0, 0x07E0, 0x07E0, 0x07E0, 0x07E0, 0x07E0, 0x07E0, 0x07E0,
    0x07E0, 0x07E0, 0x07E0, 0x07E0, 0x07E0, 0x07E0, 0x07E0, 0x07E0, 0x07E0, 0x07E0, 0x07E0, 0x07E0,
    0x07E0, 0x07E0, 0x07E0, 0x3165, 0x3165, 0x3165, 0x07E0, 0x07E0, 0x07E0, 0x07E0, 0x07E0, 0x07E0,
    0x07E0, 0x07E0, 0x07E0, 0x07E0, 0x07E0, 0x07E0, 0x07E0, 0x07E0, 0x07E0, 0x07E0, 0x07E0, 0x07E0,
    0x07E0, 0x07E0, 0x07E0, 0x07E0, 0x07E0, 0x07E0, 0x07E0, 0x07E0, 0x07E0, 0x07E0, 0x07E0, 0x07E0,
    0x07E0, 0x07E0, 0x07E0, 0x07E0, 0x07E0, 0x07E0, 0x07E0, 0x07E0, 0x07E0, 0x07E0, 0x07E0, 0x07E0,
    0x07E0, 0x07E0, 0x07E0, 0x07E0, 0x07E0, 0x07E0, 0x07E0, 0x07E0, 0x07E0, 0x07E0, 0x07E0, 0x07E0,
    0x07E0, 0x07E0, 0x07E0, 0x07E0, 0x07E0, 0x07E0, 0x07E0, 0x07E0, 0x07E0, 0x07E0, 0x07E0, 0x07E0,
    0x07E0, 0x07E0, 0x07E0, 0x07E0, 0x07E0, 0x07E0, 0x07E0, 0x07E0, 0x07E0, 0x07E0, 0x07E0, 0x07E0,
    0x07E0, 0x07E0, 0x07E0, 0x07E0, 0x07E0, 0x07E0, 0x07E0, 0x07E0, 0x07E0, 0x07E0, 0x07E0, 0x07E0,
    0x07E0, 0x07E0, 0x07E0, 0x07E0, 0x07E0, 0x07E0, 0x07E0, 0x07E0, 0x07E0, 0x07E0, 0x07E0, 0x07E0,
    0x07E0, 0x07E0, 0x07E0, 0x07E0, 0x07E0, 0x07E0, 0x07E0, 0x07E0, 0x07E0, 0x07E0, 0x07E0, 0x07E0,
    0x07E0, 0x07E0, 0x07E0, 0x07E0, 0x07E0, 0x07E0, 0x07E0, 0x07E0, 0x07E0, 0x07E0, 0x07E0, 0x07E0,
    0x07E0, 0x07E0, 0x07E0, 0x07E0, 0x07E0, 0x07E0, 0x07E0, 0x07E0, 0x07E0, 0x07E0, 0x07E0, 0x07E0,
    0x07E0, 0x07E0, 0x07E0, 0x07E0, 0x07E0, 0x07E0, 0x07E0, 0x07E0, 0x07E0, 0x07E0, 0x07E0, 0x07E0,
    0x07E0, 0x07E0, 0x07E0, 0x07E0, 0x07E0, 0x07E0, 0x07E0, 0x07E0, 0x07E0, 0x07E0, 0x07E0, 0x07E0,
    0x07E0, 0x07E0, 0x07E0, 0x07E0,
};

#define BROKEN_COFFIN_FRAMES_COUNT 8
static const uint16_t * const broken_coffin_frames[] = {
    broken_coffin_frame_1,
    broken_coffin_frame_2,
    broken_coffin_frame_3,
    broken_coffin_frame_4,
    broken_coffin_frame_5,
    broken_coffin_frame_6,
    broken_coffin_frame_7,
    broken_coffin_frame_8,
};
static const uint32_t broken_coffin_frames_duration_ms[] = { 100, 100, 100, 100, 100, 100, 100, 100 };
static const uint32_t broken_coffin_frames_source_frames[] = { 1, 2, 3, 4, 5, 6, 7, 8 };

#endif /* BROKEN_COFFIN_RGB565_H */
